Symbol,Company,Bonus (%),Cash (%),Total (%),Announcement Date,Book Closure Date,Distribution Date,Bonus Listing Date,Fiscal Year
RKDHL,R.K.D Holdings Limited,,5.00,5.00,2026-06-19,,,,2081/2082
UAIL,United Ajod Insurance Limited,4.2857,0.2256,4.5113,2026-06-19,2026-07-03 [Closed],,,2081/2082
MANDU,Mandu Hydropower Limited,10.00,0.5263,10.5263,2026-06-02,2026-08-21 [Closed],,,2081/2082
ANLB,Aatmanirbhar Laghubitta Bittiya Sanstha Limited,14.25,0.75,15.00,2026-03-26,2026-04-09 [Closed],,,2081/2082
CIGL,Chandragiri Investment Group Limited,,4.00,4.00,2026-03-22,,,,2081/2082
PHLTD,Professional Holdings Limited,2.6316,50.00,52.6316,2026-03-19,,,,2081/2082
UNIGLOBE,Uniglobe Higher Secondary School Kathmandu Limited,0.2632,5.00,5.2632,2026-03-19,,,,2081/2082
SGIC,Sanima GIC Insurance Limited,5.00,0.2632,5.2632,2026-03-15,2026-05-06 [Closed],,2026-08-20,2081/2082
PRIN,Prabhu Insurance Company Limited,8.7,0.4579,9.1579,2026-03-03,2026-04-09 [Closed],,2026-08-27,2081/2082
UMHL,United Modi Hydropower Limited,7.00,0.3684,7.3684,2026-02-22,2026-04-17 [Closed],,,2081/2082
STC,Salt Trading Corporation Limited,9.5,0.5,10.00,2026-02-12,2026-05-27 [Closed],,2026-08-19,2081/2082
SMH,Supermai Hydropower  Limited,20.00,1.11,21.11,2026-02-04,2026-02-25 [Closed],,2026-06-29,2081/2082
SUMERU,Sumeru Polymers Limited,9.00,0.0237,9.0237,2026-01-30,2026-02-05 [Closed],,,2081/2082
HIGHLAND,Highland Distillery Limited,25.00,1.3158,25.3158,2026-01-21,,,,2081/2082
NIL,Neco Insurance Limited,3.00,12.7894,13.7894,2026-01-16,2026-02-08 [Closed],,2026-06-29,2081/2082
ALICL,Asian Life Insurance Company Limited,5.00,5.5263,10.5263,2026-01-14,2026-02-12 [Closed],,2026-06-24,2081/2082
HEI,Himalayan Everest Insurance Limited,0.00,8.00,8.00,2025-12-28,2026-01-05 [Closed],,,2081/2082
CHCL,Chilime Hydro power Company Limited,8.00,4.00,12.00,2025-12-24,2026-01-01 [Closed],,2026-08-27,2081/2082
NTC,Nepal Doorsanchar Company Limited,0.00,30.00,30.00,2025-12-24,2026-01-04 [Closed],,,2081/2082
API,Api Power Company Limited,5.00,0.2632,5.2632,2025-12-23,2026-01-02 [Closed],,2026-03-01,2081/2082
NLG,NLG Insurance Company Limited,4.00,3.3684,7.3684,2025-12-23,2026-01-06 [Closed],,2026-03-30,2081/2082
BHDC,Bindhyabasini Hydropower Development Company Limited,5.00,0.2632,5.2632,2025-12-23,2026-01-06 [Closed],,2026-03-30,2081/2082
UHEWA,Upper Hewakhola Hydropower Company Limited,15.00,0.789,15.789,2025-12-23,2026-01-01 [Closed],,2026-03-26,2081/2082
MERO,Mero Microfinance Laghubitta Bittiya Sanstha Limited,4.75,0.25,5.00,2025-12-23,2026-01-02 [Closed],,2026-03-25,2081/2082
NHAEL,Nepal Hydro and Electric Limited,10.00,0.53,10.53,2025-12-23,,,,2081/2082
CIT,Citizen Investment Trust,5.00,8.00,13.00,2025-12-22,2026-01-05 [Closed],,2026-05-06,2081/2082
KPCL,Kalika Power Company Limited,7.00,0.3684,7.3684,2025-12-22,2026-01-02 [Closed],,,2081/2082
CYCL,CYC Nepal Laghubitta Bittiya Sanstha Limited,12.76,0.67,13.43,2025-12-21,,,,2081/2082
SJLIC,SuryaJyoti Life Insurance Company Limited,0.00,13.00,13.00,2025-12-21,2026-01-02 [Closed],,,2081/2082
RNLI,Reliable Nepal Life Insurance Limited,0.00,12.00,12.00,2025-12-21,2026-01-05 [Closed],,,2081/2082
SPDL,Synergy Power Development Limited,10.00,0.5263,10.5263,2025-12-21,2025-12-29 [Closed],,,2081/2082
MLBBL,Mithila Laghubitta Bittiya Sanstha Limited,14.25,0.75,15.00,2025-12-21,2025-12-31 [Closed],,2026-04-20,2081/2082
MSLB,Mahuli Laghubitta Bittiya Sanstha Limited,4.75,0.25,5.00,2025-12-21,2026-01-01 [Closed],,2026-03-31,2081/2082
SLBBL,Swarojgar Laghubitta Bittiya Sanstha Limited,14.25,0.75,15.00,2025-12-21,2026-01-02 [Closed],,2026-03-13,2081/2082
GILB,Global IME Laghubitta Bittiya Sanstha Limited,4.75,0.25,5.00,2025-12-21,2026-01-02 [Closed],,2026-04-22,2081/2082
KMCDB,Kalika Laghubitta Bittiya Sanstha Limited,10.00,0.5263,10.5263,2025-12-21,2026-01-05 [Closed],,2026-04-10,2081/2082
LICN,Life Insurance Corporation Nepal Limited,0.00,21.05,21.05,2025-12-21,2026-01-01 [Closed],,,2081/2082
SMB,Support Laghubitta Bittiya Sanstha Limited,9.5,0.5,10.00,2025-12-21,2025-12-31 [Closed],,2026-05-06,2081/2082
BPCL,Butwal Power Company Limited,0.00,6.00,6.00,2025-12-19,2025-12-30 [Closed],,,2081/2082
PCBL,Prime Commercial Bank Limited,8.00,0.421,8.421,2025-12-19,2026-01-05 [Closed],,2026-03-31,2081/2082
SALICO,Sagarmatha Lumbini Insurance Company Limited,0.00,15.00,15.00,2025-12-19,2026-01-04 [Closed],,,2081/2082
BFIINL,Banking Finance and Insurance Institute of Nepal Limited,0.00,14.7368,14.7368,2025-12-19,,,,2081/2082
CDS,CDS & Clearing Limited,0.00,100.00,100.00,2025-12-19,,,,2081/2082
RURU,Ru Ru Jalbidhyut Pariyojana Limited,10.00,5.789,15.789,2025-12-19,2025-12-28 [Closed],,2026-04-09,2081/2082
NLICL,National Life Insurance Company Limited,4.00,8.5,12.5,2025-12-18,2026-01-01 [Closed],,2026-03-22,2081/2082
SNLI,Sun Nepal Life Insurance Company Limited,5.00,15.2632,20.2632,2025-12-18,2025-12-29 [Closed],,2026-03-13,2081/2082
NUBL,Nirdhan Utthan Laghubitta Bittiya Sanstha Limited,5.00,7.00,12.00,2025-12-18,2026-01-01 [Closed],,2026-03-25,2081/2082
NICL,Nepal Insurance Company Limited,0.00,6.3158,6.3158,2025-12-18,2025-12-29 [Closed],,,2081/2082
PMLI,Prabhu Mahalaxmi Life Insurance Company Limited,4.00,4.421,8.421,2025-12-18,2026-01-05 [Closed],,2026-03-30,2081/2082
NMFBS,National Laghubitta Bittiya Sanstha Limited,14.25,0.75,15.00,2025-12-17,2026-01-06 [Closed],,2026-03-25,2081/2082
SICL,Shikhar Insurance Company Limited,6.00,0.3158,6.3158,2025-12-17,2025-12-29 [Closed],,2026-04-10,2081/2082
CBBL,Chhimek Laghubitta Bittiya Sanstha Limited,12.5,12.5,25.00,2025-12-16,2025-12-31 [Closed],,2026-03-13,2081/2082
CGH,Chandragiri Hills Limited,5.00,0.2632,5.2632,2025-12-16,2025-12-26 [Closed],,2026-03-26,2081/2082
SRLI,Sanima Reliance Life Insurance Limited,0.00,10.178,10.178,2025-12-16,2025-12-26 [Closed],,,2081/2082
ENL,Emerging Nepal Limited,0.00,5.2632,5.2632,2025-12-15,2026-01-01 [Closed],,,2081/2082
UMRH,United Idi-Mardi and R.B. Hydropower Limited,5.00,0.26,5.26,2025-12-15,2026-01-02 [Closed],,2026-03-16,2081/2082
JBLB,Jeevan Bikas Laghubitta Bittiya Sanstha Limited,14.00,0.7368,14.7368,2025-12-14,2026-01-05 [Closed],,2026-03-20,2081/2082
SMATA,Samata Gharelu Laghubitta Bittiya Sanstha Limited,5.00,0.2632,5.2632,2025-12-14,2026-01-02 [Closed],,2026-03-31,2081/2082
HIDCL,Hydroelectricity Investment and Development Company Limited,1.5,2.00,3.5,2025-12-14,2025-12-23 [Closed],,2026-03-17,2081/2082
ILI,IME Life Insurance Company Limited,0.00,10.5263,10.5263,2025-12-12,2025-12-26 [Closed],,,2081/2082
KBSH,Kutheli Bukhari Small Hydropower Limited,10.00,0.5236,10.5236,2025-12-12,2025-12-29 [Closed],,2026-07-02,2081/2082
SPIL,Siddhartha Premier Insurance Limited,0.00,25.00,25.00,2025-12-12,2026-01-02 [Closed],,,2081/2082
NLIC,Nepal Life Insurance Company Limited,5.00,16.05,21.05,2025-12-11,2025-12-22 [Closed],,2026-08-04,2081/2082
IGI,IGI Prudential Insurance Limited,0.00,5.00,5.00,2025-12-11,2025-12-31 [Closed],,,2081/2082
FMDBL,First Microfinance Laghubitta Bittiya Sanstha Limited,0.00,6.5,6.5,2025-12-11,2026-01-01 [Closed],,,2081/2082
DDBL,Deprosc Laghubitta Bittiya Sanstha Limited,10.00,5.00,15.00,2025-12-11,2025-12-31 [Closed],,2026-03-20,2081/2082
SEEL,Seed Energy Limited,0.00,3.1579,3.1579,2025-12-11,,,,2081/2082
CLI,Citizen Life Insurance Company Limited,0.00,20.00,20.00,2025-12-10,2025-12-23 [Closed],,,2081/2082
TRH,Taragaon Regency Hotel Limited,0.00,5.00,5.00,2025-12-09,2025-12-22 [Closed],,,2081/2082
NABIL,Nabil Bank Limited,0.00,12.5,12.5,2025-12-07,2025-12-31 [Closed],,,2081/2082
BIGIL,Business Interest Group of Industries Limited,6.00,0.316,6.316,2025-12-01,,,,2081/2082
GCIL,Ghorahi Cement Industry Limited,10.00,0.5263,10.5263,2025-11-30,2025-12-12 [Closed],,2026-03-03,2081/2082
ALBSL,Asha Laghubitta Bittiya Sanstha Limited,9.5,0.5,10.00,2025-11-28,2025-12-08 [Closed],,2026-02-17,2081/2082
HLBSL,Himalayan Laghubitta Bittiya Sanstha Limited (Former Civil Laghubitta),6.65,0.35,7.00,2025-11-28,2026-01-02 [Closed],,2026-03-03,2081/2082
KDL,Kalinchowk Darshan Limited,5.00,0.2632,5.2632,2025-11-27,2025-12-16 [Closed],,2026-03-22,2081/2082
GRDBL,Green Development Bank Limited,8.0396,0.4231,8.4627,2025-11-27,2026-01-01 [Closed],,2026-04-22,2081/2082
NCHL,Nepal Clearing House Limited,15.00,0.789,15.789,2025-11-27,,,,2081/2082
SBI,Nepal SBI Bank Limited,4.00,5.00,9.00,2025-11-25,2025-12-19 [Closed],,2026-03-22,2081/2082
SIFC,Shree Investment Finance Company Limited,0.00,6.4,6.4,2025-11-25,2026-01-02 [Closed],,,2081/2082
NMB,NMB Bank Limited,5.00,5.00,10.00,2025-11-23,2025-12-24 [Closed],,2026-06-29,2081/2082
SMHL,Super Madi Hydropower Limited,5.00,0.2632,5.2632,2025-11-21,2025-12-03 [Closed],,2026-02-04,2081/2082
SWBBL,Swabalamban Laghubitta Bittiya Sanstha Limited,5.6365,4.3635,10.00,2025-11-20,2025-12-28 [Closed],,2026-03-13,2081/2082
BARUN,Barun Hydropower Company Limited,4.75,0.25,5.00,2025-11-20,2025-11-30 [Closed],,2026-02-27,2081/2082
NGPL,Ngadi Group Power Limited,4.75,0.25,5.00,2025-11-19,2025-11-30 [Closed],,2026-03-17,2081/2082
SARBTM,Sarbottam Cement Limited,5.00,15.00,20.00,2025-11-19,2025-11-28 [Closed],,2026-03-13,2081/2082
SHIVM,Shivam Cements Limited,2.5,10.00,12.5,2025-11-17,2025-11-27 [Closed],,2026-02-17,2081/2082
LSL,Laxmi Sunrise Bank Limited,10.00,0.53,10.53,2025-11-17,2025-12-16 [Closed],,2026-03-20,2081/2082
NHDL,Nepal Hydro Developer Limited,9.00,0.47,9.47,2025-11-16,2025-12-22 [Closed],,2026-07-02,2081/2082
SADBL,Shangrila Development Bank Limited,5.00,5.3583,10.3583,2025-11-16,2025-12-09 [Closed],,2026-03-31,2081/2082
NRN,NRN Infrastructure and Development Limited,40.00,2.105,42.105,2025-11-12,2025-11-27 [Closed],,2026-03-16,2081/2082
SKBBL,Sana Kisan Bikas Laghubitta Bittiya Sanstha Limited,14.25,0.75,15.00,2025-11-12,2025-12-24 [Closed],,2026-03-22,2081/2082
SAHAS,Sahas Urja Limited,21.00,1.1053,22.1053,2025-11-11,2025-11-21 [Closed],,2026-02-09,2081/2082
SHINE,Shine Resunga Development Bank Limited,3.00,10.00,13.00,2025-11-09,2025-11-28 [Closed],,2026-03-16,2081/2082
ICFC,ICFC Finance Limited,0.00,15.7895,15.7895,2025-11-09,2025-12-05 [Closed],,,2081/2082
MEN,Mountain Energy Nepal Limited,20.00,1.0526,21.0526,2025-11-07,2025-12-03 [Closed],,2026-03-22,2081/2082
ADBL,Agricultural Development Bank Limited,3.25,9.75,13.00,2025-11-06,2025-11-30 [Closed],,2026-02-17,2081/2082
SHEL,Singati Hydro Energy Limited,5.00,0.00,5.00,2025-11-05,2025-12-22 [Closed],,2026-03-25,2081/2082
MLBL,Mahalaxmi Bikas Bank Limited,5.00,5.37,10.37,2025-11-03,2025-12-22 [Closed],,2026-03-31,2081/2082
KBC,Kosh Bewasthapan Company Limited,0.00,10.5263,10.5263,2025-11-02,,,,2081/2082
SHL,Soaltee Hotel Limited,15.00,16.5789,31.5789,2025-10-29,2025-11-21 [Closed],,2026-03-01,2081/2082
ICRA,ICRA Nepal Limited,0.00,47.3114,47.3114,2025-10-28,,,,2081/2082
FONEPAY,Fonepay Payment Service Limited,0.00,19.00,19.00,2025-10-26,,,,2081/2082
HDL,Himalayan Distillery Limited,20.00,5.00,25.00,2025-10-17,2025-11-06 [Closed],,2026-01-01,2081/2082
SCB,Standard Chartered Bank Nepal Limited,0.00,19.00,19.00,2025-10-17,2025-12-02 [Closed],,,2081/2082
MDB,Miteri Development Bank Limited,0.00,10.00,10.00,2025-10-16,2025-11-09 [Closed],,,2081/2082
PLO,Purwanchal Lube Oil Limited,0.00,10.526,10.526,2025-10-16,,,,2081/2082
GBBL,Garima Bikas Bank Limited,6.00,4.53,10.53,2025-10-14,2025-11-04 [Closed],,2026-02-04,2081/2082
GBIME,Global IME Bank Limited,0.00,8.00,8.00,2025-10-12,2025-11-02 [Closed],,,2081/2082
MKCL,Muktinath Krishi Company Limited,8.00,0.42,8.42,2025-10-12,2025-10-31 [Closed],,2025-12-29,2081/2082
CEL,Century Energy Limited,25.00,10.00,35.00,2025-10-09,,,,2081/2082
SBL,Siddhartha Bank Limited,5.00,5.53,10.53,2025-10-08,2025-11-03 [Closed],,2026-03-22,2081/2082
RSDC,RSDC Laghubitta Bittiya Sanstha Limited,0.00,8.00,8.00,2025-09-28,2025-11-11 [Closed],,,2081/2082
BGWT,Bhagawati Hydropower Development Company Limited,14.00,6.00,20.00,2025-09-28,2025-10-07 [Closed],,2026-03-01,2081/2082
CZBIL,Citizens Bank International Limited,5.00,0.263,5.263,2025-09-26,2025-11-03 [Closed],,2026-02-25,2081/2082
RBBMBL,RBB Merchant Banking Limited,0.00,20.00,20.00,2025-09-26,,,,2081/2082
GLBSL,Gurans Laghubitta Bittiya Sanstha Limited,14.25,0.75,15.00,2025-09-25,2025-10-31 [Closed],,2026-02-24,2081/2082
SNCL,Sunlife Capital Limited,0.00,9.00,9.00,2025-09-25,,,,2081/2082
NFML,National Fund Management Limited,4.00,0.2105,4.2105,2025-09-25,2025-10-05 [Closed],,,2081/2082
SANCAP,Sanima Capital Limited,0.00,12.00,12.00,2025-09-25,,,,2081/2082
SHLTD,Shivam Holdings Limited,0.00,2.5,2.5,2025-09-24,,,,2081/2082
UNL,Unilever Nepal Limited,0.00,"1,842.00","1,842.00",2025-09-23,2025-10-28 [Closed],,,2081/2082
MFIL,Manjushree Finance Limited,0.00,15.00,15.00,2025-09-23,2025-10-08 [Closed],,,2081/2082
TIME,Time Pharmaceuticals Limited,14.5479,0.00,14.5479,2025-09-23,,,,2081/2082
NSMBL,Nepal SBI Merchant Banking Limited,0.00,25.00,25.00,2025-09-23,,,,2081/2082
SANIMA,Sanima Bank Limited,0.00,7.3685,7.3685,2025-09-21,2025-10-13 [Closed],,,2081/2082
MNBBL,Muktinath Bikas Bank Limited,13.53,4.67,18.2,2025-09-18,2025-10-17 [Closed],,2025-12-22,2081/2082
AHPC,Arun Valley Hydropower Development Company Limited,5.00,0.263,5.263,2025-09-18,2026-01-02 [Closed],,2026-03-31,2081/2082
NLO,Nepal Lube Oil Limited,20.00,1.0526,21.0526,2025-09-18,2025-09-28 [Closed],,,2081/2082
NABILINV,Nabil Investment Banking Limited,25.00,1.3158,,2025-09-18,2025-09-28 [Closed],,,2081/2082
UPCL,Universal Power Company Limited,9.00,0.4737,9.4737,2025-09-15,2025-09-24 [Closed],,2026-03-30,2081/2082
GBIMEL,Global IME Capital Limited,,20.00,20.00,2025-09-07,,,,2081/2082
KSBBL,Kamana Sewa Bikas Bank Limited,10.00,5.7895,15.7895,2025-09-07,2025-09-24 [Closed],,2025-12-12,2081/2082
NIFRA,Nepal Infrastructure Bank Limited,,6.3158,6.3158,2025-09-05,2025-11-28 [Closed],,,2081/2082
JCL,Jyoti Capital Limited,,7.00,7.00,2025-09-05,,,,2081/2082
PRABHU,Prabhu Capital Limited,4.00,8.6316,12.6316,2025-09-05,,,,2081/2082
MuktinathCap,Muktinath Capital Limited,,9.00,9.00,2025-09-05,,,,2081/2082
SIDCL,Siddhartha Capital Limited,,30.00,30.00,2025-09-04,,,,2081/2082
NIBLGF,NIBL Growth Fund,,10.00,10.00,2025-09-04,2025-09-12 [Closed],,,2081/2082
MMF1,Mega Mutual Fund - 1,,11.75,11.75,2025-09-04,2025-09-12 [Closed],,,2081/2082
NIBSF2,NIBL Samriddhi Fund - 2,,7.00,7.00,2025-09-04,2025-09-12 [Closed],,,2081/2082
EBL,Everest Bank Limited,6.00,14.00,20.00,2025-09-04,2025-10-10 [Closed],,2025-12-21,2081/2082
H8020,Himalayan 80-20,,16.16,16.16,2025-08-31,2025-09-12 [Closed],,,2081/2082
NBF2,Nabil Balanced Fund - 2,,13.00,13.00,2025-08-29,2025-09-07 [Closed],,,2081/2082
NBF3,Nabil Balanced Fund III,,13.00,13.00,2025-08-29,2025-09-07 [Closed],,,2081/2082
MBL,Machhapuchchhre Bank Limited,4.00,4.00,8.00,2025-08-29,2025-09-12 [Closed],,2025-12-02,2081/2082
SNORL,Snow Rivers Limited,,4.211,4.211,2025-08-28,2025-09-09 [Closed],,,2081/2082
HHEL,Hilton Hydro Energy Limited,,5.263,5.263,2025-08-28,2025-09-09 [Closed],,,2081/2082
AELTD,Aashutosh Energy Limited,,15.7895,15.7895,2025-08-28,2025-09-09 [Closed],,,2081/2082
MSHL,Mid Solu Hydropower Company Limited,15.00,0.789,15.789,2025-08-28,2025-12-28 [Closed],,2026-05-15,2081/2082
GIBF1,Global IME Balanced Fund-I,,12.00,12.00,2025-08-26,2025-09-12 [Closed],,,2081/2082
VHPL,Venture Hire Purchase Limited,,10.00,10.00,2025-08-21,,,,2081/2082
NMB50,NMB 50,,15.00,15.00,2025-08-19,2025-08-29 [Closed],,,2081/2082
NSIF2,NMB Sulav Investment Fund - II,,15.00,15.00,2025-08-19,2025-08-29 [Closed],,,2081/2082
HATHY,Hathway Investment Nepal Limited,12.00,0.632,12.632,2025-08-19,2025-08-29 [Closed],,2025-12-16,2081/2082
CMF2,Citizens Mutual Fund - 2,,8.25,8.25,2025-08-18,2025-08-29 [Closed],,,2081/2082
C30MF,Citizens Super 30 Mutual Fund,,12.75,12.75,2025-08-18,2025-08-29 [Closed],,,2081/2082
RMF1,RBB Mutual Fund 1,,20.00,20.00,2025-08-15,2025-08-25 [Closed],,,2081/2082
RMF2,RBB Mutual Fund 2,,13.00,13.00,2025-08-15,2025-08-25 [Closed],,,2081/2082
PRSF,Prabhu Smart Fund,,10.00,10.00,2025-08-15,2025-08-31 [Closed],,,2081/2082
PSF,Prabhu Select Fund,,12.00,12.00,2025-08-15,2025-08-31 [Closed],,,2081/2082
SLCF,Sanima Large Cap Fund,,21.05,21.05,2025-08-15,2025-08-22 [Closed],,,2081/2082
SAGF,Sanima Growth Fund,,15.79,15.79,2025-08-15,2025-08-22 [Closed],,,2081/2082
KCL,Kumari Capital Limited,,17.00,17.00,2025-08-15,,,,2081/2082
KEF,Kumari Equity Fund,,11.5,11.5,2025-08-14,2025-08-25 [Closed],,,2081/2082
KDBY,Kumari Dhanabriddhi Yojana,,10.5,10.5,2025-08-14,2025-08-25 [Closed],,,2081/2082
KSY,Kumari Sabal Yojana,,9.00,9.00,2025-08-14,2025-08-25 [Closed],,,2081/2082
SEF,Siddhartha Equity Fund,,20.00,20.00,2025-08-11,2025-08-22 [Closed],,,2081/2082
SIGS2,Siddhartha Investment Growth Scheme-2,,20.00,20.00,2025-08-11,2025-08-22 [Closed],,,2081/2082
SIGS3,Siddhartha Investment Growth Scheme 3,,17.00,17.00,2025-08-11,2025-08-22 [Closed],,,2081/2082
SIKLES,Sikles Hydropower Limited,15.00,0.789,15.789,2025-08-11,2025-12-04 [Closed],,2026-03-13,2081/2082
NIBLSF,NIBL Sahabhagita Fund,,7.00,7.00,2025-08-08,2025-07-21 [Closed],,,2081/2082
NFCF,Nabil Flexi Cap Fund,,9.00,9.00,2025-08-08,2025-08-08 [Closed],,,2081/2082
CBILSL,Citizens Share Broker Limited,,15.79,15.79,2025-08-07,2025-08-19 [Closed],,,2081/2082
MNMF1,Muktinath Mutual Fund 1,,3.8,3.8,2025-08-06,2025-08-15 [Closed],,,2081/2082
LUK,Laxmi Unnati Kosh,,20.00,20.00,2025-08-06,2025-08-19 [Closed],,,2081/2082
SFMF,Sunrise First Mutual Fund,,14.00,14.00,2025-08-06,2025-08-19 [Closed],,,2081/2082
SFEF,Sunrise Focused Equity Fund,,13.5,13.5,2025-08-06,2025-08-19 [Closed],,,2081/2082
NICFC,NIC Asia Flexi Cap Fund,,10.1,10.1,2025-08-03,2025-08-14 [Closed],,,2081/2082
NICBF,NIC ASIA Balanced Fund,,9.9,9.9,2025-08-03,2025-08-14 [Closed],,,2081/2082
NICSF,NIC Asia Select-30,,8.65,8.65,2025-08-03,2025-08-14 [Closed],,,2081/2082
NADDF,NIC Asia Dynamic Debt Fund,,5.55,5.55,2025-08-03,2025-08-03 [Closed],,,2081/2082
GSY,Garima Samriddhi Yojana,,5.1,5.1,2025-08-01,2025-08-12 [Closed],,,2081/2082
NMBSBF,NMB Saral Bachat Fund - E,,4.27,4.27,2025-08-01,2025-07-31 [Closed],,,2081/2082
KSLY,Kumari Sunaulo Lagani Yojana,,8.88,8.88,2025-07-30,2025-07-29 [Closed],,,2081/2082
SLTD,Sanima Limited,,5.754,5.754,2025-07-29,,,,2081/2082
SBCF,Sunrise Bluechip Fund,,19.00,19.00,2025-07-28,2025-08-11 [Closed],,,2081/2082
SLK,Shubha Laxmi Kosh,,16.00,16.00,2025-07-28,2025-07-29 [Closed],,,2081/2082
LVF2,Laxmi Value Fund-II,,15.00,15.00,2025-07-28,2025-08-11 [Closed],,,2081/2082
SSIS,Siddhartha Systematic Investment Scheme,,8.00,8.00,2025-07-28,2025-07-27 [Closed],,,2081/2082
PRIN,Prabhu Insurance Company Limited,18.00,0.9474,18.9474,2025-06-23,2025-07-18 [Closed],,2025-12-16,2080/2081
UAIL,United Ajod Insurance Limited,10.00,0.5263,10.5263,2025-06-19,2025-07-03 [Closed],,2025-08-29,2080/2081
ALICL,Asian Life Insurance Company Limited,5.1,0.2684,5.3684,2025-06-09,2025-07-04 [Closed],,2025-12-16,2080/2081
HLI,Himalayan Life Insurance Limited,,8.00,8.00,2025-05-28,2025-06-11 [Closed],,,2080/2081
LICN,Life Insurance Corporation Nepal Limited,10.00,0.526,10.526,2025-05-15,2025-06-30 [Closed],,2025-10-30,2080/2081
NLICL,National Life Insurance Company Limited,5.00,10.00,15.00,2025-05-14,2025-06-05 [Closed],,2025-08-18,2080/2081
NLG,NLG Insurance Company Limited,2.5,0.1316,2.6316,2025-05-11,2025-06-05 [Closed],,2025-10-30,2080/2081
RNLI,Reliable Nepal Life Insurance Limited,12.00,0.6315,12.6315,2025-05-07,2025-06-09 [Closed],,2025-08-14,2080/2081
HRL,Himalayan Reinsurance Limited,4.5,0.24,4.74,2025-05-06,2025-05-25 [Closed],,2025-08-19,2080/2081
PMLI,Prabhu Mahalaxmi Life Insurance Company Limited,8.00,0.421,8.421,2025-05-02,2025-05-30 [Closed],,2025-07-06,2080/2081
NIL,Neco Insurance Limited,7.00,0.3684,7.3684,2025-04-24,2025-05-13 [Closed],,2025-08-26,2080/2081
SALICO,Sagarmatha Lumbini Insurance Company Limited,0.00,15.00,15.00,2025-04-11,2025-04-30 [Closed],,,2080/2081
NOCL,Nepal Oil Corporation Limited,,10.00,10.00,2025-03-21,,,,2080/2081
SMFBS,Swabhimaan Laghubitta Bittiya Sanstha Limited,5.00,0.2632,5.2632,2025-03-21,2025-04-24 [Closed],,2025-07-31,2080/2081
NICL,Nepal Insurance Company Limited,15.00,0.79,15.79,2025-03-09,2025-03-20 [Closed],,2025-07-13,2080/2081
SLBBL,Swarojgar Laghubitta Bittiya Sanstha Limited,13.5,0.7105,14.2105,2025-03-06,2025-04-24 [Closed],,2025-08-05,2080/2081
SRLI,Sanima Reliance Life Insurance Limited,1.2489,8.00,9.2489,2025-02-25,2025-03-10 [Closed],,2025-06-08,2080/2081
CLI,Citizen Life Insurance Company Limited,26.9841,1.4202,28.4043,2025-02-21,2025-03-12 [Closed],,2025-05-25,2080/2081
ILI,IME Life Insurance Company Limited,,21.0526,21.0526,2025-02-12,2025-02-27 [Closed],,,2080/2081
HEI,Himalayan Everest Insurance Limited,,8.75,8.75,2025-02-12,2025-02-27 [Closed],,,2080/2081
SGIC,Sanima GIC Insurance Limited,7.5,0.3947,7.8947,2025-02-07,2025-03-21 [Closed],,2025-06-16,2080/2081
IGI,IGI Prudential Insurance Limited,,9.7368,9.7368,2025-02-06,2025-02-24 [Closed],,,2080/2081
SPIL,Siddhartha Premier Insurance Limited,,30.00,30.00,2025-02-04,2025-02-14 [Closed],,,2080/2081
SICL,Shikhar Insurance Company Limited,10.00,0.5263,10.5263,2025-01-31,2025-02-12 [Closed],,2025-06-02,2080/2081
NLIC,Nepal Life Insurance Company Limited,10.00,11.05,21.05,2025-01-12,2025-01-23 [Closed],,2025-05-09,2080/2081
STC,Salt Trading Corporation Limited,0.00,10.00,10.00,2025-01-12,2025-03-14 [Closed],,,2080/2081
SMATA,Samata Gharelu Laghubitta Bittiya Sanstha Limited,5.00,0.2632,5.2632,2025-01-09,2025-02-06 [Closed],,,2080/2081
HIFL,Himalayan Infrastructure Fund Limited,5.00,5.5263,10.5263,2025-01-09,,,,2080/2081
KPCL,Kalika Power Company Limited,7.00,0.3684,7.3684,2024-12-23,2025-01-03 [Closed],,2025-07-21,2080/2081
ANLB,Aatmanirbhar Laghubitta Bittiya Sanstha Limited,14.25,0.75,15.00,2024-12-23,2024-12-31 [Closed],,2025-05-09,2080/2081
NEPSE,Nepal Stock Exchange Limited,,75.00,75.00,2024-12-23,,,,2080/2081
KHSL,Kailash Helicopter Services Limited,,20.00,20.00,2024-12-23,,,,2080/2081
NTC,Nepal Doorsanchar Company Limited,0.00,30.00,30.00,2024-12-22,2025-01-02 [Closed],,,2080/2081
GVL,Green Ventures Limited,10.00,0.5263,10.5263,2024-12-22,2024-12-29 [Closed],,2025-04-28,2080/2081
CIT,Citizen Investment Trust,7.00,6.00,13.00,2024-12-22,2025-01-06 [Closed],,2025-04-07,2080/2081
CDS,CDS & Clearing Limited,,100.00,100.00,2024-12-22,,,,2080/2081
NCHL,Nepal Clearing House Limited,19.00,1.00,20.00,2024-12-22,,,,2080/2081
LBBL,Lumbini Bikas Bank Limited,3.00,4.00,7.00,2024-12-20,2025-01-03 [Closed],,2025-04-13,2080/2081
GBBL,Garima Bikas Bank Limited,,5.00,5.00,2024-12-20,2025-01-02 [Closed],,,2080/2081
ADBL,Agricultural Development Bank Limited,3.00,7.53,10.53,2024-12-19,2024-12-31 [Closed],,2025-02-20,2080/2081
SARBTM,Sarbottam Cement Limited,7.00,3.00,10.00,2024-12-19,2024-12-27 [Closed],,2025-03-24,2080/2081
BPCL,Butwal Power Company Limited,,5.00,5.00,2024-12-19,2025-01-02 [Closed],,,2080/2081
NRNDFL,N.R.N. Nepal Development Fund Limited,0.00,4.00,4.00,2024-12-19,,,,2080/2081
NIIFL,Nepal Infrastructures Investment Fund Limited,4.88,0.27,5.15,2024-12-19,2025-01-03 [Closed],,,2080/2081
GRDBL,Green Development Bank Limited,5.75,0.3027,6.0527,2024-12-18,2025-03-28 [Closed],,2025-12-02,2080/2081
NESDO,Nesdo Sambridha Laghubitta Bittiya Sanstha Limited,14.25,0.75,15.00,2024-12-18,2025-03-12 [Closed],,2025-06-03,2080/2081
SADBL,Shangrila Development Bank Limited,3.65,0.19,3.84,2024-12-18,2025-01-01 [Closed],,2025-03-25,2080/2081
CEL,Century Energy Limited,8.5,,8.5,2024-12-18,,,,2080/2081
CHCL,Chilime Hydro power Company Limited,10.00,2.00,12.00,2024-12-17,2024-12-31 [Closed],,2025-03-25,2080/2081
MERO,Mero Microfinance Laghubitta Bittiya Sanstha Limited,7.5,0.3947,7.8947,2024-12-17,2025-01-03 [Closed],,2025-03-24,2080/2081
NHDL,Nepal Hydro Developer Limited,8.00,0.42,8.42,2024-12-16,2024-12-23 [Closed],,2025-05-05,2080/2081
SHIVM,Shivam Cements Limited,8.55,0.45,9.00,2024-12-16,2025-01-01 [Closed],,2025-02-20,2080/2081
MLBL,Mahalaxmi Bikas Bank Limited,3.00,4.00,7.00,2024-12-16,2024-12-31 [Closed],,2025-03-27,2080/2081
DDBL,Deprosc Laghubitta Bittiya Sanstha Limited,9.5,0.5,10.00,2024-12-13,2025-01-01 [Closed],,2025-02-23,2080/2081
RADHI,Radhi Bidyut Company Limited,4.75,0.25,5.00,2024-12-12,2024-12-19 [Closed],,2025-04-07,2080/2081
KMCDB,Kalika Laghubitta Bittiya Sanstha Limited,9.5,0.5,10.00,2024-12-11,2025-01-03 [Closed],,2025-04-07,2080/2081
HIDCL,Hydroelectricity Investment and Development Company Limited,0.00,5.25,5.25,2024-12-11,2024-12-27 [Closed],,,2080/2081
SHPC,Sanima Mai Hydropower Limited,10.00,0.5263,10.5263,2024-12-10,2024-12-24 [Closed],,2025-03-05,2080/2081
ICFC,ICFC Finance Limited,0.00,5.2632,5.2632,2024-12-10,2025-01-01 [Closed],,,2080/2081
MFIL,Manjushree Finance Limited,0.00,6.35,6.35,2024-12-09,2024-12-26 [Closed],,,2080/2081
HDL,Himalayan Distillery Limited,15.00,5.00,20.00,2024-12-09,2025-01-03 [Closed],,2025-02-23,2080/2081
SBL,Siddhartha Bank Limited,0.00,4.00,4.00,2024-12-08,2024-12-29 [Closed],,,2080/2081
MLBBL,Mithila Laghubitta Bittiya Sanstha Limited,14.25,0.75,15.00,2024-12-06,2024-12-26 [Closed],,2025-04-25,2080/2081
CBBL,Chhimek Laghubitta Bittiya Sanstha Limited,8.00,7.00,15.00,2024-12-05,2024-12-31 [Closed],,2025-02-16,2080/2081
TRH,Taragaon Regency Hotel Limited,0.00,11.00,11.00,2024-12-05,2024-12-22 [Closed],,,2080/2081
SBI,Nepal SBI Bank Limited,3.8,6.85,10.65,2024-12-04,2024-12-22 [Closed],,2025-04-01,2080/2081
SIFC,Shree Investment Finance Company Limited,1.8659,0.0982,1.9641,2024-12-04,2025-01-03 [Closed],,2025-04-25,2080/2081
MEN,Mountain Energy Nepal Limited,15.00,0.7895,15.7895,2024-12-03,2024-12-26 [Closed],,2025-03-27,2080/2081
NATBIL,National Banking Institute Limited,,5.26,5.26,2024-12-02,,,,2080/2081
SKBBL,Sana Kisan Bikas Laghubitta Bittiya Sanstha Limited,13.3,0.7,14.00,2024-12-02,2025-01-01 [Closed],,2025-03-20,2080/2081
LSL,Laxmi Sunrise Bank Limited,5.00,0.26,5.26,2024-12-01,2025-01-01 [Closed],,2025-03-20,2080/2081
NIMBAC,NIMB Ace Capital Limited,,25.00,25.00,2024-11-29,,,,2080/2081
SJLIC,SuryaJyoti Life Insurance Company Limited,,20.00,20.00,2024-11-29,2024-12-06 [Closed],,,2080/2081
EVL,Emerging Venture Limited,,10.00,10.00,2024-11-28,,,,2080/2081
LCL,Lakshya Capital Limited,3.15,,3.15,2024-11-28,,,,2080/2081
LHL,Lakshya Holdings Limited,5.25,,5.25,2024-11-28,,,,2080/2081
NRN,NRN Infrastructure and Development Limited,5.00,0.2632,5.2632,2024-11-27,2024-12-06 [Closed],,2025-02-10,2080/2081
KBSH,Kutheli Bukhari Small Hydropower Limited,10.00,0.5236,10.5236,2024-11-26,2024-12-26 [Closed],,2025-03-25,2080/2081
AADHYANTA,Aadhyanta Fund Management Limited,,3.75,3.75,2024-11-26,,,,2080/2081
JBLB,Jeevan Bikas Laghubitta Bittiya Sanstha Limited,14.00,0.7368,14.7368,2024-11-24,2024-12-31 [Closed],,2025-04-07,2080/2081
MDB,Miteri Development Bank Limited,9.5079,0.5004,10.0083,2024-11-24,2024-12-31 [Closed],,2025-03-30,2080/2081
UMRH,United Idi-Mardi and R.B. Hydropower Limited,4.00,0.211,4.211,2024-11-22,2025-03-07 [Closed],,2025-07-01,2080/2081
KBC,Kosh Bewasthapan Company Limited,,15.7895,15.7895,2024-11-22,,,,2080/2081
BNT,Bottlers Nepal (Terai) Limited,,50.00,50.00,2024-11-21,2025-01-03 [Closed],,,2080/2081
NFML,National Fund Management Limited,,5.00,5.00,2024-11-21,2024-11-27 [Closed],,,2080/2081
SWMF,Suryodaya Womi Laghubitta Bittiya Sanstha Limited,6.00,0.9624,6.9624,2024-11-20,2025-01-05 [Closed],,2025-03-23,2080/2081
SCB,Standard Chartered Bank Nepal Limited,6.5,19.00,25.5,2024-11-19,2024-11-27 [Closed],,2025-03-11,2080/2081
SHINE,Shine Resunga Development Bank Limited,3.00,5.00,8.00,2024-11-10,2024-12-18 [Closed],,2025-03-24,2080/2081
NABIL,Nabil Bank Limited,,10.00,10.00,2024-10-30,2024-11-25 [Closed],,,2080/2081
SHL,Soaltee Hotel Limited,10.00,26.8421,36.8421,2024-10-30,2024-11-28 [Closed],,2025-02-10,2080/2081
FMDBL,First Microfinance Laghubitta Bittiya Sanstha Limited,9.00,0.47,9.47,2024-10-30,2024-12-08 [Closed],,2025-02-20,2080/2081
BHDC,Bindhyabasini Hydropower Development Company Limited,8.00,,8.00,2024-10-30,2024-11-13 [Closed],,,2080/2081
PCBL,Prime Commercial Bank Limited,0.00,5.00,5.00,2024-10-27,2024-11-24 [Closed],,,2080/2081
SMJC,Sagarmatha Jalbidhyut Company Limited,4.75,0.25,5.00,2024-10-25,2024-11-11 [Closed],,2025-01-22,2080/2081
NMFBS,National Laghubitta Bittiya Sanstha Limited,14.25,0.75,15.00,2024-10-25,2024-12-03 [Closed],,2025-01-26,2080/2081
ICRA,ICRA Nepal Limited,0.00,57.3961,57.3961,2024-10-25,,,,2080/2081
PRABHU,Prabhu Capital Limited,0.00,7.3684,7.3684,2024-10-23,,,,2080/2081
CARE,Care Ratings Nepal Limited,0.00,60.00,60.00,2024-10-23,,,,2080/2081
SSUL,Sundhara Securities Limited,0.00,11.00,11.00,2024-10-22,,,,2080/2081
HBLCL,Himalayan Capital Limited,0.00,7.00,7.00,2024-10-22,,,,2080/2081
SMB,Support Laghubitta Bittiya Sanstha Limited,13.775,0.725,14.5,2024-10-21,2024-11-29 [Closed],,2025-03-23,2080/2081
RSDC,RSDC Laghubitta Bittiya Sanstha Limited,9.5,0.5,10.00,2024-10-18,2024-12-26 [Closed],,2025-05-05,2080/2081
SANCAP,Sanima Capital Limited,,12.00,12.00,2024-10-18,,,,2080/2081
API,Api Power Company Limited,5.00,0.2632,5.2632,2024-10-16,2024-10-18 [Closed],,2024-12-04,2080/2081
NMBCAP,NMB Capital Limited,,17.00,17.00,2024-10-16,,,,2080/2081
SANIMA,Sanima Bank Limited,,5.2632,5.2632,2024-10-09,2024-11-10 [Closed],,,2080/2081
MEDICARE,Medicare Hospital Limited,,15.00,15.00,2024-10-09,2024-10-28 [Closed],,,2080/2081
H8020,Himalayan 80-20,,6.00,6.00,2024-10-08,2024-10-25 [Closed],,,2080/2081
GBIME,Global IME Bank Limited,5.5,0.00,5.5,2024-10-08,2024-11-24 [Closed],,2025-02-16,2080/2081
CCAIL,Chartered Capital and Investment Limited,5.00,0.2632,5.2632,2024-10-06,,,,2080/2081
AHPC,Arun Valley Hydropower Development Company Limited,3.00,0.157,3.157,2024-10-04,2024-10-21 [Closed],,2024-12-11,2080/2081
Maruti,Maruti Cements Limited,,4.00,4.00,2024-10-04,,,,2080/2081
FOWAD,Forward Microfinance Laghubitta Bittiya Sanstha Limited,13.3,0.7,14.00,2024-10-02,2024-11-29 [Closed],,2025-04-01,2080/2081
SWBBL,Swabalamban Laghubitta Bittiya Sanstha Limited,14.25,0.75,15.00,2024-09-29,2024-10-25 [Closed],,2024-12-11,2080/2081
RURU,Ru Ru Jalbidhyut Pariyojana Limited,15.00,0.789,15.789,2024-09-29,2024-10-16 [Closed],,2025-01-26,2080/2081
CMF1,Citizens Mutual Fund-1,,9.00,9.00,2024-09-29,2024-10-09 [Closed],,,2080/2081
CMF2,Citizens Mutual Fund - 2,,6.5,6.5,2024-09-29,2024-10-09 [Closed],,,2080/2081
C30MF,Citizens Super 30 Mutual Fund,,10.00,10.00,2024-09-29,2024-10-09 [Closed],,,2080/2081
MHL,Mandakini Hydropower Limited,5.00,0.2632,5.2632,2024-09-26,2024-11-13 [Closed],,2025-02-10,2080/2081
SMHL,Super Madi Hydropower Limited,5.00,0.26,5.26,2024-09-25,2024-10-04 [Closed],,2025-01-16,2080/2081
UNL,Unilever Nepal Limited,0.00,"1,714.00","1,714.00",2024-09-25,2024-10-14 [Closed],,,2080/2081
SHLTD,Shivam Holdings Limited,,2.5,2.5,2024-09-23,,,,2080/2081
CZBIL,Citizens Bank International Limited,4.00,0.21,4.21,2024-09-23,2024-10-15 [Closed],,2025-01-01,2080/2081
ALBSL,Asha Laghubitta Bittiya Sanstha Limited,14.25,0.75,15.00,2024-09-22,2024-11-10 [Closed],,2024-12-27,2080/2081
NMB50,NMB 50,,15.00,15.00,2024-09-19,2024-09-27 [Closed],,,2080/2081
NSIF2,NMB Sulav Investment Fund - II,,10.00,10.00,2024-09-19,2024-09-27 [Closed],,,2080/2081
PSF,Prabhu Select Fund,,10.00,10.00,2024-09-18,2024-09-30 [Closed],,,2080/2081
PRSF,Prabhu Smart Fund,,8.5,8.5,2024-09-18,2024-09-30 [Closed],,,2080/2081
SAHAS,Sahas Urja Limited,8.00,0.421,8.421,2024-09-18,2024-09-29 [Closed],,2025-01-22,2080/2081
CHDC,CEDB Holdings Limited,11.00,,11.00,2024-09-15,2024-09-23 [Closed],,2024-12-04,2080/2081
AELTD,Aashutosh Energy Limited,,5.263,5.263,2024-09-15,2024-09-28 [Closed],,,2080/2081
OHL,Oriental Hotel Limited,5.00,0.2632,5.2632,2024-09-13,2024-09-23 [Closed],,2025-01-24,2080/2081
HATHY,Hathway Investment Nepal Limited,10.00,0.526,10.526,2024-09-13,2024-10-23 [Closed],,2025-01-01,2080/2081
GIBF1,Global IME Balanced Fund-I,,5.00,5.00,2024-09-13,2024-09-27 [Closed],,,2080/2081
NSDL,Nabil Stock Dealer Limited (former Nabil Securities Limited),,8.00,8.00,2024-09-13,,,,2080/2081
ISCL,Imperial Securities Company Limited,25.00,,25.00,2024-09-13,2024-09-26 [Closed],,,2080/2081
KSBBL,Kamana Sewa Bikas Bank Limited,7.00,5.00,12.00,2024-09-13,2024-10-01 [Closed],,2024-12-04,2080/2081
NLO,Nepal Lube Oil Limited,20.00,5.00,25.00,2024-09-12,2024-09-20 [Closed],,2025-03-09,2080/2081
SIDCL,Siddhartha Capital Limited,,25.00,25.00,2024-09-12,,,,2080/2081
NBF2,Nabil Balanced Fund - 2,,8.00,8.00,2024-09-11,2024-09-27 [Closed],,,2080/2081
NFCF,Nabil Flexi Cap Fund,,5.00,5.00,2024-09-11,2024-09-11 [Closed],,,2080/2081
RBBMBL,RBB Merchant Banking Limited,,18.00,18.00,2024-09-11,,,,2080/2081
GLBSL,Gurans Laghubitta Bittiya Sanstha Limited,14.25,0.75,15.00,2024-09-10,2024-10-02 [Closed],,2024-12-11,2080/2081
BGWT,Bhagawati Hydropower Development Company Limited,4.00,10.7368,14.7368,2024-09-08,2024-09-18 [Closed],,2024-12-16,2080/2081
BFIINL,Banking Finance and Insurance Institute of Nepal Limited,,14.74,14.74,2024-09-08,,,,2080/2081
NIBLGF,NIBL Growth Fund,,6.35,6.35,2024-09-06,2024-10-02 [Closed],,,2080/2081
MANDU,Mandu Hydropower Limited,,12.00,12.00,2024-09-06,2024-09-16 [Closed],,,2080/2081
MuktinathCap,Muktinath Capital Limited,,7.5,7.5,2024-09-06,,,,2080/2081
EBL,Everest Bank Limited,10.00,5.53,15.53,2024-09-06,2024-09-24 [Closed],,2024-12-04,2080/2081
RMF1,RBB Mutual Fund 1,,3.81,3.81,2024-09-05,2024-09-16 [Closed],,,2080/2081
RMF2,RBB Mutual Fund 2,,8.74,8.74,2024-09-05,2024-09-16 [Closed],,,2080/2081
PLO,Purwanchal Lube Oil Limited,,10.526,10.526,2024-09-04,,,,2080/2081
SMH,Supermai Hydropower  Limited,7.00,5.631,12.63,2024-09-03,2024-12-02 [Closed],,2025-03-25,2080/2081
SAEF,Sanima Equity Fund,,15.00,15.00,2024-09-01,2024-09-11 [Closed],,,2080/2081
SAGF,Sanima Growth Fund,,10.00,10.00,2024-09-01,2024-09-11 [Closed],,,2080/2081
CBILSL,Citizens Share Broker Limited,,5.26,5.26,2024-09-01,2024-09-10 [Closed],,,2080/2081
KEF,Kumari Equity Fund,,9.5,9.5,2024-08-27,2024-09-04 [Closed],,,2080/2081
KDBY,Kumari Dhanabriddhi Yojana,,9.5,9.5,2024-08-27,2024-09-04 [Closed],,,2080/2081
SIGS3,Siddhartha Investment Growth Scheme 3,,7.00,7.00,2024-08-21,2024-09-08 [Closed],,,2080/2081
CBIL,Citizens Capital Ltd. (Former CBIL Capital ),,15.5,15.5,2024-08-11,2024-08-22 [Closed],,,2080/2081
SFEF,Sunrise Focused Equity Fund,0.00,4.5,4.5,2024-08-09,2024-08-23 [Closed],,,2080/2081
SFMF,Sunrise First Mutual Fund,0.00,12.5,12.5,2024-08-09,2024-08-23 [Closed],,,2080/2081
NICSF,NIC Asia Select-30,,14.00,14.00,2024-08-01,2024-09-13 [Closed],,,2080/2081
NICFC,NIC Asia Flexi Cap Fund,,10.5,10.5,2024-08-01,2024-09-13 [Closed],,,2080/2081
NADDF,NIC Asia Dynamic Debt Fund,,10.00,10.00,2024-08-01,,,,2080/2081
NICGF,NIC Asia Growth Fund,,9.5,9.5,2024-08-01,2024-09-13 [Closed],,,2080/2081
NICBF,NIC ASIA Balanced Fund,,9.25,9.25,2024-08-01,2024-09-13 [Closed],,,2080/2081
NICACL,NIC Asia Capital Limited,,52.53,52.53,2024-08-01,,,,2080/2081
LVF2,Laxmi Value Fund-II,,4.5,4.5,2024-07-30,2024-08-15 [Closed],,,2080/2081
LUK,Laxmi Unnati Kosh,,7.5,7.5,2024-07-30,2024-08-15 [Closed],,,2080/2081
KSLY,Kumari Sunaulo Lagani Yojana,,10.5,10.5,2023-08-11,,,,2080/2081
HLI,Himalayan Life Insurance Limited,14.00,,14.00,2025-01-19,2025-02-07 [Closed],,2025-05-15,2079/2080
SRLI,Sanima Reliance Life Insurance Limited,18.3811,,18.3811,2024-09-16,2024-09-27 [Closed],,2025-01-19,2079/2080
PMLI,Prabhu Mahalaxmi Life Insurance Company Limited,10.00,0.526,10.526,2024-08-25,2024-10-02 [Closed],,2024-12-16,2079/2080
SWMF,Suryodaya Womi Laghubitta Bittiya Sanstha Limited,14.0051,,14.0051,2024-07-25,2024-08-08 [Closed],,2024-10-02,2079/2080
NLICL,National Life Insurance Company Limited,4.00,10.00,14.00,2024-07-12,2024-08-08 [Closed],,2024-10-18,2079/2080
NHAEL,Nepal Hydro and Electric Limited,10.00,10.53,20.53,2024-06-30,,,,2079/2080
CIT,Citizen Investment Trust,14.00,0.7368,14.7368,2024-06-14,2024-07-04 [Closed],,2024-09-25,2079/2080
NLIC,Nepal Life Insurance Company Limited,,21.05,21.05,2024-06-02,2024-06-18 [Closed],,,2079/2080
AICL,Aadishakti Investment Company Limited,,10.00,10.00,2024-05-30,,,,2079/2080
ILI,IME Life Insurance Company Limited,25.00,1.3158,26.3158,2024-05-02,2024-05-27 [Closed],,2024-08-11,2079/2080
NRIC,Nepal Reinsurance Company Limited,4.75,0.25,5.00,2024-04-16,2024-05-19 [Closed],,2024-09-02,2079/2080
SJLIC,SuryaJyoti Life Insurance Company Limited,10.26,24.74,35.00,2024-04-03,2024-04-19 [Closed],,2024-06-30,2079/2080
SARBTM,Sarbottam Cement Limited,,15.00,15.00,2024-04-02,2024-04-12 [Closed],,,2079/2080
MKJC,Mailung Khola Jal Vidhyut Company Limited,2.2211,0.1169,2.338,2024-03-21,2024-03-29 [Closed],,2024-08-27,2079/2080
PRIN,Prabhu Insurance Company Limited,4.75,0.25,5.00,2024-03-04,2024-04-19 [Closed],,2024-08-07,2079/2080
SALICO,Sagarmatha Lumbini Insurance Company Limited,,5.00,5.00,2024-02-27,2024-03-26 [Closed],,,2079/2080
SNLI,Sun Nepal Life Insurance Company Limited,23.8,1.2526,25.0526,2024-02-25,2024-05-09 [Closed],,2024-08-13,2079/2080
DDBL,Deprosc Laghubitta Bittiya Sanstha Limited,10.00,0.5263,10.5263,2024-02-15,2024-03-28 [Closed],,2024-06-03,2079/2080
HRL,Himalayan Reinsurance Limited,4.00,0.21,4.21,2024-02-09,2024-02-19 [Closed],,2024-05-05,2079/2080
NMFBS,National Laghubitta Bittiya Sanstha Limited,7.5,7.5,15.00,2024-02-06,2024-03-13 [Closed],,2024-06-07,2079/2080
UMRH,United Idi-Mardi and R.B. Hydropower Limited,5.5,0.289,5.789,2024-02-05,2024-02-16 [Closed],,2024-05-20,2079/2080
SPIL,Siddhartha Premier Insurance Limited,,11.00,11.00,2024-02-05,2024-02-23 [Closed],,,2079/2080
SLBBL,Swarojgar Laghubitta Bittiya Sanstha Limited,7.00,0.3684,7.3684,2024-01-30,2024-02-25 [Closed],,2024-05-29,2079/2080
ALICL,Asian Life Insurance Company Limited,7.75,0.4078,8.1578,2024-01-28,2024-02-20 [Closed],,2024-04-21,2079/2080
UAIL,United Ajod Insurance Limited,10.2612,0.5401,10.8013,2024-01-19,2024-02-05 [Closed],,2024-03-07,2079/2080
NLG,NLG Insurance Company Limited,5.5,0.2895,5.7895,2024-01-14,2024-02-08 [Closed],,2024-05-29,2079/2080
YETIBL,Yeti Brewery Limited,100.00,100.00,200.00,2024-01-14,,,,2079/2080
STC,Salt Trading Corporation Limited,15.00,0.79,15.79,2024-01-11,2024-03-22 [Closed],,2024-06-03,2079/2080
RNLI,Reliable Nepal Life Insurance Limited,16.00,0.84,16.84,2024-01-10,2024-01-29 [Closed],,2024-04-03,2079/2080
HEI,Himalayan Everest Insurance Limited,8.63,6.37,15.00,2024-01-10,2024-01-28 [Closed],,2024-03-07,2079/2080
MEN,Mountain Energy Nepal Limited,15.00,0.7895,15.7895,2024-01-08,2024-03-13 [Closed],,2024-06-07,2079/2080
CLI,Citizen Life Insurance Company Limited,5.00,0.2632,5.2632,2024-01-02,2024-01-14 [Closed],,2024-02-29,2079/2080
NMBCAP,NMB Capital Limited,,17.00,17.00,2023-12-26,,,,2079/2080
LAXMI,Laxmi Steels Limited,14.25,5.26,19.51,2023-12-26,,,,2079/2080
UPCL,Universal Power Company Limited,8.55,0.45,9.00,2023-12-26,2024-01-03 [Closed],,2024-03-04,2079/2080
KPCL,Kalika Power Company Limited,10.00,0.5263,10.5263,2023-12-24,2024-01-03 [Closed],,2024-05-27,2079/2080
RADHI,Radhi Bidyut Company Limited,4.75,0.25,5.00,2023-12-24,2023-12-31 [Closed],,2024-02-26,2079/2080
SMHL,Super Madi Hydropower Limited,,2.00,2.00,2023-12-24,2024-01-02 [Closed],,,2079/2080
RBBL,Rastriya Banijya Bank Limited,,5.5,5.5,2023-12-24,2024-01-03 [Closed],,,2079/2080
NEPSE,Nepal Stock Exchange Limited,,64.00,64.00,2023-12-24,,,,2079/2080
NTC,Nepal Doorsanchar Company Limited,0.00,40.00,40.00,2023-12-22,2024-01-04 [Closed],,,2079/2080
MNBBL,Muktinath Bikas Bank Limited,9.75,0.5132,10.2632,2023-12-22,2024-01-04 [Closed],,2024-03-10,2079/2080
GCIL,Ghorahi Cement Industry Limited,15.00,,15.00,2023-12-22,2024-01-01 [Closed],,2024-03-21,2079/2080
CDS,CDS & Clearing Limited,,100.00,100.00,2023-12-22,,,,2079/2080
MEDICARE,Medicare Hospital Limited,48.8095,14.3483,63.1578,2023-12-22,2024-01-07 [Closed],,,2079/2080
NPEL,Nepal Power Exchange Limited,,5.263,5.263,2023-12-22,,,,2079/2080
JSML,Jagdamba Spinning Mills Limited,17.4578,0.9188,18.3766,2023-12-22,,,,2079/2080
SIKLES,Sikles Hydropower Limited,,6.00,6.00,2023-12-21,2023-12-29 [Closed],,,2079/2080
GBBL,Garima Bikas Bank Limited,9.5,0.5,10.00,2023-12-21,2024-01-02 [Closed],,2024-02-12,2079/2080
HIDCL,Hydroelectricity Investment and Development Company Limited,,5.263,5.263,2023-12-21,2024-01-03 [Closed],,,2079/2080
MLBL,Mahalaxmi Bikas Bank Limited,,6.4,6.4,2023-12-20,2024-01-04 [Closed],,,2079/2080
BHDC,Bindhyabasini Hydropower Development Company Limited,,5.2632,5.2632,2023-12-20,2024-01-02 [Closed],,,2079/2080
HATHY,Hathway Investment Nepal Limited,10.00,0.526,10.526,2023-12-19,2023-12-28 [Closed],,2024-02-28,2079/2080
SHIVM,Shivam Cements Limited,14.25,0.75,15.00,2023-12-19,2024-01-04 [Closed],,2024-02-25,2079/2080
NIMBAC,NIMB Ace Capital Limited,,25.00,25.00,2023-12-19,,,,2079/2080
JBLB,Jeevan Bikas Laghubitta Bittiya Sanstha Limited,14.00,0.7369,14.7369,2023-12-18,2024-01-03 [Closed],,2024-03-07,2079/2080
RURU,Ru Ru Jalbidhyut Pariyojana Limited,,10.5263,10.5263,2023-12-18,2024-01-02 [Closed],2024-02-08,,2079/2080
NLO,Nepal Lube Oil Limited,25.00,5.00,30.00,2023-12-18,2023-12-26 [Closed],2024-02-08,2024-11-14,2079/2080
KSKL,Karja Suchana Kendra Limited,,20.00,20.00,2023-12-17,,,,2079/2080
BPCL,Butwal Power Company Limited,,5.00,5.00,2023-12-17,2024-01-04 [Closed],,,2079/2080
NRNDFL,N.R.N. Nepal Development Fund Limited,,5.00,5.00,2023-12-17,,,,2079/2080
MHL,Mandakini Hydropower Limited,4.75,0.25,5.00,2023-12-16,2024-01-05 [Closed],,2024-04-07,2079/2080
SSL,Secured Securities Limited,100.00,5.2632,105.2632,2023-12-15,,,,2079/2080
LSL,Laxmi Sunrise Bank Limited,7.00,0.37,7.37,2023-12-13,2024-01-04 [Closed],,2024-04-02,2079/2080
SIFC,Shree Investment Finance Company Limited,,5.05,5.05,2023-12-13,2024-01-05 [Closed],,,2079/2080
CBBL,Chhimek Laghubitta Bittiya Sanstha Limited,5.00,10.00,15.00,2023-12-12,2024-01-02 [Closed],,2024-03-04,2079/2080
LBBL,Lumbini Bikas Bank Limited,4.00,4.5,8.5,2023-12-12,2024-01-02 [Closed],,2024-03-12,2079/2080
BGWT,Bhagawati Hydropower Development Company Limited,,10.5263,10.5263,2023-12-11,2023-12-21 [Closed],2024-01-24,,2079/2080
SMATA,Samata Gharelu Laghubitta Bittiya Sanstha Limited,5.4222,0.2854,5.7076,2023-12-11,2024-04-01 [Closed],,2024-05-20,2079/2080
ANLB,Aatmanirbhar Laghubitta Bittiya Sanstha Limited,10.00,5.00,15.00,2023-12-11,2024-01-01 [Closed],,2024-06-20,2079/2080
GILB,Global IME Laghubitta Bittiya Sanstha Limited,,10.00,10.00,2023-12-11,2024-01-04 [Closed],,,2079/2080
CHCL,Chilime Hydro power Company Limited,10.00,5.00,15.00,2023-12-10,2023-12-24 [Closed],2024-01-24,2024-02-14,2079/2080
ICFC,ICFC Finance Limited,,6.5,6.5,2023-12-10,2023-12-29 [Closed],,,2079/2080
SKBBL,Sana Kisan Bikas Laghubitta Bittiya Sanstha Limited,14.25,0.75,15.00,2023-12-10,2024-01-01 [Closed],,2024-04-03,2079/2080
CEL,Century Energy Limited,10.00,,10.00,2023-12-05,,,,2079/2080
HDL,Himalayan Distillery Limited,10.00,15.00,25.00,2023-12-04,2023-12-29 [Closed],2024-02-04,2024-02-09,2079/2080
TRH,Taragaon Regency Hotel Limited,4.00,11.00,15.00,2023-12-04,2023-12-28 [Closed],2024-01-19,2024-03-25,2079/2080
KBC,Kosh Bewasthapan Company Limited,,5.00,5.00,2023-12-04,,,,2079/2080
NHDL,Nepal Hydro Developer Limited,7.00,0.37,7.37,2023-12-03,2023-12-11 [Closed],,2024-05-31,2079/2080
MFIL,Manjushree Finance Limited,,5.263,5.263,2023-12-01,2023-12-27 [Closed],,,2079/2080
FMDBL,First Microfinance Laghubitta Bittiya Sanstha Limited,7.5,7.5,15.00,2023-11-30,2023-12-28 [Closed],,2024-02-29,2079/2080
NICL,Nepal Insurance Company Limited,10.00,0.5263,10.5263,2023-11-26,2023-12-14 [Closed],,2024-02-25,2079/2080
NABIL,Nabil Bank Limited,,11.00,11.00,2023-11-23,2023-12-15 [Closed],,,2079/2080
PTCNL,Power Transmission Company Nepal Limited,,18.00,18.00,2023-11-21,,,,2079/2080
SBI,Nepal SBI Bank Limited,3.75,6.8,10.55,2023-11-20,2023-12-15 [Closed],,2024-03-10,2079/2080
SHL,Soaltee Hotel Limited,5.00,26.5789,31.5789,2023-11-20,2023-12-21 [Closed],,2024-03-06,2079/2080
NCHL,Nepal Clearing House Limited,28.5,1.5,30.00,2023-11-17,,,,2079/2080
CARE,Care Ratings Nepal Limited,,80.00,80.00,2023-11-10,,,,2079/2080
NFML,National Fund Management Limited,,4.21,4.21,2023-11-10,,,,2079/2080
MDB,Miteri Development Bank Limited,9.5,0.5,10.00,2023-11-09,2023-12-14 [Closed],,2024-02-22,2079/2080
BNT,Bottlers Nepal (Terai) Limited,,60.00,60.00,2023-11-09,2024-01-05 [Closed],,,2079/2080
ENL,Emerging Nepal Limited,,8.4211,8.4211,2023-11-08,2023-11-22 [Closed],,,2079/2080
SMB,Support Laghubitta Bittiya Sanstha Limited,13.00,0.6842,13.6842,2023-11-08,2024-01-01 [Closed],,2024-07-01,2079/2080
NIFRA,Nepal Infrastructure Bank Limited,,4.2105,4.2105,2023-11-07,2023-12-22 [Closed],,,2079/2080
BFIINL,Banking Finance and Insurance Institute of Nepal Limited,,14.7,14.7,2023-11-06,,,,2079/2080
GBIME,Global IME Bank Limited,1.00,8.00,9.00,2023-11-05,2023-11-29 [Closed],,2024-04-22,2079/2080
MANDU,Mandu Hydropower Limited,,10.00,10.00,2023-11-03,2023-11-20 [Closed],,,2079/2080
SCB,Standard Chartered Bank Nepal Limited,,19.00,19.00,2023-10-31,2023-11-23 [Closed],,,2079/2080
CCAIL,Chartered Capital and Investment Limited,4.00,0.2105,4.2105,2023-10-20,,,,2079/2080
AELTD,Aashutosh Energy Limited,7.5,,7.5,2023-10-20,,,,2079/2080
SADBL,Shangrila Development Bank Limited,5.00,0.263,5.263,2023-10-20,2023-11-27 [Closed],,2024-02-09,2079/2080
SANVI,Sanvi Energy Limited,,5.25,5.25,2023-10-18,,,,2079/2080
NEPS,Nepal Electronic Payment Systems Limited,20.00,1.053,21.053,2023-10-18,,,,2079/2080
SWBBL,Swabalamban Laghubitta Bittiya Sanstha Limited,12.3599,0.6505,13.0104,2023-10-18,2023-12-08 [Closed],,2024-02-09,2079/2080
NICLBSL,NIC Asia Laghubitta Bittiya Sanstha Limited,,15.00,15.00,2023-10-18,2023-12-11 [Closed],,,2079/2080
NICGF,NIC Asia Growth Fund,,10.5,10.5,2023-10-16,2023-11-08 [Closed],2023-11-17,,2079/2080
NICBF,NIC ASIA Balanced Fund,,10.00,10.00,2023-10-16,2023-11-08 [Closed],2023-11-17,,2079/2080
UNL,Unilever Nepal Limited,,"1,580.00","1,580.00",2023-10-16,2023-11-28 [Closed],,,2079/2080
Maruti,Maruti Cements Limited,,10.00,10.00,2023-10-16,,,,2079/2080
SBL,Siddhartha Bank Limited,,4.21,4.21,2023-10-12,2023-11-07 [Closed],2023-11-21,,2079/2080
SHINE,Shine Resunga Development Bank Limited,10.5,0.55,11.05,2023-10-11,2023-11-27 [Closed],,2024-02-25,2079/2080
NIIFL,Nepal Infrastructures Investment Fund Limited,,1.0526,1.0526,2023-10-09,2023-11-07 [Closed],,,2079/2080
RSDC,RSDC Laghubitta Bittiya Sanstha Limited,8.6,0.4526,9.0526,2023-10-08,2023-11-23 [Closed],,2024-03-10,2079/2080
SHPC,Sanima Mai Hydropower Limited,10.00,0.5263,10.53,2023-10-04,2023-10-11 [Closed],,2024-02-14,2079/2080
GIBF1,Global IME Balanced Fund-I,,5.00,5.00,2023-10-03,2023-10-12 [Closed],,,2079/2080
NBF2,Nabil Balanced Fund - 2,,9.6,9.6,2023-09-29,2023-10-13 [Closed],,,2079/2080
RBBMBL,RBB Merchant Banking Limited,,13.16,13.16,2023-09-25,,,,2079/2080
OHL,Oriental Hotel Limited,,5.2632,5.2632,2023-09-19,2023-09-29 [Closed],,,2079/2080
NMB50,NMB 50,,15.00,15.00,2023-09-19,2023-09-29 [Closed],,,2079/2080
NMBHF1,NMB Hybrid Fund L- 1,,15.00,15.00,2023-09-19,2023-09-29 [Closed],,,2079/2080
ICRA,ICRA Nepal Limited,,59.1,59.1,2023-09-19,,,,2079/2080
CZBIL,Citizens Bank International Limited,,5.79,5.79,2023-09-17,2023-10-02 [Closed],,,2079/2080
PRABHU,Prabhu Capital Limited,,6.31,6.31,2023-09-15,,,,2079/2080
NICA,NIC Asia Bank Limited,29.00,1.52,30.52,2023-09-15,2023-10-03 [Closed],,2024-01-05,2079/2080
SANIMA,Sanima Bank Limited,9.00,5.7,14.7,2023-09-15,2023-10-09 [Closed],,2024-01-10,2079/2080
CBIL,Citizens Capital Ltd. (Former CBIL Capital ),,12.00,12.00,2023-09-14,2023-09-25 [Closed],,,2079/2080
EBL,Everest Bank Limited,10.00,10.53,20.53,2023-09-13,2023-10-03 [Closed],,2024-01-01,2079/2080
PSF,Prabhu Select Fund,,9.5,9.5,2023-09-12,2023-09-29 [Closed],,,2079/2080
SAEF,Sanima Equity Fund,,18.00,18.00,2023-09-10,2023-10-01 [Closed],,,2079/2080
SUCL,Sunrise Capital Limited (NCM/NIDC),,30.00,30.00,2023-09-06,,,,2079/2080
NIBLPF,NIBL Pragati Fund,,6.8,6.8,2023-09-03,2023-09-19 [Closed],,,2079/2080
MBL,Machhapuchchhre Bank Limited,13.3,0.7,14.00,2023-08-30,2023-09-25 [Closed],,2023-11-21,2079/2080
CMF2,Citizens Mutual Fund - 2,0.00,8.00,8.00,2023-08-27,2023-09-05 [Closed],,,2079/2080
SIGS2,Siddhartha Investment Growth Scheme-2,,6.5,6.5,2023-08-18,2023-08-30 [Closed],,,2079/2080
SEF,Siddhartha Equity Fund,,5.00,5.00,2023-08-18,2023-08-30 [Closed],,,2079/2080
KCL,Kumari Capital Limited,,15.00,15.00,2023-08-14,,,,2079/2080
SFMF,Sunrise First Mutual Fund,0.00,16.00,16.00,2023-08-11,2023-10-01 [Closed],,,2079/2080
KEF,Kumari Equity Fund,,10.00,10.00,2023-08-11,2023-09-04 [Closed],,,2079/2080
KDBY,Kumari Dhanabriddhi Yojana,,6.00,6.00,2023-08-11,2023-09-04 [Closed],,,2079/2080
NADDF,NIC Asia Dynamic Debt Fund,,10.00,10.00,2023-08-05,2023-08-04 [Closed],,,2079/2080
LEMF,Laxmi Equity Fund,,8.00,8.00,2023-07-30,2023-08-17 [Closed],,,2079/2080
LUK,Laxmi Unnati Kosh,,9.5,9.5,2023-07-30,2023-08-17 [Closed],,,2079/2080
NIBLSF,NIBL Sahabhagita Fund,,4.00,4.00,2023-07-28,2023-07-27 [Closed],,,2079/2080
NICACL,NIC Asia Capital Limited,,46.00,46.00,2023-07-26,,,,2079/2080
NHAEL,Nepal Hydro and Electric Limited,,8.42,8.42,2024-06-30,,,,2078/2079
CHDC,CEDB Holdings Limited,11.00,0.5789,11.5789,2024-04-23,2024-05-01 [Closed],,2024-08-27,2078/2079
NESDO,Nesdo Sambridha Laghubitta Bittiya Sanstha Limited,,15.00,15.00,2023-09-17,2023-10-05 [Closed],,,2078/2079
SAMAJ,Samaj Laghubitta Bittiya Sanstha Limited,14.25,0.75,15.00,2023-07-26,2023-08-06 [Closed],,2024-11-11,2078/2079
RLFL,Reliance Finance Limited,6.5,0.34,6.84,2023-06-11,2023-07-05 [Closed],,2023-10-13,2078/2079
CIT,Citizen Investment Trust,25.00,1.3158,26.3158,2023-05-14,2023-07-04 [Closed],,2023-09-24,2078/2079
NRIC,Nepal Reinsurance Company Limited,4.75,0.25,5.00,2023-04-30,2023-06-22 [Closed],,2023-10-04,2078/2079
NLICL,National Life Insurance Company Limited,8.00,6.5,14.5,2023-04-16,2023-05-25 [Closed],,2023-07-24,2078/2079
GRDBL,Green Development Bank Limited,3.8,0.2,4.00,2023-04-10,2024-03-22 [Closed],,2024-09-26,2078/2079
KSBBL,Kamana Sewa Bikas Bank Limited,4.41,0.2321,4.6421,2023-04-02,2023-04-28 [Closed],,2023-06-21,2078/2079
ALICL,Asian Life Insurance Company Limited,8.5,0.445,8.945,2023-03-14,2023-04-21 [Closed],,2023-06-19,2078/2079
SIKLES,Sikles Hydropower Limited,0.00,10.526,10.526,2023-03-14,2023-03-27 [Closed],,,2078/2079
NICLBSL,NIC Asia Laghubitta Bittiya Sanstha Limited,0.00,14.75,14.75,2023-03-07,2023-04-14 [Closed],,,2078/2079
JSLBB,Janautthan Samudayic Laghubitta Bittiya Sanstha Limited,15.00,0.7895,15.7895,2023-03-05,2023-03-24 [Closed],,2023-07-02,2078/2079
SWMF,Suryodaya Womi Laghubitta Bittiya Sanstha Limited,15.00,0.00,15.00,2023-03-01,2023-04-27 [Closed],,2023-08-09,2078/2079
SMFDB,Summit Laghubitta Bittiya Sanstha Limited,13.5628,0.7138,14.2766,2023-02-28,2023-06-05 [Closed],,2023-07-09,2078/2079
KLBSL,Kisan Laghubitta Bittiya Sanstha Limited(Former NRN Laghubitta Bittiya Sanstha Limited),7.00,0.3684,7.3684,2023-02-22,2023-04-03 [Closed],,2023-07-16,2078/2079
SLBSL,Samudayik Laghubitta Bittiya Sanstha Limited,10.00,5.00,15.00,2023-02-22,2023-06-29 [Closed],,2023-08-17,2078/2079
JBLB,Jeevan Bikas Laghubitta Bittiya Sanstha Limited,14.285,0.714,14.99,2023-02-20,2023-03-31 [Closed],,2023-06-28,2078/2079
CORBL,Corporate Development Bank Limited,5.00,0.26,5.26,2023-02-14,2023-02-22 [Closed],,2024-11-11,2078/2079
NGPL,Ngadi Group Power Limited,4.75,0.25,5.00,2023-02-13,2023-02-22 [Closed],,2023-04-09,2078/2079
SADBL,Shangrila Development Bank Limited,8.534,0.449,8.983,2023-02-10,2023-03-12 [Closed],,2023-05-21,2078/2079
VLBS,Vijaya Laghubitta Bittiya Sanstha Limited,20.00,1.0526,21.0526,2023-02-09,2023-03-30 [Closed],,2023-06-22,2078/2079
ALBSL,Asha Laghubitta Bittiya Sanstha Limited,14.2857,0.7143,15.00,2023-02-07,2023-03-10 [Closed],,2023-05-12,2078/2079
SMATA,Samata Gharelu Laghubitta Bittiya Sanstha Limited,15.00,3.00,18.00,2023-02-05,2023-03-15 [Closed],,2023-06-27,2078/2079
ADLB,Adarsha Laghubitta Bittiya Sanstha Limited,20.00,1.05,21.05,2023-02-02,2023-02-28 [Closed],,2023-05-07,2078/2079
MKLB,Manakamana Smart Laghubitta Bittiya Sanstha Limited,4.75,0.25,5.00,2023-01-31,2023-03-15 [Closed],,2023-07-25,2078/2079
ULBSL,Upakar Laghubitta Bittiya Sanstha Limited,61.75,3.25,65.00,2023-01-29,2023-02-16 [Closed],,2023-06-18,2078/2079
HLBSL,Himalayan Laghubitta Bittiya Sanstha Limited (Former Civil Laghubitta),11.00,0.58,11.58,2023-01-29,2023-02-26 [Closed],,2023-07-20,2078/2079
SABSL,Sabaiko Laghubitta Bittiya Sanstha Limited,18.00,0.95,18.95,2023-01-26,2023-02-26 [Closed],,2023-05-21,2078/2079
SMFBS,Swabhimaan Laghubitta Bittiya Sanstha Limited,20.00,1.0526,21.0526,2023-01-26,2023-03-17 [Closed],,2023-05-15,2078/2079
NMFBS,National Laghubitta Bittiya Sanstha Limited,15.00,0.00,15.00,2023-01-24,2023-04-17 [Closed],,2023-06-09,2078/2079
KMCDB,Kalika Laghubitta Bittiya Sanstha Limited,19.00,1.00,20.00,2023-01-23,2023-03-30 [Closed],,2023-06-14,2078/2079
GILB,Global IME Laghubitta Bittiya Sanstha Limited,12.00,8.00,20.00,2023-01-19,2023-02-28 [Closed],,2023-05-11,2078/2079
LLBS,Laxmi Laghubitta Bittiya Sanstha Limited,15.00,5.00,20.00,2023-01-19,2023-03-01 [Closed],,2023-05-21,2078/2079
ILBS,Infinity Laghubitta Bittiya Sanstha Limited,20.00,0.00,20.00,2023-01-16,2023-02-14 [Closed],,2023-05-21,2078/2079
SMB,Support Laghubitta Bittiya Sanstha Limited,11.00,0.5789,11.5789,2023-01-16,2023-03-05 [Closed],,2023-05-31,2078/2079
NSLB,Naya Sarathi Laghubitta Bittiya Sanstha Limited,19.00,1.00,20.00,2023-01-16,2023-03-29 [Closed],,2023-06-18,2078/2079
UMHL,United Modi Hydropower Limited,7.00,0.368,7.368,2023-01-16,2023-03-23 [Closed],,2023-05-24,2078/2079
MLBBL,Mithila Laghubitta Bittiya Sanstha Limited,15.00,0.7895,15.7895,2023-01-13,2023-02-17 [Closed],,2023-05-30,2078/2079
SWBBL,Swabalamban Laghubitta Bittiya Sanstha Limited,15.00,6.05,21.05,2023-01-12,2023-02-22 [Closed],,2023-05-03,2078/2079
CBBL,Chhimek Laghubitta Bittiya Sanstha Limited,22.00,3.26,25.26,2023-01-12,2023-03-09 [Closed],,2023-05-24,2078/2079
NMBMF,NMB Laghubitta Bittiya Sanstha Limited,10.00,0.5263,10.5263,2023-01-12,2023-03-31 [Closed],,2023-07-26,2078/2079
SLBBL,Swarojgar Laghubitta Bittiya Sanstha Limited,22.00,1.1579,23.1579,2023-01-12,2023-03-14 [Closed],,2023-05-28,2078/2079
STC,Salt Trading Corporation Limited,10.00,5.00,15.00,2023-01-12,2023-03-10 [Closed],,2023-05-15,2078/2079
TRH,Taragaon Regency Hotel Limited,0.00,8.42,8.42,2023-01-11,2023-02-01 [Closed],,,2078/2079
HEI,Himalayan Everest Insurance Limited,2.75,0.14,2.89,2023-01-11,2023-03-17 [Closed],,2023-06-04,2078/2079
DDBL,Deprosc Laghubitta Bittiya Sanstha Limited,10.00,11.0526,21.0526,2023-01-10,2023-03-03 [Closed],,2023-04-27,2078/2079
MSLB,Mahuli Laghubitta Bittiya Sanstha Limited,14.25,0.75,15.00,2023-01-10,2023-04-12 [Closed],,2023-06-27,2078/2079
ADBL,Agricultural Development Bank Limited,2.00,11.00,13.00,2023-01-10,2023-03-14 [Closed],,2023-05-15,2078/2079
MLBSL,Mahila Laghubitta Bittiya Sanstha Limited,47.5,2.5,50.00,2023-01-10,2023-02-17 [Closed],,2023-04-04,2078/2079
PRIN,Prabhu Insurance Company Limited,6.7,0.35,7.05,2023-01-09,2023-02-24 [Closed],,2023-05-28,2078/2079
JBBL,Jyoti Bikash Bank Limited,3.00,3.8,6.8,2023-01-08,2023-02-12 [Closed],,2023-05-10,2078/2079
API,Api Power Company Limited,7.5,0.3947,7.8947,2023-01-06,2023-02-16 [Closed],,2023-03-28,2078/2079
NUBL,Nirdhan Utthan Laghubitta Bittiya Sanstha Limited,19.00,1.00,20.00,2023-01-04,2023-02-14 [Closed],,2023-04-27,2078/2079
PICL,Prudential Insurance Company Limited,3.325,0.175,3.5,2023-01-03,2023-03-17 [Closed],,2023-04-27,2078/2079
NIBPO,Nepal Investment Bank Limited Promoter Share,4.00,7.00,11.00,2023-01-02,2022-12-07 [Closed],,,2078/2079
LGIL,Lumbini General Insurance Limited,6.99,0.3679,7.3579,2022-12-29,2023-02-10 [Closed],,2023-04-25,2078/2079
AKBSL,Adhikhola Laghubitta Bittiya Sanstha Limited,30.00,1.58,31.58,2022-12-26,2023-01-17 [Closed],,2023-03-05,2078/2079
CYCL,CYC Nepal Laghubitta Bittiya Sanstha Limited,30.00,1.58,31.58,2022-12-23,2023-01-03 [Closed],,2023-03-01,2078/2079
SDLBSL,Sadhana Laghubitta Bittiya Sanstha Limited,19.00,1.00,20.00,2022-12-23,2023-01-04 [Closed],,2023-03-28,2078/2079
BPCL,Butwal Power Company Limited,5.00,7.5,12.5,2022-12-23,2023-01-02 [Closed],,2023-03-09,2078/2079
NCHL,Nepal Clearing House Limited,38.00,2.00,40.00,2022-12-23,,,,2078/2079
KPCL,Kalika Power Company Limited,15.00,0.7895,15.7895,2022-12-22,2023-01-01 [Closed],,2023-06-06,2078/2079
NTC,Nepal Doorsanchar Company Limited,0.00,40.00,40.00,2022-12-22,2023-01-02 [Closed],,,2078/2079
MMFDB,Mirmire Laghubitta Bittiya Sanstha Limited,23.00,0.00,23.00,2022-12-22,2023-01-04 [Closed],,2023-05-15,2078/2079
NLBBL,Nerude Laghubitta Bittiya Sanstha Limited,22.00,1.1579,23.1579,2022-12-22,2023-01-31 [Closed],,2023-05-22,2078/2079
NEPSE,Nepal Stock Exchange Limited,0.00,100.00,100.00,2022-12-22,,,,2078/2079
CDS,CDS & Clearing Limited,0.00,100.00,100.00,2022-12-22,,,,2078/2079
RADHI,Radhi Bidyut Company Limited,4.75,0.25,5.00,2022-12-21,2022-12-28 [Closed],,2023-02-17,2078/2079
MERO,Mero Microfinance Laghubitta Bittiya Sanstha Limited,10.00,10.00,20.00,2022-12-21,2023-01-06 [Closed],,2023-02-27,2078/2079
SIC,Sagarmatha Insurance Company Limited,12.4,0.6579,13.0579,2022-12-21,2023-02-10 [Closed],,2023-04-25,2078/2079
GMFIL,Guheswori Merchant Banking & Finance Limited,6.5,0.34,6.84,2022-12-21,2023-02-03 [Closed],,2023-04-30,2078/2079
CFCL,Central Finance Limited,0.00,5.00,5.00,2022-12-21,2023-01-01 [Closed],,,2078/2079
PFL,Pokhara Finance Limited,4.00,0.21,4.21,2022-12-20,2023-01-03 [Closed],,2023-04-13,2078/2079
HBL,Himalayan Bank Limited,8.00,11.11,19.11,2022-12-20,2023-01-02 [Closed],,2023-02-17,2078/2079
CBL,Civil Bank Limited,5.00,0.26,5.26,2022-12-20,2023-01-03 [Closed],,2023-01-30,2078/2079
FOWAD,Forward Microfinance Laghubitta Bittiya Sanstha Limited,25.00,5.00,30.00,2022-12-19,2023-01-01 [Closed],,2023-05-17,2078/2079
MLBL,Mahalaxmi Bikas Bank Limited,4.00,6.47,10.47,2022-12-18,2023-01-02 [Closed],,2023-04-13,2078/2079
MNBBL,Muktinath Bikas Bank Limited,13.5,0.7105,14.2105,2022-12-18,2023-01-04 [Closed],,2023-03-29,2078/2079
BHDC,Bindhyabasini Hydropower Development Company Limited,5.00,0.0263,5.0263,2022-12-16,2022-12-28 [Closed],,2023-03-19,2078/2079
SIFC,Shree Investment Finance Company Limited,2.4,5.2,7.6,2022-12-16,2023-01-03 [Closed],,2023-04-09,2078/2079
MHL,Mandakini Hydropower Limited,0.00,5.00,5.00,2022-12-16,2023-01-05 [Closed],,,2078/2079
NBL,Nepal Bank Limited,2.00,10.00,12.00,2022-12-16,2022-12-29 [Closed],,2023-05-17,2078/2079
SICL,Shikhar Insurance Company Limited,16.00,0.8421,16.8421,2022-12-16,2023-01-31 [Closed],,2023-03-26,2078/2079
HIDCL,Hydroelectricity Investment and Development Company Limited,5.00,0.263,5.263,2022-12-15,2022-12-29 [Closed],,2023-05-28,2078/2079
SHIVM,Shivam Cements Limited,0.00,10.53,10.53,2022-12-15,2023-01-04 [Closed],,,2078/2079
PCBL,Prime Commercial Bank Limited,4.00,4.95,8.95,2022-12-15,2022-12-29 [Closed],,2023-03-16,2078/2079
GLBSL,Gurans Laghubitta Bittiya Sanstha Limited,4.00,0.2105,4.2105,2022-12-14,2023-01-04 [Closed],,2023-03-16,2078/2079
NABIL,Nabil Bank Limited,18.5,11.5,30.00,2022-12-12,2023-01-02 [Closed],,2023-03-10,2078/2079
PPCL,Panchthar Power Company Limited,0.00,7.00,7.00,2022-12-09,2022-12-22 [Closed],,,2078/2079
SBL,Siddhartha Bank Limited,12.5,0.66,13.16,2022-12-07,2022-12-28 [Closed],,2023-03-19,2078/2079
CHCL,Chilime Hydro power Company Limited,7.5,7.5,15.00,2022-12-07,2022-12-18 [Closed],,2023-03-13,2078/2079
NMB,NMB Bank Limited,0.00,8.25,8.25,2022-12-06,2022-12-26 [Closed],,,2078/2079
RMDC,RMDC Laghubitta Bittiya Sanstha Limited,26.00,1.3684,27.3684,2022-12-06,2023-03-15 [Closed],,2023-06-04,2078/2079
SKBBL,Sana Kisan Bikas Laghubitta Bittiya Sanstha Limited,26.00,1.3684,27.3684,2022-12-06,2023-03-12 [Closed],,2023-06-18,2078/2079
MDB,Miteri Development Bank Limited,12.35,0.65,13.00,2022-12-05,2022-12-29 [Closed],,2023-05-18,2078/2079
NIL,Neco Insurance Limited,15.00,0.79,15.79,2022-12-05,2023-01-17 [Closed],,2023-03-28,2078/2079
NRN,NRN Infrastructure and Development Limited,0.00,5.26,5.26,2022-12-04,2022-12-20 [Closed],,,2078/2079
NLG,NLG Insurance Company Limited,10.00,0.5263,10.5263,2022-12-04,2023-03-27 [Closed],,2023-05-21,2078/2079
FMDBL,First Microfinance Laghubitta Bittiya Sanstha Limited,19.00,1.00,20.00,2022-12-02,2023-01-01 [Closed],,2023-03-05,2078/2079
AHPC,Arun Valley Hydropower Development Company Limited,8.00,0.421,8.421,2022-12-02,2023-02-01 [Closed],,2023-04-27,2078/2079
ICFC,ICFC Finance Limited,5.00,5.00,10.00,2022-12-01,2023-01-03 [Closed],,2023-03-05,2078/2079
CCBL,Century Commercial Bank Limited,4.75,0.25,5.00,2022-12-01,2022-12-19 [Closed],,2023-03-05,2078/2079
LBBL,Lumbini Bikas Bank Limited,3.00,9.00,12.00,2022-11-29,2022-12-28 [Closed],,2023-03-20,2078/2079
SBI,Nepal SBI Bank Limited,3.00,7.53,10.53,2022-11-29,2022-12-28 [Closed],,,2078/2079
NHDL,Nepal Hydro Developer Limited,5.00,0.0263,5.0263,2022-11-28,2022-12-26 [Closed],,2023-04-25,2078/2079
RSDC,RSDC Laghubitta Bittiya Sanstha Limited,8.00,3.00,11.00,2022-11-27,2022-12-30 [Closed],,2023-03-28,2078/2079
HDL,Himalayan Distillery Limited,60.00,10.00,70.00,2022-11-25,2023-01-04 [Closed],,2023-02-16,2078/2079
SHINE,Shine Resunga Development Bank Limited,13.3,0.7,14.00,2022-11-24,2022-12-27 [Closed],,2023-03-20,2078/2079
UMRH,United Idi-Mardi and R.B. Hydropower Limited,0.00,10.526,10.526,2022-11-24,2022-12-02 [Closed],,,2078/2079
NEPS,Nepal Electronic Payment Systems Limited,0.00,10.00,10.00,2022-11-23,,,,2078/2079
IGIL,IME General Insurance Limited,6.00,0.32,6.32,2022-11-22,2023-01-11 [Closed],,2023-04-03,2078/2079
RIDI,Ridi Power Company Limited,40.00,2.1,42.1,2022-11-22,2023-02-01 [Closed],,2023-03-30,2078/2079
PRVU,Prabhu Bank Limited,6.5,1.5,8.00,2022-11-18,2022-12-16 [Closed],,2023-03-05,2078/2079
SIL,Siddhartha Insurance Limited,9.00,0.4737,9.4737,2022-11-16,2023-01-02 [Closed],,2023-02-26,2078/2079
MEN,Mountain Energy Nepal Limited,0.00,10.5263,10.5263,2022-11-16,2022-12-13 [Closed],,,2078/2079
MEGA,Mega Bank Nepal Limited,4.00,3.79,7.79,2022-11-16,2022-12-09 [Closed],,2023-01-18,2078/2079
NIB,Nepal Investment Bank Limited,4.00,7.00,11.00,2022-11-16,2022-12-07 [Closed],,2023-01-31,2078/2079
PIC,Premier Insurance Company (Nepal) Limited,14.25,0.75,15.00,2022-11-16,2023-01-06 [Closed],,2023-02-27,2078/2079
UIC,United Insurance Company (Nepal) Limited,5.00,0.2632,5.2632,2022-11-13,2023-01-01 [Closed],,2023-04-06,2078/2079
GBBL,Garima Bikas Bank Limited,13.00,1.5,14.5,2022-11-11,2022-12-23 [Closed],,2023-04-27,2078/2079
MCML,Mega Capital Markets Limited,0.00,24.5,24.5,2022-11-10,,,,2078/2079
NSDCL,Nagarik Stock Dealer Company Ltd.,6.85,0.00,6.85,2022-11-08,,,,2078/2079
CARE,Care Ratings Nepal Limited,21.0526,0.00,21.0526,2022-11-08,,,,2078/2079
JALPA,Jalpa Samudayik Laghubitta Bittiya Sanstha Limited,14.25,0.75,15.00,2022-11-06,2023-06-06 [Closed],,2023-08-24,2078/2079
EBL,Everest Bank Limited,13.00,7.68,20.68,2022-11-06,2022-11-29 [Closed],,2023-02-22,2078/2079
UNL,Unilever Nepal Limited,0.00,"1,215.00","1,215.00",2022-11-03,2022-11-20 [Closed],,,2078/2079
SCB,Standard Chartered Bank Nepal Limited,0.00,16.51,16.51,2022-10-31,2022-11-23 [Closed],,,2078/2079
GBIME,Global IME Bank Limited,3.00,10.6,13.6,2022-10-29,2022-11-23 [Closed],,2023-02-12,2078/2079
SANIMA,Sanima Bank Limited,10.00,0.98,10.98,2022-10-23,2022-12-05 [Closed],,2023-03-01,2078/2079
LAXMICAP,Laxmi Capital Market Limited,7.00,7.00,14.00,2022-10-22,,,,2078/2079
SHL,Soaltee Hotel Limited,5.00,21.3158,26.3158,2022-10-19,2022-12-22 [Closed],,2023-02-27,2078/2079
NADDF,NIC Asia Dynamic Debt Fund,0.00,6.00,6.00,2022-10-16,2022-11-01 [Closed],,,2078/2079
NICGF,NIC Asia Growth Fund,0.00,13.00,13.00,2022-10-16,2022-11-01 [Closed],,,2078/2079
NICBF,NIC ASIA Balanced Fund,0.00,13.00,13.00,2022-10-16,2022-11-01 [Closed],,,2078/2079
NCCB,Nepal Credit and Commerce Bank Limited,3.3663,7.6337,11.00,2022-10-16,2022-11-01 [Closed],,2022-12-21,2078/2079
BOKL,Bank of Kathmandu Limited,6.00,14.95,20.95,2022-10-16,2022-11-25 [Closed],,2023-01-06,2078/2079
NIBLACE,NIBL Ace Capital Limited,0.00,20.00,20.00,2022-10-14,,,,2078/2079
SUCL,Sunrise Capital Limited (NCM/NIDC),0.00,25.00,25.00,2022-10-13,,,,2078/2079
NMBCAP,NMB Capital Limited,0.00,21.0526,21.0526,2022-10-12,,,,2078/2079
NEF,Nabil Equity Fund,0.00,5.00,5.00,2022-10-12,2022-11-04 [Closed],,,2078/2079
NBF2,Nabil Balanced Fund - 2,0.00,7.00,7.00,2022-10-12,2022-11-04 [Closed],,,2078/2079
KBL,Kumari Bank Limited,0.00,12.5,12.5,2022-09-30,2022-10-31 [Closed],,,2078/2079
BOKCML,BOK Capital Market Limited,0.00,5.79,5.79,2022-09-28,,,,2078/2079
RBBMBL,RBB Merchant Banking Limited,0.00,7.5,7.5,2022-09-27,,,,2078/2079
RURU,Ru Ru Jalbidhyut Pariyojana Limited,10.00,0.5263,10.5263,2022-09-25,2022-10-13 [Closed],,2023-01-18,2078/2079
BNT,Bottlers Nepal (Terai) Limited,0.00,60.00,60.00,2022-09-24,2023-01-04 [Closed],,,2078/2079
BNL,Bottlers Nepal Limited (Balaju),0.00,20.00,20.00,2022-09-24,2023-01-04 [Closed],,,2078/2079
NIFRA,Nepal Infrastructure Bank Limited,0.00,4.2105,4.2105,2022-09-23,2022-11-17 [Closed],,,2078/2079
HATHY,Hathway Investment Nepal Limited,0.00,10.00,10.00,2022-09-23,,,,2078/2079
SIDCL,Siddhartha Capital Limited,0.00,25.00,25.00,2022-09-22,,,,2078/2079
CZBIL,Citizens Bank International Limited,0.00,9.00,9.00,2022-09-22,2022-10-14 [Closed],,,2078/2079
NLO,Nepal Lube Oil Limited,25.00,5.00,30.00,2022-09-21,2022-09-30 [Closed],,2023-05-11,2078/2079
AKPL,Arun Kabeli Power Limited,10.00,0.5263,10.5263,2022-09-20,2022-11-04 [Closed],,2023-07-19,2078/2079
SANCAP,Sanima Capital Limited,0.00,15.789,15.789,2022-09-14,,,,2078/2079
SAEF,Sanima Equity Fund,0.00,22.00,22.00,2022-09-13,2022-09-25 [Closed],,,2078/2079
SHPC,Sanima Mai Hydropower Limited,0.00,5.2632,5.2632,2022-09-06,2022-09-28 [Closed],,,2078/2079
SFMF,Sunrise First Mutual Fund,0.00,12.00,12.00,2022-08-31,2022-09-14 [Closed],,,2078/2079
NIBLSF,NIBL Sahabhagita Fund,0.00,7.2,7.2,2022-08-26,2022-08-25 [Closed],,,2078/2079
NIBLPF,NIBL Pragati Fund,0.00,4.2,4.2,2022-08-25,2022-09-14 [Closed],,,2078/2079
KCL,Kumari Capital Limited,0.00,5.00,5.00,2022-08-14,,,,2078/2079
SEF,Siddhartha Equity Fund,0.00,9.00,9.00,2022-08-11,2022-08-23 [Closed],,,2078/2079
SIGS2,Siddhartha Investment Growth Scheme-2,0.00,10.00,10.00,2022-08-11,2022-08-23 [Closed],,,2078/2079
NMBHF1,NMB Hybrid Fund L- 1,0.00,21.0526,21.0526,2022-08-05,2022-08-16 [Closed],,,2078/2079
NMB50,NMB 50,0.00,21.0526,21.0526,2022-08-05,2022-08-16 [Closed],,,2078/2079
LUK,Laxmi Unnati Kosh,0.00,5.00,5.00,2022-08-02,2022-08-23 [Closed],,,2078/2079
NICACL,NIC Asia Capital Limited,0.00,55.00,55.00,2022-08-02,,,,2078/2079
LEMF,Laxmi Equity Fund,0.00,5.00,5.00,2022-08-02,2022-08-23 [Closed],,,2078/2079
NICL,Nepal Insurance Company Limited,8.00,0.4211,8.4211,,2022-12-23 [Closed],,2023-02-27,2078/2079
PLI,Prabhu Life Insurance Limited,9.8,0.5158,10.3158,2023-05-17,2023-05-26 [Closed],,2023-08-17,2077/2078
GLICL,Gurans Life Insurance Company Limited,13.2712,0.00,13.2712,2023-03-26,2023-04-06 [Closed],,2023-05-08,2077/2078
ULI,Union Life Insurance Company Limited,8.97,0.00,8.97,2022-12-28,2023-01-30 [Closed],,2023-04-13,2077/2078
PLIC,Prime Life Insurance Company Limited,13.00,0.6842,13.6842,2022-10-20,2022-12-23 [Closed],,2023-03-09,2077/2078
NLIC,Nepal Life Insurance Company Limited,0.00,15.7895,15.7895,2022-09-16,2022-11-04 [Closed],,,2077/2078
NLICL,National Life Insurance Company Limited,15.00,0.789,15.789,2022-09-13,2022-11-24 [Closed],,2023-02-12,2077/2078
ALICL,Asian Life Insurance Company Limited,14.5,0.76,15.26,2022-08-07,2022-09-20 [Closed],,2022-11-28,2077/2078
CIT,Citizen Investment Trust,30.00,1.5789,31.5789,2022-06-25,2022-08-10 [Closed],,2022-10-12,2077/2078
LGIL,Lumbini General Insurance Limited,9.5,0.5,10.00,2022-06-23,2022-06-29 [Closed],,2022-09-05,2077/2078
NRIC,Nepal Reinsurance Company Limited,5.00,0.2632,5.2632,2022-06-19,2022-09-04 [Closed],,2023-04-27,2077/2078
EDBL,Excel Development Bank Limited,8.5,0.45,8.95,2022-06-14,2022-07-12 [Closed],,2023-01-23,2077/2078
WNLB,Wean Nepal Laghubitta Bittiya Sanstha Limited,9.33,0.5,9.83,2022-03-28,2022-06-01 [Closed],,2023-04-03,2077/2078
NICL,Nepal Insurance Company Limited,11.00,0.5789,11.5789,2022-03-22,2022-05-31 [Closed],,2022-07-24,2077/2078
NTC,Nepal Doorsanchar Company Limited,20.00,20.00,40.00,2022-03-15,2022-03-25 [Closed],,2022-08-09,2077/2078
STC,Salt Trading Corporation Limited,10.00,0.5,10.5,2022-03-13,2022-03-29 [Closed],,2022-05-24,2077/2078
SIC,Sagarmatha Insurance Company Limited,20.00,1.0526,21.0526,2022-02-25,2022-04-29 [Closed],,2022-08-02,2077/2078
NSLB,Naya Sarathi Laghubitta Bittiya Sanstha Limited,19.00,1.00,20.00,2022-02-23,2022-04-06 [Closed],,2022-07-17,2077/2078
EIC,Everest Insurance Company Limited,6.00,0.3158,6.3158,2022-02-23,2022-04-25 [Closed],,2022-06-28,2077/2078
JBLB,Jeevan Bikas Laghubitta Bittiya Sanstha Limited,70.00,3.68,73.68,2022-02-20,2022-03-26 [Closed],,2022-07-01,2077/2078
IGIL,IME General Insurance Limited,7.00,0.37,7.37,2022-02-17,2022-04-08 [Closed],,2022-07-20,2077/2078
NHPC,National Hydro Power Company Limited,18.525,0.975,19.5,2022-02-14,2022-02-25 [Closed],,2022-06-21,2077/2078
ACLBSL,Aarambha Chautari Laghubitta Bittiya Sanstha Limited,21.00,0.00,21.00,2022-02-09,2022-03-31 [Closed],,2022-07-14,2077/2078
PICL,Prudential Insurance Company Limited,7.00,0.368,7.368,2022-02-08,2022-04-07 [Closed],,2022-06-01,2077/2078
SIL,Siddhartha Insurance Limited,15.00,0.7895,15.7895,2022-02-03,2022-03-31 [Closed],,2022-06-16,2077/2078
NLG,NLG Insurance Company Limited,10.00,0.5263,10.5263,2022-01-28,2022-03-20 [Closed],,2022-06-21,2077/2078
NIL,Neco Insurance Limited,15.00,0.79,15.79,2022-01-17,2022-03-15 [Closed],,2022-05-31,2077/2078
KLBSL,Kisan Laghubitta Bittiya Sanstha Limited(Former NRN Laghubitta Bittiya Sanstha Limited),20.00,0.00,20.00,2022-01-17,2022-06-03 [Closed],,2023-01-30,2077/2078
PRIN,Prabhu Insurance Company Limited,11.00,0.58,11.58,2022-01-14,2022-03-31 [Closed],2022-06-24,2022-06-21,2077/2078
PIC,Premier Insurance Company (Nepal) Limited,14.25,0.75,15.00,2022-01-14,2022-01-19 [Closed],,2022-03-02,2077/2078
JFL,Janaki Finance Company Limited,15.00,0.7895,15.7895,2022-01-11,2022-02-07 [Closed],,2022-06-22,2077/2078
HGI,Himalayan General Insurance Company Limited,6.65,0.35,7.00,2022-01-06,2022-02-28 [Closed],,2022-05-02,2077/2078
GBBL,Garima Bikas Bank Limited,16.00,0.00,16.00,2022-01-06,2022-03-18 [Closed],,,2077/2078
KPCL,Kalika Power Company Limited,15.00,0.7895,15.7895,2021-12-24,2022-01-03 [Closed],,2022-07-27,2077/2078
NEPSE,Nepal Stock Exchange Limited,66.67,100.00,166.67,2021-12-23,2022-01-02 [Closed],,,2077/2078
RBBL,Rastriya Banijya Bank Limited,30.00,3.00,33.00,2021-12-23,2022-01-03 [Closed],,,2077/2078
HDL,Himalayan Distillery Limited,75.00,25.00,100.00,2021-12-22,2021-12-31 [Closed],,2022-02-13,2077/2078
CBL,Civil Bank Limited,5.00,0.26,5.26,2021-12-21,2022-01-04 [Closed],,2022-02-17,2077/2078
RLFL,Reliance Finance Limited,15.00,0.79,15.79,2021-12-20,2022-01-04 [Closed],,2022-04-03,2077/2078
NRN,NRN Infrastructure and Development Limited,5.00,0.26,5.26,2021-12-20,2021-12-30 [Closed],,2022-03-25,2077/2078
PFL,Pokhara Finance Limited,8.075,0.425,8.5,2021-12-17,2022-01-05 [Closed],,2022-03-21,2077/2078
ADBL,Agricultural Development Bank Limited,20.00,1.0526,21.0526,2021-12-17,2021-12-31 [Closed],,2022-02-27,2077/2078
NHDL,Nepal Hydro Developer Limited,7.00,0.3684,7.3684,2021-12-17,2021-12-28 [Closed],,2022-04-03,2077/2078
SMFDB,Summit Laghubitta Bittiya Sanstha Limited,25.2853,0.00,25.2853,2021-12-17,2021-12-30 [Closed],,2022-06-28,2077/2078
CCBL,Century Commercial Bank Limited,5.75,0.3,6.05,2021-12-17,2022-01-03 [Closed],,2022-03-02,2077/2078
PROFL,Progressive Finance Limited,6.00,0.3157,6.3157,2021-12-17,2022-01-03 [Closed],,2022-06-20,2077/2078
CFCL,Central Finance Limited,7.7,3.3,11.00,2021-12-16,2022-01-02 [Closed],,2022-05-24,2077/2078
BPCL,Butwal Power Company Limited,10.00,10.00,20.00,2021-12-15,2021-12-26 [Closed],,2022-02-22,2077/2078
MPFL,Multipurpose Finance Company Limited,13.00,0.68,13.68,2021-12-15,2022-01-05 [Closed],,2022-05-09,2077/2078
GFCL,Goodwill Finance Company Limited,9.1,3.9,13.00,2021-12-13,2021-12-31 [Closed],,2022-02-21,2077/2078
AKBSL,Adhikhola Laghubitta Bittiya Sanstha Limited,19.00,1.00,20.00,2021-12-13,2022-01-02 [Closed],,2023-01-13,2077/2078
MLBBL,Mithila Laghubitta Bittiya Sanstha Limited,25.00,1.3158,26.3158,2021-12-12,2022-01-03 [Closed],,2022-07-14,2077/2078
MFIL,Manjushree Finance Limited,40.00,6.00,46.00,2021-12-10,2021-12-30 [Closed],,2022-03-25,2077/2078
CHCL,Chilime Hydro power Company Limited,7.5,7.5,15.00,2021-12-10,2021-12-30 [Closed],,2022-03-06,2077/2078
MDB,Miteri Development Bank Limited,13.3,0.7,14.00,2021-12-09,2021-12-29 [Closed],,2022-02-23,2077/2078
FOWAD,Forward Microfinance Laghubitta Bittiya Sanstha Limited,35.00,7.00,42.00,2021-12-08,2021-12-31 [Closed],,2022-07-05,2077/2078
JSLBB,Janautthan Samudayic Laghubitta Bittiya Sanstha Limited,25.00,1.3157,26.3157,2021-12-06,2022-01-05 [Closed],,2022-06-28,2077/2078
GMFIL,Guheswori Merchant Banking & Finance Limited,10.00,0.5263,10.5263,2021-12-02,2022-01-06 [Closed],,2022-02-23,2077/2078
NCCB,Nepal Credit and Commerce Bank Limited,8.00,0.42,8.42,2021-12-01,2021-12-27 [Closed],,2022-02-13,2077/2078
SIFC,Shree Investment Finance Company Limited,7.7,3.3,11.00,2021-12-01,2022-01-06 [Closed],,2022-04-17,2077/2078
RMDC,RMDC Laghubitta Bittiya Sanstha Limited,20.00,5.00,25.00,2021-12-01,2022-01-02 [Closed],,2022-03-29,2077/2078
MLBL,Mahalaxmi Bikas Bank Limited,20.00,1.0526,21.0526,2021-11-29,2021-12-28 [Closed],,2022-04-12,2077/2078
NUBL,Nirdhan Utthan Laghubitta Bittiya Sanstha Limited,29.5,1.5526,31.0526,2021-11-26,2021-12-28 [Closed],,2022-07-11,2077/2078
SKBBL,Sana Kisan Bikas Laghubitta Bittiya Sanstha Limited,25.00,1.3158,26.3158,2021-11-25,2021-12-20 [Closed],,2022-03-22,2077/2078
JBBL,Jyoti Bikash Bank Limited,11.00,4.5,15.5,2021-11-25,2021-12-24 [Closed],,2022-02-14,2077/2078
KMCDB,Kalika Laghubitta Bittiya Sanstha Limited,13.00,0.00,13.00,2021-11-25,2022-01-05 [Closed],,2022-04-18,2077/2078
SBI,Nepal SBI Bank Limited,3.5,1.81,5.31,2021-11-24,2021-12-22 [Closed],,2022-03-21,2077/2078
ILBS,Infinity Laghubitta Bittiya Sanstha Limited,27.7,1.46,29.16,2021-11-21,2021-12-30 [Closed],,2022-04-12,2077/2078
NMFBS,National Laghubitta Bittiya Sanstha Limited,40.00,5.00,45.00,2021-11-18,2022-01-11 [Closed],,2022-03-30,2077/2078
CBBL,Chhimek Laghubitta Bittiya Sanstha Limited,27.00,3.00,30.00,2021-11-18,2021-12-22 [Closed],,2022-04-17,2077/2078
VLBS,Vijaya Laghubitta Bittiya Sanstha Limited,20.031,1.054,21.085,2021-11-16,2021-12-27 [Closed],,2022-04-07,2077/2078
WOMI,Womi Laghubitta Bittiya Sanstha Limited,20.00,0.00,20.00,2021-11-12,2021-12-16 [Closed],,2022-03-21,2077/2078
PRVU,Prabhu Bank Limited,12.00,0.63,12.63,2021-11-11,2021-12-19 [Closed],,2022-02-22,2077/2078
LBL,Laxmi Bank Limited,8.00,3.5,11.5,2021-11-11,2021-12-10 [Closed],,2022-02-20,2077/2078
SLBS,Suryodaya Laghubitta Bittiya Sanstha Limited,20.00,0.00,20.00,2021-11-11,2021-12-16 [Closed],,2022-04-12,2077/2078
PCBL,Prime Commercial Bank Limited,16.00,0.6313,16.6313,2021-11-09,2021-12-08 [Closed],,2022-02-27,2077/2078
SRBL,Sunrise Bank Limited,6.65,0.35,7.00,2021-11-09,2021-12-19 [Closed],,2022-02-20,2077/2078
MEGA,Mega Bank Nepal Limited,10.00,2.07,12.07,2021-11-09,2021-11-30 [Closed],,2022-01-17,2077/2078
NABIL,Nabil Bank Limited,33.6,4.4,38.00,2021-11-03,2021-12-31 [Closed],,2022-03-29,2077/2078
HIDCL,Hydroelectricity Investment and Development Company Limited,8.00,0.421,8.421,2021-11-02,2021-12-20 [Closed],,2022-07-20,2077/2078
MKLB,Manakamana Smart Laghubitta Bittiya Sanstha Limited,17.00,0.00,17.00,2021-11-02,2021-12-19 [Closed],,2022-04-17,2077/2078
SHINE,Shine Resunga Development Bank Limited,10.93,0.57,11.5,2021-11-01,2021-12-03 [Closed],,2022-02-17,2077/2078
SMATA,Samata Gharelu Laghubitta Bittiya Sanstha Limited,20.00,5.00,25.00,2021-11-01,2021-12-10 [Closed],,2022-05-02,2077/2078
MNBBL,Muktinath Bikas Bank Limited,17.575,0.925,18.5,2021-10-31,2021-12-01 [Closed],,2022-02-13,2077/2078
MSLB,Mahuli Laghubitta Bittiya Sanstha Limited,26.00,0.00,26.00,2021-10-31,2021-12-27 [Closed],,2022-05-05,2077/2078
NMB,NMB Bank Limited,12.5,3.3,15.8,2021-10-31,2021-12-22 [Closed],,2022-03-20,2077/2078
USLB,Unnati Sahakarya Laghubitta Bittiya Sanstha Limited,30.00,0.00,30.00,2021-10-29,2021-12-29 [Closed],,2022-04-22,2077/2078
NMBMF,NMB Laghubitta Bittiya Sanstha Limited,21.5,1.13,22.63,2021-10-29,2021-12-24 [Closed],,2022-08-02,2077/2078
EBL,Everest Bank Limited,6.00,4.32,10.32,2021-10-29,2021-12-03 [Closed],,2022-03-20,2077/2078
GMFBS,Ganapati Laghubitta Bittiya Sanstha Limited,19.00,1.00,20.00,2021-10-28,2021-12-22 [Closed],,2022-03-20,2077/2078
NADEP,NADEP Laghubitta Bittiya Sanstha Limited,20.00,1.053,21.053,2021-10-28,2022-01-17 [Closed],,2023-12-01,2077/2078
BOKL,Bank of Kathmandu Limited,10.00,4.00,14.00,2021-10-26,2021-11-26 [Closed],,2022-02-13,2077/2078
LBBL,Lumbini Bikas Bank Limited,13.00,0.6842,13.6842,2021-10-26,2021-12-13 [Closed],,2022-02-13,2077/2078
NBL,Nepal Bank Limited,14.00,3.00,17.00,2021-10-25,2021-12-07 [Closed],,2022-02-21,2077/2078
SBL,Siddhartha Bank Limited,14.25,0.75,15.00,2021-10-25,2022-01-02 [Closed],,2022-02-27,2077/2078
SMB,Support Laghubitta Bittiya Sanstha Limited,30.00,1.5789,31.5789,2021-10-24,2021-12-16 [Closed],,2022-05-31,2077/2078
ICFC,ICFC Finance Limited,10.00,4.00,14.00,2021-10-17,2021-12-09 [Closed],,2022-02-13,2077/2078
RRHP,Rairang Hydropower Development Company Limited.,0.00,12.6,12.6,2021-10-11,2021-10-21 [Closed],,,2077/2078
NLBBL,Nerude Laghubitta Bittiya Sanstha Limited,21.4876,1.1309,22.6185,2021-10-11,2021-12-12 [Closed],,2022-06-13,2077/2078
GIMES1,Global IME Samunnat Scheme 1,0.00,100.00,100.00,2021-10-11,2021-12-08 [Closed],,,2077/2078
GBIME,Global IME Bank Limited,10.00,3.5,13.5,2021-10-11,2021-11-29 [Closed],,2022-02-22,2077/2078
MLBSL,Mahila Laghubitta Bittiya Sanstha Limited,47.5,2.5,50.00,2021-10-10,2021-12-02 [Closed],,2022-02-15,2077/2078
NBB,Nepal Bangladesh Bank Limited,12.00,3.5,15.5,2021-10-10,2021-11-01 [Closed],,2022-02-20,2077/2078
SHIVM,Shivam Cements Limited,0.00,29.00,29.00,2021-10-10,2021-10-25 [Closed],,,2077/2078
HBL,Himalayan Bank Limited,21.38,4.62,26.00,2021-10-08,2021-12-26 [Closed],,2022-08-10,2077/2078
SWBBL,Swabalamban Laghubitta Bittiya Sanstha Limited,19.00,6.00,25.00,2021-10-08,2021-12-21 [Closed],,2022-07-15,2077/2078
MBL,Machhapuchchhre Bank Limited,13.3,0.7,14.00,2021-10-08,2021-10-24 [Closed],,2022-01-20,2077/2078
SADBL,Shangrila Development Bank Limited,10.00,0.5263,10.5263,2021-10-06,2021-10-22 [Closed],,2021-12-20,2077/2078
SABSL,Sabaiko Laghubitta Bittiya Sanstha Limited,31.05,1.63,32.68,2021-10-06,2021-12-03 [Closed],,2022-03-27,2077/2078
GILB,Global IME Laghubitta Bittiya Sanstha Limited,28.00,0.00,28.00,2021-10-06,2021-11-30 [Closed],,2022-03-31,2077/2078
NICLBSL,NIC Asia Laghubitta Bittiya Sanstha Limited,0.00,5.41,5.41,2021-10-05,2021-11-09 [Closed],,,2077/2078
MERO,Mero Microfinance Laghubitta Bittiya Sanstha Limited,20.00,1.0526,21.0526,2021-10-05,2021-11-25 [Closed],,2022-02-15,2077/2078
SCB,Standard Chartered Bank Nepal Limited,10.00,3.06,13.06,2021-10-05,2021-11-26 [Closed],,2022-02-16,2077/2078
NIB,Nepal Investment Bank Limited,12.611,3.389,16.00,2021-10-04,2021-11-22 [Closed],,2022-02-15,2077/2078
ALBSL,Asha Laghubitta Bittiya Sanstha Limited,25.00,1.3158,26.3158,2021-10-04,2021-10-29 [Closed],,2022-01-20,2077/2078
NIBPO,Nepal Investment Bank Limited Promoter Share,12.611,3.389,16.00,2021-10-04,2021-11-22 [Closed],,,2077/2078
RSDC,RSDC Laghubitta Bittiya Sanstha Limited,10.00,0.5263,10.5263,2021-10-03,2021-11-16 [Closed],,2022-05-25,2077/2078
LLBS,Laxmi Laghubitta Bittiya Sanstha Limited,20.00,7.3684,27.3684,2021-10-03,2021-11-16 [Closed],,2022-01-09,2077/2078
SMFBS,Swabhimaan Laghubitta Bittiya Sanstha Limited,32.3,1.7,34.00,2021-10-03,2021-12-09 [Closed],,2022-03-29,2077/2078
HLBSL,Himalayan Laghubitta Bittiya Sanstha Limited (Former Civil Laghubitta),19.00,1.00,20.00,2021-09-30,2021-10-31 [Closed],,2022-02-15,2077/2078
RHPC,Ridi Hydropower Development Company Limited,0.00,12.6,12.6,2021-09-30,2021-10-19 [Closed],,,2077/2078
KBL,Kumari Bank Limited,6.00,2.67,8.67,2021-09-28,2021-10-25 [Closed],,2022-01-09,2077/2078
GLBSL,Gurans Laghubitta Bittiya Sanstha Limited,16.9064,0.8894,17.796,2021-09-27,2021-10-25 [Closed],,2022-01-20,2077/2078
CZBIL,Citizens Bank International Limited,12.913,3.087,16.00,2021-09-26,2021-10-08 [Closed],,2021-12-16,2077/2078
KSBBL,Kamana Sewa Bikas Bank Limited,18.5,0.97,19.47,2021-09-24,2021-10-27 [Closed],,2022-01-05,2077/2078
SANIMA,Sanima Bank Limited,17.00,0.8947,17.8947,2021-09-23,2021-10-24 [Closed],,2022-01-05,2077/2078
NIFRA,Nepal Infrastructure Bank Limited,8.00,0.42,8.42,2021-09-21,2021-11-25 [Closed],,2022-02-17,2077/2078
AHPC,Arun Valley Hydropower Development Company Limited,10.00,0.526,10.526,2021-09-16,2021-09-27 [Closed],,2022-01-04,2077/2078
NLO,Nepal Lube Oil Limited,30.00,5.00,35.00,2021-09-12,2021-09-21 [Closed],,2022-02-14,2077/2078
SHPC,Sanima Mai Hydropower Limited,10.00,0.5263,10.5263,2021-09-10,2021-10-04 [Closed],,2022-01-02,2077/2078
SDLBSL,Sadhana Laghubitta Bittiya Sanstha Limited,25.00,1.32,26.32,2021-09-10,2021-10-20 [Closed],,2022-01-20,2077/2078
SLBBL,Swarojgar Laghubitta Bittiya Sanstha Limited,25.00,0.00,25.00,2021-09-08,2021-10-29 [Closed],,2022-01-25,2077/2078
NEF,Nabil Equity Fund,0.00,40.00,40.00,2021-09-08,2021-09-27 [Closed],,,2077/2078
NBF2,Nabil Balanced Fund - 2,0.00,35.00,35.00,2021-09-08,2021-09-27 [Closed],,,2077/2078
UNL,Unilever Nepal Limited,0.00,650.00,650.00,2021-09-07,2021-10-11 [Closed],,,2077/2078
FMDBL,First Microfinance Laghubitta Bittiya Sanstha Limited,10.00,0.53,10.53,2021-09-05,2021-11-21 [Closed],,2022-02-22,2077/2078
DDBL,Deprosc Laghubitta Bittiya Sanstha Limited,20.00,1.053,21.053,2021-09-02,2021-09-28 [Closed],,2023-01-04,2077/2078
SAEF,Sanima Equity Fund,0.00,33.00,33.00,2021-09-01,2021-09-17 [Closed],,,2077/2078
SLCF,Sanima Large Cap Fund,0.00,4.00,4.00,2021-09-01,2021-09-17 [Closed],,,2077/2078
AKPL,Arun Kabeli Power Limited,17.00,0.89,17.89,2021-08-18,2021-08-31 [Closed],,2021-11-17,2077/2078
RURU,Ru Ru Jalbidhyut Pariyojana Limited,10.00,0.5263,10.5263,2021-08-18,2021-09-23 [Closed],,2022-01-23,2077/2078
CMF1,Citizens Mutual Fund-1,0.00,40.00,40.00,2021-08-18,2021-09-09 [Closed],,,2077/2078
CMF2,Citizens Mutual Fund - 2,0.00,40.00,40.00,2021-08-18,2021-09-09 [Closed],,,2077/2078
API,Api Power Company Limited,10.5,0.55,11.05,2021-08-17,2021-09-03 [Closed],,2021-11-15,2077/2078
NMBHF1,NMB Hybrid Fund L- 1,0.00,20.00,20.00,2021-08-17,2021-09-03 [Closed],,,2077/2078
NMB50,NMB 50,0.00,30.00,30.00,2021-08-17,2021-09-03 [Closed],,,2077/2078
SFMF,Sunrise First Mutual Fund,0.00,50.00,50.00,2021-08-16,2021-09-01 [Closed],,,2077/2078
MMFDB,Mirmire Laghubitta Bittiya Sanstha Limited,20.00,0.00,20.00,2021-08-15,2022-01-03 [Closed],,2022-09-15,2077/2078
NGPL,Ngadi Group Power Limited,20.00,1.05,21.05,2021-08-15,2021-09-03 [Closed],,2021-11-19,2077/2078
SPDL,Synergy Power Development Limited,10.00,0.5263,10.5263,2021-08-09,2021-08-20 [Closed],,2021-11-03,2077/2078
SEF,Siddhartha Equity Fund,0.00,30.00,30.00,2021-08-06,2021-08-16 [Closed],,,2077/2078
SIGS2,Siddhartha Investment Growth Scheme-2,0.00,30.00,30.00,2021-08-06,2021-08-16 [Closed],,,2077/2078
KEF,Kumari Equity Fund,0.00,5.00,5.00,2021-08-02,2021-08-09 [Closed],,,2077/2078
NICGF,NIC Asia Growth Fund,0.00,30.00,30.00,2021-08-01,2021-09-12 [Closed],,,2077/2078
NICBF,NIC ASIA Balanced Fund,0.00,30.00,30.00,2021-08-01,2021-09-12 [Closed],,,2077/2078
NADDF,NIC Asia Dynamic Debt Fund,0.00,10.00,10.00,2021-08-01,2021-08-12 [Closed],,,2077/2078
NIBLPF,NIBL Pragati Fund,0.00,50.00,50.00,2021-07-30,2021-08-13 [Closed],,,2077/2078
NIBSF1,NIBL Samriddhi Fund 1,0.00,35.00,35.00,2021-07-30,2021-08-13 [Closed],,,2077/2078
NIBLSF,NIBL Sahabhagita Fund,0.00,50.00,50.00,2021-07-30,2021-07-29 [Closed],,,2077/2078
LEMF,Laxmi Equity Fund,0.00,35.00,35.00,2021-07-22,2021-07-30 [Closed],,,2077/2078
LUK,Laxmi Unnati Kosh,0.00,25.00,25.00,2021-07-20,2021-07-28 [Closed],,,2077/2078
NICACL,NIC Asia Capital Limited,0.00,48.00,48.00,,,,,2077/2078
MuktinathCap,Muktinath Capital Limited,0.00,18.00,18.00,,,,,2077/2078
NMBCAP,NMB Capital Limited,0.00,30.00,30.00,,,,,2077/2078
SANCAP,Sanima Capital Limited,0.00,25.00,25.00,,,,,2077/2078
NIBLACE,NIBL Ace Capital Limited,0.00,26.00,26.00,,,,,2077/2078
PRABHU,Prabhu Capital Limited,28.3885,17.61,45.9985,,,,,2077/2078
HATHY,Hathway Investment Nepal Limited,25.00,30.00,55.00,,,,,2077/2078
SIDCL,Siddhartha Capital Limited,0.00,40.00,40.00,,,,,2077/2078
NBCL,Nepal Bangladesh Capital Limited,0.00,19.00,19.00,,,,,2077/2078
BOKCML,BOK Capital Market Limited,0.00,18.00,18.00,,,,,2077/2078
CCML,Century Capital Markets Limited,0.00,6.25,6.25,,,,,2077/2078
CBIL,Citizens Capital Ltd. (Former CBIL Capital ),0.00,25.00,25.00,,,,,2077/2078
SUCL,Sunrise Capital Limited (NCM/NIDC),0.00,40.00,40.00,,,,,2077/2078
MCL,Machhapuchchhre Capital Limited,7.00,6.4,13.4,,,,,2077/2078
NABILINV,Nabil Investment Banking Limited,35.00,1.842,36.842,,,,,2077/2078
MCML,Mega Capital Markets Limited,0.00,16.00,16.00,,,,,2077/2078
RBBMBL,RBB Merchant Banking Limited,0.00,10.00,10.00,,,,,2077/2078
ICRA,ICRA Nepal Limited,20.00,31.32,51.32,,,,,2077/2078
GBIMEL,Global IME Capital Limited,70.00,30.00,100.00,,,,,2077/2078
CDS,CDS & Clearing Limited,0.00,40.00,40.00,,,,,2077/2078
LGIL,Lumbini General Insurance Limited,9.5238,0.4762,10.00,,,,,2077/2078
GCL,Garima Capital Limited,0.00,15.65,15.65,,,,,2077/2078
SLI,Sanima Life Insurance Company Limited,4.2,0.22,4.42,2022-04-13,2022-06-22 [Closed],,2022-11-29,2076/2077
NLIC,Nepal Life Insurance Company Limited,14.00,0.7368,14.7368,2022-02-06,2022-03-21 [Closed],,2022-06-09,2076/2077
NLICL,National Life Insurance Company Limited,19.00,1.00,20.00,2022-01-27,2022-03-06 [Closed],,2022-05-17,2076/2077
LICN,Life Insurance Corporation Nepal Limited,20.00,1.0526,21.0526,2021-12-24,2022-02-07 [Closed],,2022-04-27,2076/2077
RLI,Reliance Life Insurance Limited,,5.2632,5.2632,2021-12-05,2021-12-12 [Closed],,,2076/2077
ALICL,Asian Life Insurance Company Limited,25.00,2.00,27.00,2021-11-17,2022-01-26 [Closed],,2022-03-27,2076/2077
JLI,Jyoti Life Insurance Company Limited,10.00,0.5263,10.5263,2021-11-01,2022-02-07 [Closed],,2022-05-18,2076/2077
SLICL,Surya Life Insurance Company Limited,12.7,0.6684,13.3684,2021-10-31,2021-12-24 [Closed],,2022-03-02,2076/2077
PLIC,Prime Life Insurance Company Limited,15.00,0.87,15.87,2021-09-26,2021-11-26 [Closed],,2022-03-21,2076/2077
RURU,Ru Ru Jalbidhyut Pariyojana Limited,0.00,10.5263,10.5263,2021-08-18,2021-09-23 [Closed],,,2076/2077
NRIC,Nepal Reinsurance Company Limited,16.5,2.5,19.00,2021-06-22,2021-12-29 [Closed],,2022-06-21,2076/2077
NAGRO,Nepal Agro Laghubitta Bittiya Sanstha Limited,14.00,0.00,14.00,2021-06-14,2021-06-22 [Closed],,2021-07-20,2076/2077
NLG,NLG Insurance Company Limited,10.00,0.5263,10.5263,2021-06-01,2021-07-29 [Closed],,2021-11-15,2076/2077
NIL,Neco Insurance Limited,15.5,0.82,16.32,2021-05-24,2021-07-02 [Closed],,2021-11-02,2076/2077
SIC,Sagarmatha Insurance Company Limited,11.00,0.5789,11.5789,2021-05-19,2021-07-01 [Closed],,2021-12-16,2076/2077
RADHI,Radhi Bidyut Company Limited,36.5,0.00,36.5,2021-05-17,2021-06-29 [Closed],,2021-08-18,2076/2077
LGIL,Lumbini General Insurance Limited,5.00,5.00,10.00,2021-04-16,2021-05-28 [Closed],,2021-08-18,2076/2077
EDBL,Excel Development Bank Limited,12.00,0.63,12.63,2021-04-09,2021-09-17 [Closed],,2022-03-29,2076/2077
STC,Salt Trading Corporation Limited,20.00,5.00,25.00,2021-04-05,2021-10-19 [Closed],,,2076/2077
CIT,Citizen Investment Trust,9.00,8.8947,17.8947,2021-04-04,2021-06-22 [Closed],,2021-09-01,2076/2077
SIL,Siddhartha Insurance Limited,12.00,3.7894,15.7894,2021-03-25,2021-05-28 [Closed],,2021-09-02,2076/2077
SLBS,Suryodaya Laghubitta Bittiya Sanstha Limited,15.3457,0.8076,16.1534,2021-03-15,2021-04-01 [Closed],,2021-08-26,2076/2077
USLB,Unnati Sahakarya Laghubitta Bittiya Sanstha Limited,17.8103,0.00,17.8103,2021-03-09,2021-03-31 [Closed],,2021-11-02,2076/2077
MLBBL,Mithila Laghubitta Bittiya Sanstha Limited,12.00,0.6315,12.6315,2021-03-09,2021-03-30 [Closed],,2021-08-06,2076/2077
NHDL,Nepal Hydro Developer Limited,15.00,0.7895,15.7895,2021-03-07,2021-03-16 [Closed],,2021-07-27,2076/2077
RLFL,Reliance Finance Limited,10.00,0.53,10.53,2021-03-05,2021-04-23 [Closed],,2021-08-06,2076/2077
EIC,Everest Insurance Company Limited,8.00,0.42,8.42,2021-03-05,2021-05-12 [Closed],,2021-07-08,2076/2077
KMCDB,Kalika Laghubitta Bittiya Sanstha Limited,10.00,0.00,10.00,2021-03-05,2021-04-04 [Closed],,2022-01-02,2076/2077
NTC,Nepal Doorsanchar Company Limited,0.00,40.00,40.00,2021-03-03,2021-03-12 [Closed],,,2076/2077
SADBL,Shangrila Development Bank Limited,5.00,0.2632,5.2632,2021-02-28,2021-03-23 [Closed],,2021-07-04,2076/2077
NSLB,Naya Sarathi Laghubitta Bittiya Sanstha Limited,8.12,0.4274,8.5474,2021-02-24,2021-04-01 [Closed],,2021-08-29,2076/2077
ACLBSL,Aarambha Chautari Laghubitta Bittiya Sanstha Limited,8.85,0.00,8.85,2021-02-24,2021-03-31 [Closed],,2022-01-10,2076/2077
IGIL,IME General Insurance Limited,7.00,0.37,7.37,2021-02-17,2021-04-15 [Closed],,2021-07-26,2076/2077
HGI,Himalayan General Insurance Company Limited,3.00,3.75,6.75,2021-02-16,2021-05-27 [Closed],,2021-07-18,2076/2077
MSLB,Mahuli Laghubitta Bittiya Sanstha Limited,20.00,1.05,21.05,2021-02-14,2021-03-23 [Closed],,2021-11-02,2076/2077
PRIN,Prabhu Insurance Company Limited,10.00,0.53,10.53,2021-02-14,2021-05-09 [Closed],,2021-07-15,2076/2077
DDBL,Deprosc Laghubitta Bittiya Sanstha Limited,15.00,5.00,20.00,2021-02-11,2021-03-23 [Closed],,2021-07-11,2076/2077
PICL,Prudential Insurance Company Limited,8.00,0.42,8.42,2021-02-08,2021-05-02 [Closed],,2021-08-06,2076/2077
MLBL,Mahalaxmi Bikas Bank Limited,8.8,0.46,9.26,2021-02-03,2021-03-16 [Closed],,2021-07-12,2076/2077
JSLBB,Janautthan Samudayic Laghubitta Bittiya Sanstha Limited,49.4,2.6,52.00,2021-02-02,2021-05-06 [Closed],,2021-11-02,2076/2077
SABSL,Sabaiko Laghubitta Bittiya Sanstha Limited,10.5,0.55,11.05,2021-01-31,2021-03-12 [Closed],,2021-08-08,2076/2077
NICL,Nepal Insurance Company Limited,8.00,2.00,10.00,2021-01-22,2021-03-30 [Closed],,2021-06-22,2076/2077
MSMBS,Mahila Sahayatra Laghubitta Bittiya Sanstha Limited,10.00,0.53,10.53,2021-01-21,2021-03-14 [Closed],,2021-07-07,2076/2077
SMFBS,Swabhimaan Laghubitta Bittiya Sanstha Limited,20.00,1.05,21.05,2021-01-18,2021-02-12 [Closed],,2021-05-06,2076/2077
GRDBL,Green Development Bank Limited,3.8,0.2,4.00,2021-01-13,2021-03-30 [Closed],,2021-11-19,2076/2077
CBL,Civil Bank Limited,8.00,0.42,8.42,2021-01-12,2021-02-05 [Closed],,2021-04-12,2076/2077
PIC,Premier Insurance Company (Nepal) Limited,0.00,11.05,11.05,2021-01-12,2021-03-24 [Closed],,,2076/2077
HLBSL,Himalayan Laghubitta Bittiya Sanstha Limited (Former Civil Laghubitta),3.5,0.1842,3.6842,2021-01-12,2021-03-04 [Closed],,2021-07-08,2076/2077
NUBL,Nirdhan Utthan Laghubitta Bittiya Sanstha Limited,13.00,0.68,13.68,2021-01-10,2021-02-23 [Closed],,2021-07-05,2076/2077
NLBBL,Nerude Laghubitta Bittiya Sanstha Limited,8.00,0.42,8.42,2021-01-10,2021-02-19 [Closed],,2021-09-15,2076/2077
TRH,Taragaon Regency Hotel Limited,0.00,10.00,10.00,2021-01-08,2021-02-12 [Closed],,,2076/2077
GMFBS,Ganapati Laghubitta Bittiya Sanstha Limited,15.00,0.79,15.79,2021-01-07,2021-02-26 [Closed],,2021-05-10,2076/2077
FOWAD,Forward Microfinance Laghubitta Bittiya Sanstha Limited,25.00,6.58,31.58,2021-01-07,2021-02-17 [Closed],,2021-08-06,2076/2077
NIBPO,Nepal Investment Bank Limited Promoter Share,13.00,5.5,18.5,2021-01-07,2021-01-06 [Closed],,,2076/2077
SICL,Shikhar Insurance Company Limited,27.769,1.462,29.231,2021-01-05,2021-03-10 [Closed],,2021-05-25,2076/2077
NMFBS,National Laghubitta Bittiya Sanstha Limited,21.00,6.00,27.00,2021-01-04,2021-02-26 [Closed],,2021-07-07,2076/2077
NRN,NRN Infrastructure and Development Limited,2.85,0.15,3.00,2021-01-01,2021-01-25 [Closed],,2021-05-04,2076/2077
CFCL,Central Finance Limited,7.00,3.00,10.00,2020-12-28,2021-01-25 [Closed],,2021-07-26,2076/2077
GBBL,Garima Bikas Bank Limited,13.5,0.7105,14.21,2020-12-27,2021-01-25 [Closed],,2021-04-18,2076/2077
SFFIL,Srijana Finance Limited,13.59,0.68,14.27,2020-12-24,2021-03-14 [Closed],,2021-06-17,2076/2077
NEPSE,Nepal Stock Exchange Limited,20.00,30.00,50.00,2020-12-23,2021-01-02 [Closed],,,2076/2077
NABIL,Nabil Bank Limited,33.5,1.76,35.26,2020-12-22,2020-12-30 [Closed],,2021-03-10,2076/2077
NGPL,Ngadi Group Power Limited,10.00,0.526,10.526,2020-12-22,2020-12-30 [Closed],,2021-04-05,2076/2077
VLBS,Vijaya Laghubitta Bittiya Sanstha Limited,19.00,1.00,20.00,2020-12-21,2021-01-01 [Closed],,2021-03-30,2076/2077
NMB,NMB Bank Limited,13.00,3.2,16.2,2020-12-21,2020-12-31 [Closed],,2021-03-09,2076/2077
PCBL,Prime Commercial Bank Limited,15.00,0.00,15.00,2020-12-21,2021-01-04 [Closed],,2021-05-10,2076/2077
SWBBL,Swabalamban Laghubitta Bittiya Sanstha Limited,19.0057,1.00,20.0057,2020-12-20,2021-03-12 [Closed],,2021-09-01,2076/2077
NIB,Nepal Investment Bank Limited,13.00,5.5,18.5,2020-12-20,2021-01-06 [Closed],,2021-04-18,2076/2077
PFL,Pokhara Finance Limited,5.00,0.263,5.263,2020-12-20,2021-01-01 [Closed],,2021-03-29,2076/2077
NCCB,Nepal Credit and Commerce Bank Limited,10.2695,0.5405,10.81,2020-12-20,2021-01-05 [Closed],,2021-02-04,2076/2077
BPCL,Butwal Power Company Limited,10.00,15.00,25.00,2020-12-20,2021-01-01 [Closed],,2021-03-22,2076/2077
KSBBL,Kamana Sewa Bikas Bank Limited,4.4,0.23,4.63,2020-12-20,2020-12-31 [Closed],,2021-02-15,2076/2077
SHINE,Shine Resunga Development Bank Limited,13.00,0.00,13.00,2020-12-20,2020-12-31 [Closed],,2021-04-13,2076/2077
LLBS,Laxmi Laghubitta Bittiya Sanstha Limited,15.00,8.16,23.16,2020-12-20,2021-01-01 [Closed],,2021-02-15,2076/2077
GFCL,Goodwill Finance Company Limited,8.4,3.6,12.00,2020-12-20,2021-01-01 [Closed],,2021-04-29,2076/2077
HDL,Himalayan Distillery Limited,50.00,50.00,100.00,2020-12-18,2021-01-01 [Closed],,2021-02-15,2076/2077
JBBL,Jyoti Bikash Bank Limited,10.00,0.00,10.00,2020-12-18,2021-01-13 [Closed],,2021-03-09,2076/2077
NBL,Nepal Bank Limited,12.00,4.00,16.00,2020-12-17,2020-12-31 [Closed],,2021-04-08,2076/2077
TMDBL,Tinau Mission Development Bank Limited,6.00,0.00,6.00,2020-12-17,2021-01-15 [Closed],,2021-03-02,2076/2077
MEGA,Mega Bank Nepal Limited,10.00,3.05,13.05,2020-12-17,2021-01-01 [Closed],,2021-02-25,2076/2077
SPDL,Synergy Power Development Limited,4.75,0.25,5.00,2020-12-16,2020-12-27 [Closed],,2021-05-02,2076/2077
CHL,Chhyangdi Hydropower Company Limited,5.00,0.26,5.26,2020-12-16,2021-01-01 [Closed],,2021-04-21,2076/2077
LBL,Laxmi Bank Limited,9.00,2.5,11.5,2020-12-15,2021-01-01 [Closed],,2021-03-07,2076/2077
SPARS,Sparsha Laghubitta Bittiya Sanstha Limited,19.5,1.03,20.53,2020-12-15,2020-12-30 [Closed],,2021-02-23,2076/2077
GILB,Global IME Laghubitta Bittiya Sanstha Limited,27.47,1.45,28.92,2020-12-14,2020-12-30 [Closed],,2021-02-25,2076/2077
ADBL,Agricultural Development Bank Limited,15.00,0.7895,15.7895,2020-12-14,2020-12-30 [Closed],,2021-02-25,2076/2077
CCBL,Century Commercial Bank Limited,5.25,2.25,7.5,2020-12-14,2020-12-31 [Closed],,2021-03-18,2076/2077
BARUN,Barun Hydropower Company Limited,5.00,0.263,5.263,2020-12-14,2020-12-31 [Closed],,2021-04-05,2076/2077
SDLBSL,Sadhana Laghubitta Bittiya Sanstha Limited,18.00,0.9474,20.00,2020-12-13,2020-12-31 [Closed],,2021-04-20,2076/2077
GMFIL,Guheswori Merchant Banking & Finance Limited,8.00,3.4,11.4,2020-12-10,2021-01-05 [Closed],,2021-04-08,2076/2077
UMHL,United Modi Hydropower Limited,0.00,5.263,5.263,2020-12-10,2020-12-20 [Closed],,,2076/2077
LBBL,Lumbini Bikas Bank Limited,7.00,3.00,10.00,2020-12-08,2020-12-29 [Closed],,2021-03-17,2076/2077
SKBBL,Sana Kisan Bikas Laghubitta Bittiya Sanstha Limited,25.00,1.3157,26.3157,2020-12-08,2020-12-31 [Closed],,2021-04-18,2076/2077
PRVU,Prabhu Bank Limited,10.00,0.5263,10.52,2020-12-07,2020-12-25 [Closed],,2021-03-03,2076/2077
MNBBL,Muktinath Bikas Bank Limited,11.25,4.26,15.51,2020-12-07,2020-12-28 [Closed],,2021-02-15,2076/2077
ICFC,ICFC Finance Limited,10.5,4.5,15.00,2020-12-07,2021-01-03 [Closed],,2021-02-23,2076/2077
ILBS,Infinity Laghubitta Bittiya Sanstha Limited,14.25,0.75,15.00,2020-12-06,2021-01-22 [Closed],,2021-05-11,2076/2077
SBL,Siddhartha Bank Limited,12.00,3.00,15.00,2020-12-06,2021-01-12 [Closed],,2021-04-07,2076/2077
MDB,Miteri Development Bank Limited,15.00,0.79,15.79,2020-12-06,2020-12-29 [Closed],,2021-02-11,2076/2077
MFIL,Manjushree Finance Limited,18.00,5.5,23.5,2020-12-06,2020-12-30 [Closed],,2021-03-01,2076/2077
SIFC,Shree Investment Finance Company Limited,7.37,3.16,10.53,2020-12-04,2020-12-30 [Closed],,2021-04-05,2076/2077
CBBL,Chhimek Laghubitta Bittiya Sanstha Limited,22.00,7.00,29.00,2020-12-03,2020-12-30 [Closed],,2021-03-07,2076/2077
WOMI,Womi Laghubitta Bittiya Sanstha Limited,30.00,0.00,30.00,2020-12-02,2020-12-30 [Closed],,2021-02-24,2076/2077
CHCL,Chilime Hydro power Company Limited,10.00,10.00,20.00,2020-12-01,2020-12-14 [Closed],,2021-02-03,2076/2077
SHPC,Sanima Mai Hydropower Limited,10.00,5.00,15.00,2020-12-01,2020-12-28 [Closed],,2021-02-21,2076/2077
NBB,Nepal Bangladesh Bank Limited,6.00,2.42,8.42,2020-12-01,2020-12-25 [Closed],,2021-03-18,2076/2077
HBL,Himalayan Bank Limited,14.00,6.00,20.00,2020-11-30,2020-12-29 [Closed],,2021-03-14,2076/2077
SLBBL,Swarojgar Laghubitta Bittiya Sanstha Limited,12.3907,0.6521,13.04,2020-11-29,2021-02-27 [Closed],,2021-07-05,2076/2077
AHPC,Arun Valley Hydropower Development Company Limited,5.00,0.263,5.263,2020-11-29,2020-12-11 [Closed],,2021-02-15,2076/2077
NMBMF,NMB Laghubitta Bittiya Sanstha Limited,19.00,1.00,20.00,2020-11-25,2020-12-29 [Closed],,2021-03-29,2076/2077
SRBL,Sunrise Bank Limited,5.8,2.48,8.28,2020-11-23,2020-12-22 [Closed],,2021-03-25,2076/2077
RHPC,Ridi Hydropower Development Company Limited,5.00,0.26,5.26,2020-11-20,2020-11-30 [Closed],,2020-12-15,2076/2077
SBI,Nepal SBI Bank Limited,6.00,3.47,9.47,2020-11-20,2020-12-30 [Closed],,2021-03-02,2076/2077
AKPL,Arun Kabeli Power Limited,5.71,0.29,6.00,2020-11-19,2020-11-27 [Closed],,2021-03-10,2076/2077
MMFDB,Mirmire Laghubitta Bittiya Sanstha Limited,9.2,0.4829,9.6829,2020-11-12,2021-03-21 [Closed],,2021-07-04,2076/2077
EBL,Everest Bank Limited,5.00,5.53,10.53,2020-11-05,2020-12-25 [Closed],,2021-02-22,2076/2077
MERO,Mero Microfinance Laghubitta Bittiya Sanstha Limited,16.9399,0.8916,17.8315,2020-11-04,2021-01-01 [Closed],,2021-07-14,2076/2077
RMDC,RMDC Laghubitta Bittiya Sanstha Limited,15.00,5.00,20.00,2020-11-02,2020-11-23 [Closed],,2021-02-09,2076/2077
API,Api Power Company Limited,9.00,0.00,9.00,2020-11-01,2020-11-16 [Closed],,2021-02-14,2076/2077
SCB,Standard Chartered Bank Nepal Limited,7.00,4.84,11.84,2020-10-30,2020-12-24 [Closed],,2021-02-25,2076/2077
GBIME,Global IME Bank Limited,14.00,2.00,16.00,2020-10-28,2020-12-30 [Closed],,2021-03-17,2076/2077
KBL,Kumari Bank Limited,10.85,3.15,14.00,2020-10-22,2020-11-30 [Closed],,2021-01-12,2076/2077
NICA,NIC Asia Bank Limited,19.00,1.00,20.00,2020-10-21,2020-11-25 [Closed],,2021-01-15,2076/2077
CZBIL,Citizens Bank International Limited,8.00,3.00,11.00,2020-10-19,2020-11-26 [Closed],,2021-01-27,2076/2077
SHIVM,Shivam Cements Limited,0.00,24.21,24.21,2020-10-15,2020-10-29 [Closed],,,2076/2077
SANIMA,Sanima Bank Limited,10.00,3.6,13.6,2020-10-14,2020-11-02 [Closed],,2021-02-01,2076/2077
RSDC,RSDC Laghubitta Bittiya Sanstha Limited,9.00,3.63,12.63,2020-10-11,2020-12-25 [Closed],,2021-03-29,2076/2077
SAEF,Sanima Equity Fund,0.00,7.00,7.00,2020-10-04,2020-10-30 [Closed],,,2076/2077
BOKL,Bank of Kathmandu Limited,13.00,3.00,16.00,2020-10-01,2020-11-13 [Closed],2020-12-01,2021-01-18,2076/2077
NLO,Nepal Lube Oil Limited,0.00,10.00,10.00,2020-09-30,2020-10-08 [Closed],,,2076/2077
UNL,Unilever Nepal Limited,0.00,100.00,100.00,2020-09-27,2020-11-12 [Closed],,,2076/2077
NMB50,NMB 50,0.00,5.00,5.00,2020-09-21,2020-10-02 [Closed],2020-10-15,,2076/2077
NMBHF1,NMB Hybrid Fund L- 1,0.00,8.00,8.00,2020-09-21,2020-10-02 [Closed],2020-10-14,,2076/2077
ALBSL,Asha Laghubitta Bittiya Sanstha Limited,15.00,0.7895,15.7895,2020-09-17,2020-12-27 [Closed],,2021-02-24,2076/2077
MBL,Machhapuchchhre Bank Limited,7.03,3.37,10.4,2020-09-17,2020-10-08 [Closed],,2021-03-07,2076/2077
CMF2,Citizens Mutual Fund - 2,0.00,10.00,10.00,2020-09-15,2020-10-01 [Closed],,,2076/2077
CMF1,Citizens Mutual Fund-1,0.00,15.00,15.00,2020-09-15,2020-10-01 [Closed],,,2076/2077
SFMF,Sunrise First Mutual Fund,0.00,7.00,7.00,2020-09-13,2020-09-27 [Closed],,,2076/2077
GIMES1,Global IME Samunnat Scheme 1,0.00,4.00,4.00,2020-08-31,2020-09-25 [Closed],,,2076/2077
LEMF,Laxmi Equity Fund,0.00,4.25,4.25,2020-08-30,2020-09-08 [Closed],,,2076/2077
FMDBL,First Microfinance Laghubitta Bittiya Sanstha Limited,9.5,4.1842,13.6842,2020-08-27,2020-11-20 [Closed],,2021-01-27,2076/2077
NBF2,Nabil Balanced Fund - 2,0.00,9.00,9.00,2020-08-27,2020-09-10 [Closed],,,2076/2077
NEF,Nabil Equity Fund,0.00,6.00,6.00,2020-08-27,2020-09-10 [Closed],,,2076/2077
SMATA,Samata Gharelu Laghubitta Bittiya Sanstha Limited,20.00,6.32,26.32,2020-08-23,2020-12-20 [Closed],,2021-04-29,2076/2077
NIBLSF,NIBL Sahabhagita Fund,0.00,8.25,8.25,2020-08-19,2020-08-07 [Closed],2020-08-18,,2076/2077
NIBSF1,NIBL Samriddhi Fund 1,0.00,12.00,12.00,2020-08-14,2020-08-21 [Closed],,,2076/2077
NICGF,NIC Asia Growth Fund,0.00,12.00,12.00,2020-08-11,2020-09-10 [Closed],2020-09-21,,2076/2077
NICBF,NIC ASIA Balanced Fund,0.00,8.00,8.00,2020-08-11,2020-09-10 [Closed],2020-09-21,,2076/2077
SEF,Siddhartha Equity Fund,0.00,7.5,7.5,2020-08-09,2020-08-16 [Closed],,,2076/2077
SIGS2,Siddhartha Investment Growth Scheme-2,0.00,5.00,5.00,2020-08-09,2020-08-16 [Closed],,,2076/2077
NICACL,NIC Asia Capital Limited,0.00,18.00,18.00,,,,,2076/2077
KCL,Kumari Capital Limited,0.00,4.00,4.00,,,,,2076/2077
NIBLACE,NIBL Ace Capital Limited,0.00,22.22,22.22,,,,,2076/2077
GBIMEL,Global IME Capital Limited,0.00,6.5,6.5,,,,,2076/2077
CCML,Century Capital Markets Limited,0.00,4.00,4.00,,,,,2076/2077
CARE,Care Ratings Nepal Limited,0.00,21.0526,21.0526,,,,,2076/2077
SANCAP,Sanima Capital Limited,0.00,8.5,8.5,,,,,2076/2077
NABILINV,Nabil Investment Banking Limited,0.00,20.00,20.00,,,,,2076/2077
MCL,Machhapuchchhre Capital Limited,0.00,6.4,6.4,,,,,2076/2077
BOKCML,BOK Capital Market Limited,0.00,4.5,4.5,,,,,2076/2077
NBCL,Nepal Bangladesh Capital Limited,0.00,2.00,2.00,,,,,2076/2077
MCML,Mega Capital Markets Limited,0.00,7.00,7.00,,,,,2076/2077
ICRA,ICRA Nepal Limited,150.00,51.4951,201.4951,,,,,2076/2077
CDS,CDS & Clearing Limited,0.00,15.00,15.00,,,,,2076/2077
NMBCAP,NMB Capital Limited,0.00,21.0526,21.0526,,,,,2076/2077
NOCL,Nepal Oil Corporation Limited,0.00,20.00,20.00,,,,,2076/2077
RBBL,Rastriya Banijya Bank Limited,2.00,2.5,4.5,,,,,2076/2077
SHBL,Sahara Bikas Bank Limited,5.05,0.27,5.32,,,,,2076/2077
GLICL,Gurans Life Insurance Company Limited,7.4425,0.3917,7.8342,,2022-10-12 [Closed],,2023-01-18,2076/2077
BBC,Bishal Bazar Company Limited,,14.00,14.00,2025-02-11,2025-02-21 [Closed],,,2075/2076
GLICL,Gurans Life Insurance Company Limited,5.5004,0.2895,5.7899,2021-10-28,2021-11-09 [Closed],,2022-02-20,2075/2076
ALICL,Asian Life Insurance Company Limited,0.00,0.00,0.00,2021-03-03,2021-08-01 [Closed],,,2075/2076
PLIC,Prime Life Insurance Company Limited,7.00,8.00,15.00,2020-12-22,2021-01-01 [Closed],,2021-02-22,2075/2076
NLIC,Nepal Life Insurance Company Limited,31.00,20.00,51.00,2020-12-22,2021-01-27 [Closed],,2021-07-11,2075/2076
NLICL,National Life Insurance Company Limited,10.00,0.53,10.53,2020-12-03,2021-01-15 [Closed],,2021-03-24,2075/2076
LICN,Life Insurance Corporation Nepal Limited,10.00,0.5263,10.5263,2020-11-26,2021-02-19 [Closed],,2021-06-08,2075/2076
STC,Salt Trading Corporation Limited,25.00,10.00,35.00,2020-11-23,2020-11-30 [Closed],,2021-01-27,2075/2076
SLICL,Surya Life Insurance Company Limited,5.00,5.526,10.526,2020-11-11,2021-01-01 [Closed],,2021-05-07,2075/2076
SAPDBL,Saptakoshi Development Bank Limited,6.00,0.00,6.00,2020-08-26,2020-03-23 [Closed],,2020-08-25,2075/2076
IGIL,IME General Insurance Limited,6.00,0.31,6.31,2020-08-18,2020-02-24 [Closed],,2020-08-17,2075/2076
NICL,Nepal Insurance Company Limited,5.00,2.89,7.89,2020-08-18,2020-03-17 [Closed],,2020-08-17,2075/2076
NLG,NLG Insurance Company Limited,7.00,0.37,7.37,2020-08-12,2020-11-10 [Closed],,2021-02-15,2075/2076
GILB,Global IME Laghubitta Bittiya Sanstha Limited,17.5,0.92,18.42,2020-08-07,2019-11-11 [Closed],,2020-08-06,2075/2076
PRIN,Prabhu Insurance Company Limited,5.00,11.32,16.32,2020-08-07,2020-01-24 [Closed],,2020-08-06,2075/2076
EDBL,Excel Development Bank Limited,17.1,0.9,18.00,2020-08-07,2020-03-20 [Closed],,2020-08-06,2075/2076
SHL,Soaltee Hotel Limited,15.00,11.31,26.31,2020-08-05,2019-12-11 [Closed],2020-02-06,2020-08-05,2075/2076
SMFDB,Summit Laghubitta Bittiya Sanstha Limited,21.09,1.11,22.2,2020-08-03,2020-01-01 [Closed],,2020-08-02,2075/2076
MMFDB,Mirmire Laghubitta Bittiya Sanstha Limited,45.00,2.36,47.36,2020-07-29,2020-01-04 [Closed],,2020-06-17,2075/2076
SLBS,Suryodaya Laghubitta Bittiya Sanstha Limited,44.47,2.34,46.81,2020-07-29,2019-12-07 [Closed],,2020-06-21,2075/2076
SPARS,Sparsha Laghubitta Bittiya Sanstha Limited,13.00,0.68,13.68,2020-07-29,2019-12-26 [Closed],,2020-07-23,2075/2076
KMFL,Kisan Microfinance Bittiya Sanstha Limited,23.95,1.14,25.09,2020-07-29,2019-12-31 [Closed],,2020-07-19,2075/2076
SDESI,Swadeshi Laghubitta Bittiya Sanstha Limited,20.00,15.00,35.00,2020-07-29,2019-11-22 [Closed],,2020-07-07,2075/2076
RSDC,RSDC Laghubitta Bittiya Sanstha Limited,6.00,10.00,16.00,2020-07-29,2019-11-15 [Closed],2019-12-05,2020-07-02,2075/2076
CBBL,Chhimek Laghubitta Bittiya Sanstha Limited,27.11,17.21,44.32,2020-07-29,2019-12-02 [Closed],2019-12-23,2020-07-14,2075/2076
ILBS,Infinity Laghubitta Bittiya Sanstha Limited,10.00,5.00,15.00,2020-07-29,2019-12-20 [Closed],,2020-06-23,2075/2076
UMB,Unnati Laghubitta Bittiya Sanstha Limited,38.6,2.03,40.63,2020-07-29,2019-12-31 [Closed],,2020-07-07,2075/2076
NMFBS,National Laghubitta Bittiya Sanstha Limited,75.00,5.00,80.00,2020-07-29,2019-12-02 [Closed],,2020-06-18,2075/2076
SMATA,Samata Gharelu Laghubitta Bittiya Sanstha Limited,5.00,5.5263,10.5263,2020-07-29,2020-01-04 [Closed],2020-01-14,2020-07-23,2075/2076
SIFC,Shree Investment Finance Company Limited,2.35,10.65,13.00,2020-07-29,2019-12-17 [Closed],,2020-07-07,2075/2076
EBL,Everest Bank Limited,5.00,20.00,25.00,2020-07-29,2019-12-20 [Closed],,2020-07-07,2075/2076
MSLB,Mahuli Laghubitta Bittiya Sanstha Limited,20.00,11.579,31.579,2020-07-29,2019-12-30 [Closed],2020-01-16,2020-07-28,2075/2076
NIB,Nepal Investment Bank Limited,10.5,8.5,19.00,2020-07-29,2019-12-30 [Closed],,2020-06-11,2075/2076
NBL,Nepal Bank Limited,15.00,10.00,25.00,2020-07-29,2019-12-29 [Closed],2020-01-10,2020-06-21,2075/2076
SKBBL,Sana Kisan Bikas Laghubitta Bittiya Sanstha Limited,27.25,1.434,28.684,2020-07-29,2019-12-30 [Closed],,2020-07-23,2075/2076
PCBL,Prime Commercial Bank Limited,16.00,0.00,16.00,2020-07-29,2019-12-30 [Closed],,2020-06-11,2075/2076
UFL,United Finance Limited,3.00,7.526,10.526,2020-07-29,2019-12-30 [Closed],2020-01-19,2020-07-12,2075/2076
AHPC,Arun Valley Hydropower Development Company Limited,7.00,0.37,7.37,2020-07-29,2019-12-26 [Closed],,2020-07-19,2075/2076
DDBL,Deprosc Laghubitta Bittiya Sanstha Limited,30.00,15.00,45.00,2020-07-29,2020-01-27 [Closed],2020-02-13,2020-07-23,2075/2076
LBBL,Lumbini Bikas Bank Limited,5.00,15.00,20.00,2020-07-29,2020-01-08 [Closed],2020-01-15,2020-06-11,2075/2076
MFIL,Manjushree Finance Limited,1.75,9.8,11.55,2020-07-29,2019-12-31 [Closed],2020-01-14,2020-07-12,2075/2076
SHPC,Sanima Mai Hydropower Limited,10.00,0.5263,10.5263,2020-07-29,2019-12-25 [Closed],,2020-07-02,2075/2076
SINDU,Sindhu Bikas Bank Limited,11.4851,0.6049,12.092,2020-07-29,2020-01-01 [Closed],,2020-07-03,2075/2076
SFFIL,Srijana Finance Limited,15.00,0.789,15.789,2020-07-29,2020-01-17 [Closed],,2020-07-02,2075/2076
LGIL,Lumbini General Insurance Limited,8.125,0.406,8.531,2020-07-29,2020-06-22 [Closed],,2020-11-11,2075/2076
MDB,Miteri Development Bank Limited,18.525,0.975,19.5,2020-07-29,2020-03-10 [Closed],,2020-07-15,2075/2076
DBBL,Deva Bikas Bank Limited,8.55,0.00,8.55,2020-07-29,2020-05-18 [Closed],,2020-07-20,2075/2076
NADEP,NADEP Laghubitta Bittiya Sanstha Limited,10.00,,10.00,2020-07-26,2020-09-30 [Closed],,2021-08-06,2075/2076
TMDBL,Tinau Mission Development Bank Limited,12.00,0.00,12.00,2020-06-25,2020-06-25 [Closed],2020-11-04,2020-11-02,2075/2076
NGPL,Ngadi Group Power Limited,0.00,10.00,10.00,2020-06-24,2020-02-27 [Closed],,,2075/2076
CIT,Citizen Investment Trust,22.00,1.16,23.16,2020-06-24,2020-06-24 [Closed],,2020-08-16,2075/2076
HLBSL,Himalayan Laghubitta Bittiya Sanstha Limited (Former Civil Laghubitta),5.00,5.00,10.00,2020-06-18,2020-06-29 [Closed],,2020-09-08,2075/2076
SHINE,Shine Resunga Development Bank Limited,15.00,0.00,15.00,2020-06-05,2020-06-15 [Closed],,2020-09-06,2075/2076
NIL,Neco Insurance Limited,0.00,8.16,8.16,2020-03-22,2020-04-06 [Closed],,,2075/2076
JSLBB,Janautthan Samudayic Laghubitta Bittiya Sanstha Limited,25.00,1.32,26.32,2020-03-18,2020-03-27 [Closed],,2020-12-13,2075/2076
NMBMF,NMB Laghubitta Bittiya Sanstha Limited,12.00,0.63,12.63,2020-03-15,2020-03-23 [Closed],,2020-10-09,2075/2076
RLFL,Reliance Finance Limited,0.00,6.58,6.58,2020-03-11,2020-02-11 [Closed],2020-03-11,,2075/2076
CCBL,Century Commercial Bank Limited,2.00,4.75,6.75,2020-03-05,2020-03-13 [Closed],,,2075/2076
MSMBS,Mahila Sahayatra Laghubitta Bittiya Sanstha Limited,10.00,7.5,17.5,2020-03-04,2020-03-17 [Closed],,,2075/2076
CFCL,Central Finance Limited,0.00,7.00,7.00,2020-03-04,2020-02-11 [Closed],2020-03-04,,2075/2076
SBBLJ,Sahayogi Vikas Bank Limited,0.00,18.7215,18.7215,2020-03-02,2020-03-11 [Closed],,,2075/2076
WOMI,Womi Laghubitta Bittiya Sanstha Limited,10.00,0.53,10.53,2020-03-01,2020-03-13 [Closed],,2020-09-10,2075/2076
API,Api Power Company Limited,5.00,0.00,5.00,2020-02-28,2020-03-14 [Closed],,,2075/2076
HGI,Himalayan General Insurance Company Limited,4.00,3.75,7.75,2020-02-05,2020-06-26 [Closed],,2020-11-02,2075/2076
NLBBL,Nerude Laghubitta Bittiya Sanstha Limited,15.00,5.79,20.79,2020-01-23,2019-12-29 [Closed],2020-01-23,2020-11-27,2075/2076
TRH,Taragaon Regency Hotel Limited,0.00,12.00,12.00,2020-01-23,2019-12-24 [Closed],2020-01-24,,2075/2076
HBL,Himalayan Bank Limited,10.00,12.00,22.00,2020-01-21,2020-01-27 [Closed],,2020-10-11,2075/2076
VLBS,Vijaya Laghubitta Bittiya Sanstha Limited,15.00,5.00,20.00,2020-01-20,2019-12-29 [Closed],2020-01-14,2020-11-30,2075/2076
HDL,Himalayan Distillery Limited,50.00,52.63,102.63,2020-01-20,2019-12-01 [Closed],2020-01-19,2020-02-14,2075/2076
GFCL,Goodwill Finance Company Limited,0.00,10.00,10.00,2020-01-20,2020-01-01 [Closed],2020-01-14,,2075/2076
GMFIL,Guheswori Merchant Banking & Finance Limited,0.00,6.5,6.5,2020-01-17,2020-01-07 [Closed],2020-01-21,,2075/2076
RMDC,RMDC Laghubitta Bittiya Sanstha Limited,12.5,12.5,25.00,2020-01-16,2019-12-27 [Closed],2020-01-15,2020-03-20,2075/2076
NMB,NMB Bank Limited,21.00,14.00,35.00,2020-01-16,2019-12-20 [Closed],2020-01-16,2020-06-10,2075/2076
NBBL,Nagbeli Laghubitta Bikash Bank Limited,26.00,1.368,27.368,2020-01-14,2020-01-27 [Closed],,2020-09-09,2075/2076
NCCB,Nepal Credit and Commerce Bank Limited,15.00,0.78,15.78,2020-01-12,2020-01-21 [Closed],,2020-02-18,2075/2076
KSBBL,Kamana Sewa Bikas Bank Limited,0.00,6.8,6.8,2020-01-08,2019-12-16 [Closed],2020-01-06,,2075/2076
BPCL,Butwal Power Company Limited,10.00,18.00,28.00,2020-01-06,2019-12-25 [Closed],,2020-06-10,2075/2076
SMFBS,Swabhimaan Laghubitta Bittiya Sanstha Limited,24.00,1.27,25.27,2020-01-02,2020-01-10 [Closed],,2020-10-08,2075/2076
PFL,Pokhara Finance Limited,7.00,7.2,14.2,2020-01-01,2019-12-20 [Closed],,2020-03-12,2075/2076
CHCL,Chilime Hydro power Company Limited,20.00,5.00,25.00,2019-12-29,2019-11-13 [Closed],2019-12-16,2020-02-23,2075/2076
KBBL,Kailash Bikas Bank Limited,16.00,2.77,18.77,2019-12-27,2019-12-27 [Closed],,2020-02-09,2075/2076
NSEWA,Nepal Seva Laghubitta Bittiya Sanstha Limited,2.5,0.125,2.625,2019-12-26,2020-01-01 [Closed],,2021-03-17,2075/2076
NBB,Nepal Bangladesh Bank Limited,5.00,7.00,12.00,2019-12-25,2019-12-11 [Closed],2019-12-24,2020-08-10,2075/2076
JBBL,Jyoti Bikash Bank Limited,12.75,0.00,12.75,2019-12-25,2020-01-01 [Closed],,2020-03-05,2075/2076
KADBL,Kanchan Development Bank Limited,10.00,6.00,16.00,2019-12-25,2019-12-31 [Closed],,2020-03-02,2075/2076
GDBL,Gandaki Bikas Bank Limited,0.00,17.32,17.32,2019-12-25,2019-09-26 [Closed],,,2075/2076
SADBL,Shangrila Development Bank Limited,0.00,8.9593,8.9593,2019-12-25,2019-12-31 [Closed],,,2075/2076
NEPSE,Nepal Stock Exchange Limited,0.00,40.00,40.00,2019-12-25,2020-01-03 [Closed],,,2075/2076
CBL,Civil Bank Limited,0.00,6.57,6.57,2019-12-24,2019-12-09 [Closed],2019-12-22,,2075/2076
SMB,Support Laghubitta Bittiya Sanstha Limited,10.00,0.526,10.526,2019-12-24,2019-12-30 [Closed],,2020-09-08,2075/2076
ICFC,ICFC Finance Limited,5.00,8.00,13.00,2019-12-24,2019-12-31 [Closed],,2020-03-17,2075/2076
FOWAD,Forward Microfinance Laghubitta Bittiya Sanstha Limited,32.5,12.5,45.00,2019-12-24,2019-12-31 [Closed],,2020-12-01,2075/2076
NNLB,Naya Nepal Laghubitta Bikas Bank Limited,20.00,1.0526,21.0526,2019-12-24,2019-12-19 [Closed],,2020-08-09,2075/2076
ADBL,Agricultural Development Bank Limited,6.00,24.00,30.00,2019-12-24,2019-12-29 [Closed],,2020-03-15,2075/2076
HIDCL,Hydroelectricity Investment and Development Company Limited,0.00,12.00,12.00,2019-12-24,2020-01-02 [Closed],,,2075/2076
NTC,Nepal Doorsanchar Company Limited,0.00,45.00,45.00,2019-12-24,2019-12-31 [Closed],,,2075/2076
CHL,Chhyangdi Hydropower Company Limited,5.00,0.26,5.26,2019-12-23,2019-12-31 [Closed],,2020-09-23,2075/2076
MLBBL,Mithila Laghubitta Bittiya Sanstha Limited,15.00,0.78,15.78,2019-12-22,2019-12-31 [Closed],,2020-09-14,2075/2076
JFL,Janaki Finance Company Limited,22.00,1.16,23.16,2019-12-20,2019-12-30 [Closed],,2020-06-10,2075/2076
UMHL,United Modi Hydropower Limited,0.00,8.421,8.421,2019-12-18,2019-12-27 [Closed],,,2075/2076
SBI,Nepal SBI Bank Limited,6.00,10.84,16.84,2019-12-17,2019-11-29 [Closed],2019-12-17,2020-06-10,2075/2076
NABIL,Nabil Bank Limited,12.00,22.00,34.00,2019-12-17,2019-12-24 [Closed],,2020-03-02,2075/2076
MEGA,Mega Bank Nepal Limited,0.00,11.75,11.75,2019-12-16,2019-10-31 [Closed],2019-11-15,,2075/2076
NLO,Nepal Lube Oil Limited,0.00,30.00,30.00,2019-12-16,2019-12-26 [Closed],,,2075/2076
CHLBS,Chautari Laghubitta Bittiya Sanstha Limited,7.00,10.89,17.89,2019-12-08,2019-12-08 [Closed],,2020-07-19,2075/2076
RHPC,Ridi Hydropower Development Company Limited,5.00,0.26,5.26,2019-12-06,2019-12-05 [Closed],,,2075/2076
NUBL,Nirdhan Utthan Laghubitta Bittiya Sanstha Limited,25.00,15.53,40.53,2019-12-05,2019-12-16 [Closed],,2020-11-08,2075/2076
SWBBL,Swabalamban Laghubitta Bittiya Sanstha Limited,26.00,14.00,40.00,2019-12-05,2019-12-17 [Closed],,2020-10-14,2075/2076
AMFI,Aarambha Laghubitta Bittiya Sanstha Limited,7.38,,7.38,2019-12-03,2019-12-15 [Closed],,,2075/2076
GMFBS,Ganapati Laghubitta Bittiya Sanstha Limited,7.00,0.36,7.36,2019-12-02,2019-12-04 [Closed],,2020-03-17,2075/2076
SLBSL,Samudayik Laghubitta Bittiya Sanstha Limited,32.00,1.68,33.68,2019-12-02,2019-12-06 [Closed],,2020-08-28,2075/2076
LLBS,Laxmi Laghubitta Bittiya Sanstha Limited,15.00,11.32,26.32,2019-12-02,2019-11-27 [Closed],,2020-02-14,2075/2076
SABSL,Sabaiko Laghubitta Bittiya Sanstha Limited,13.00,0.68,13.68,2019-12-02,2019-11-21 [Closed],,2020-03-02,2075/2076
NAGRO,Nepal Agro Laghubitta Bittiya Sanstha Limited,15.00,0.00,15.00,2019-12-01,2019-12-17 [Closed],,2020-06-15,2075/2076
LBL,Laxmi Bank Limited,10.00,5.00,15.00,2019-11-28,2019-12-09 [Closed],,2020-03-04,2075/2076
SLBBL,Swarojgar Laghubitta Bittiya Sanstha Limited,26.75,1.4,28.15,2019-11-22,2019-12-01 [Closed],,2020-03-12,2075/2076
GBBL,Garima Bikas Bank Limited,16.15,0.85,17.00,2019-11-21,2019-11-29 [Closed],,2020-02-02,2075/2076
MNBBL,Muktinath Bikas Bank Limited,17.6,0.93,18.53,2019-11-18,2019-12-09 [Closed],,2020-02-12,2075/2076
SCB,Standard Chartered Bank Nepal Limited,0.00,22.5,22.5,2019-11-15,2019-11-25 [Closed],,,2075/2076
MERO,Mero Microfinance Laghubitta Bittiya Sanstha Limited,30.00,1.58,31.58,2019-11-06,2019-11-06 [Closed],,2020-01-31,2075/2076
GLBSL,Gurans Laghubitta Bittiya Sanstha Limited,7.61,0.4,8.01,2019-11-06,2019-11-13 [Closed],,2020-02-23,2075/2076
MLBL,Mahalaxmi Bikas Bank Limited,8.00,9.89,17.89,2019-11-06,2019-11-06 [Closed],,2020-02-09,2075/2076
SRBL,Sunrise Bank Limited,10.00,5.8,15.8,2019-11-04,2019-10-18 [Closed],2019-11-03,2020-02-12,2075/2076
PRVU,Prabhu Bank Limited,16.00,0.84,16.84,2019-11-03,2019-11-12 [Closed],,2020-02-04,2075/2076
JBNL,Janata Bank Nepal Limited,6.00,6.00,12.00,2019-10-27,2019-10-31 [Closed],,,2075/2076
GBIME,Global IME Bank Limited,12.75,12.75,25.5,2019-10-27,2019-11-07 [Closed],,2020-01-07,2075/2076
SBL,Siddhartha Bank Limited,10.00,15.26,25.26,2019-10-03,2019-10-16 [Closed],,2020-03-02,2075/2076
NMBSF1,NMB Sulav Investment Fund-1,0.00,15.00,15.00,2019-10-01,2019-09-12 [Closed],2019-10-01,,2075/2076
UNL,Unilever Nepal Limited,0.00,770.00,770.00,2019-10-01,2019-10-09 [Closed],,,2075/2076
SHIVM,Shivam Cements Limited,0.00,15.78,15.78,2019-10-01,2019-10-16 [Closed],,,2075/2076
OHL,Oriental Hotel Limited,5.00,10.79,15.79,2019-10-01,2019-10-15 [Closed],,,2075/2076
ALBSL,Asha Laghubitta Bittiya Sanstha Limited,12.00,0.63,12.63,2019-09-26,2019-10-02 [Closed],,2020-02-05,2075/2076
BOKL,Bank of Kathmandu Limited,6.00,11.00,17.00,2019-09-25,2019-10-03 [Closed],,2019-12-19,2075/2076
FMDBL,First Microfinance Laghubitta Bittiya Sanstha Limited,17.00,0.89,17.89,2019-09-24,2019-10-01 [Closed],,2020-01-05,2075/2076
SANIMA,Sanima Bank Limited,10.00,11.05,21.05,2019-09-23,2019-09-30 [Closed],,2020-02-02,2075/2076
MBL,Machhapuchchhre Bank Limited,5.00,11.00,16.00,2019-09-22,2019-09-27 [Closed],,2019-12-03,2075/2076
NIBSF1,NIBL Samriddhi Fund 1,0.00,6.5,6.5,2019-09-17,2019-09-23 [Closed],,,2075/2076
CZBIL,Citizens Bank International Limited,3.00,12.00,15.00,2019-09-08,2019-09-17 [Closed],,2019-12-27,2075/2076
KBL,Kumari Bank Limited,10.00,0.52,10.52,2019-09-08,2019-09-15 [Closed],,2019-12-27,2075/2076
NMBHF1,NMB Hybrid Fund L- 1,0.00,10.00,10.00,2019-09-06,2019-09-12 [Closed],,,2075/2076
NICA,NIC Asia Bank Limited,10.00,11.05,21.05,2019-09-06,2019-09-15 [Closed],,2019-12-19,2075/2076
CMF1,Citizens Mutual Fund-1,0.00,7.00,7.00,2019-09-02,2020-09-22 [Closed],,,2075/2076
SAEF,Sanima Equity Fund,0.00,10.00,10.00,2019-08-28,2019-09-06 [Closed],,,2075/2076
NICGF,NIC Asia Growth Fund,0.00,10.00,10.00,2019-08-22,2019-08-30 [Closed],,,2075/2076
SEF,Siddhartha Equity Fund,0.00,11.00,11.00,2019-08-07,2019-08-18 [Closed],,,2075/2076
LVF1,Laxmi Value Fund-1,0.00,15.00,15.00,2019-08-06,2019-08-13 [Closed],,,2075/2076
JACL,Janata Capital Limited,0.00,8.00,8.00,,,,,2075/2076
KCL,Kumari Capital Limited,0.00,2.00,2.00,,,,,2075/2076
NICACL,NIC Asia Capital Limited,0.00,11.00,11.00,,,,,2075/2076
SANCAP,Sanima Capital Limited,0.00,13.00,13.00,,,,,2075/2076
SUCL,Sunrise Capital Limited (NCM/NIDC),0.00,20.00,20.00,,,,,2075/2076
ICRA,ICRA Nepal Limited,0.00,33.68,33.68,,,,,2075/2076
NIBLACE,NIBL Ace Capital Limited,0.00,20.00,20.00,,,,,2075/2076
SIDCL,Siddhartha Capital Limited,0.00,21.05,21.05,,,,,2075/2076
SHKSL,Shree Krishna Securities Limited,0.00,10.53,10.53,,,,,2075/2076
KMCDB,Kalika Laghubitta Bittiya Sanstha Limited,12.00,0.63,12.63,,,,,2075/2076
NATBIL,National Banking Institute Limited,0.00,5.00,5.00,,,,,2075/2076
GBIMEL,Global IME Capital Limited,0.00,16.84,16.84,,,,,2075/2076
Civil-Capital,Civil Capital Market Limited,0.00,3.16,3.16,,,,,2075/2076
CARE,Care Ratings Nepal Limited,0.00,21.05,21.05,,,,,2075/2076
NABILINV,Nabil Investment Banking Limited,0.00,20.00,20.00,,,,,2075/2076
NMBCAP,NMB Capital Limited,0.00,20.00,20.00,,,,,2075/2076
CDS,CDS & Clearing Limited,0.00,25.00,25.00,,,,,2075/2076
NOCL,Nepal Oil Corporation Limited,0.00,20.00,20.00,,,,,2075/2076
RBBL,Rastriya Banijya Bank Limited,0.00,12.00,12.00,,,,,2075/2076
SCL,Samriddhi Capital Limited,6.5,0.27,6.77,,,,,2075/2076
PRABHU,Prabhu Capital Limited,2.183,0.11,2.29,,,,,2075/2076
NCCBRF,NCC Bank Retirement Fund,0.00,75.00,75.00,,,,,2075/2076
PLIC,Prime Life Insurance Company Limited,12.5,0.00,12.5,2020-08-24,2020-07-03 [Closed],,2019-11-26,2074/2075
BNT,Bottlers Nepal (Terai) Limited,0.00,40.00,40.00,2019-12-05,2018-09-18 [Closed],2019-12-05,,2074/2075
HDL,Himalayan Distillery Limited,0.00,68.42,68.42,2019-11-11,2019-05-31 [Closed],,,2074/2075
GLICL,Gurans Life Insurance Company Limited,5.25,0.00,5.25,2019-11-06,2020-11-05 [Closed],,2020-12-29,2074/2075
NLICL,National Life Insurance Company Limited,2.5,12.00,14.5,2019-10-14,2019-10-27 [Closed],,2020-01-07,2074/2075
CIT,Citizen Investment Trust,22.00,1.16,23.16,2019-08-23,2019-09-05 [Closed],,,2074/2075
NCCB,Nepal Credit and Commerce Bank Limited,15.89,0.83,16.72,2019-08-04,2019-08-11 [Closed],,,2074/2075
NICL,Nepal Insurance Company Limited,7.5,0.00,7.5,2019-08-01,2019-08-09 [Closed],,2019-11-26,2074/2075
NIL,Neco Insurance Limited,12.00,0.63,12.63,2019-07-28,2019-08-20 [Closed],,2019-11-26,2074/2075
LBBL,Lumbini Bikas Bank Limited,17.07,0.00,17.07,2019-07-23,2019-08-07 [Closed],,,2074/2075
LICN,Life Insurance Corporation Nepal Limited,34.46,35.53,70.00,2019-07-11,2019-07-25 [Closed],,,2074/2075
PIC,Premier Insurance Company (Nepal) Limited,84.00,0.00,84.00,2019-06-26,2019-07-05 [Closed],,,2074/2075
JSLBB,Janautthan Samudayic Laghubitta Bittiya Sanstha Limited,20.00,1.05,21.05,2019-06-24,2019-07-03 [Closed],,,2074/2075
RADHI,Radhi Bidyut Company Limited,5.00,5.00,10.00,2019-06-23,2019-06-24 [Closed],,,2074/2075
IGIL,IME General Insurance Limited,5.00,0.00,5.00,2019-06-13,2019-06-30 [Closed],,,2074/2075
KSBBL,Kamana Sewa Bikas Bank Limited,1.5,8.00,9.5,2019-06-06,2019-06-14 [Closed],,,2074/2075
SIC,Sagarmatha Insurance Company Limited,86.00,0.00,86.00,2019-06-06,2019-06-16 [Closed],,,2074/2075
SIL,Siddhartha Insurance Limited,15.48,0.00,15.48,2019-06-06,2019-06-13 [Closed],,,2074/2075
DBBL,Deva Bikas Bank Limited,5.5,0.00,5.5,2019-06-03,2019-06-21 [Closed],,,2074/2075
WDBL,Western Development Bank Limited,0.00,14.74,14.74,2019-06-03,2018-07-11 [Closed],,,2074/2075
SLICL,Surya Life Insurance Company Limited,12.00,0.00,12.00,2019-06-03,2019-06-11 [Closed],,,2074/2075
RLFL,Reliance Finance Limited,0.00,2.63,2.63,2019-05-19,2019-05-27 [Closed],,,2074/2075
PCBL,Prime Commercial Bank Limited,16.00,0.00,16.00,2019-05-15,2019-05-23 [Closed],,,2074/2075
TRH,Taragaon Regency Hotel Limited,0.00,12.631,12.631,2019-05-15,2019-05-17 [Closed],,,2074/2075
NLIC,Nepal Life Insurance Company Limited,25.00,23.5,48.5,2019-04-28,2019-05-02 [Closed],,,2074/2075
SHIVM,Shivam Cements Limited,0.00,15.78,15.78,2019-04-24,2019-04-09 [Closed],,,2074/2075
CBBL,Chhimek Laghubitta Bittiya Sanstha Limited,18.00,22.00,40.00,2019-04-21,2019-04-29 [Closed],,2020-01-05,2074/2075
CBL,Civil Bank Limited,0.00,4.05,4.05,2019-04-16,2019-04-23 [Closed],,,2074/2075
NADEP,NADEP Laghubitta Bittiya Sanstha Limited,15.00,1.58,16.58,2019-04-12,2019-04-22 [Closed],,2020-01-05,2074/2075
KBL,Kumari Bank Limited,8.5,0.00,8.5,2019-04-10,2019-04-19 [Closed],,,2074/2075
JEFL,Jebils Finance Limited,1.24,0.00,1.24,2019-04-10,2019-04-18 [Closed],,,2074/2075
CCBL,Century Commercial Bank Limited,2.00,4.5,6.5,2019-04-03,2019-04-12 [Closed],,,2074/2075
MLBBL,Mithila Laghubitta Bittiya Sanstha Limited,10.45,0.54,10.99,2019-03-25,2019-03-25 [Closed],,,2074/2075
BHBL,Bhargav Bikash Bank Limited,0.00,6.00,6.00,2019-03-25,2019-04-05 [Closed],,,2074/2075
NBBL,Nagbeli Laghubitta Bikash Bank Limited,9.38,0.49,9.87,2019-02-27,2019-03-13 [Closed],,,2074/2075
STC,Salt Trading Corporation Limited,25.00,10.00,35.00,2019-02-27,2019-03-08 [Closed],,,2074/2075
CFCL,Central Finance Limited,0.00,7.00,7.00,2019-02-25,2019-03-07 [Closed],,,2074/2075
ADBL,Agricultural Development Bank Limited,6.00,15.053,21.053,2019-02-22,2019-02-28 [Closed],,,2074/2075
MDB,Miteri Development Bank Limited,17.00,0.89,17.89,2019-02-18,2019-02-27 [Closed],,,2074/2075
NABIL,Nabil Bank Limited,12.00,22.00,34.00,2019-02-18,2019-02-26 [Closed],,,2074/2075
EDBL,Excel Development Bank Limited,0.00,17.00,17.00,2019-02-17,2019-03-11 [Closed],,,2074/2075
SBBLJ,Sahayogi Vikas Bank Limited,0.00,17.00,17.00,2019-02-12,2019-02-25 [Closed],,,2074/2075
PRVU,Prabhu Bank Limited,8.00,0.42,8.42,2019-02-10,2019-02-18 [Closed],,,2074/2075
GFCL,Goodwill Finance Company Limited,0.00,5.26,5.26,2019-01-21,2019-02-10 [Closed],,,2074/2075
UMB,Unnati Laghubitta Bittiya Sanstha Limited,40.5,2.13,42.63,2019-01-20,2019-01-30 [Closed],,,2074/2075
LBL,Laxmi Bank Limited,8.5,0.45,8.95,2019-01-20,2019-01-28 [Closed],,,2074/2075
SKBBL,Sana Kisan Bikas Laghubitta Bittiya Sanstha Limited,25.00,1.313,26.313,2019-01-16,2019-01-17 [Closed],,,2074/2075
KMCDB,Kalika Laghubitta Bittiya Sanstha Limited,8.00,0.42,8.42,2019-01-06,2019-01-13 [Closed],,2019-11-10,2074/2075
BOKL,Bank of Kathmandu Limited,14.00,11.00,25.00,2019-01-06,2019-01-14 [Closed],,2019-03-27,2074/2075
GMFIL,Guheswori Merchant Banking & Finance Limited,0.00,5.26,5.26,2019-01-04,2018-10-26 [Closed],,,2074/2075
SLBS,Suryodaya Laghubitta Bittiya Sanstha Limited,42.75,2.25,45.00,2019-01-02,2018-12-10 [Closed],,,2074/2075
SMFDB,Summit Laghubitta Bittiya Sanstha Limited,23.53,1.24,24.77,2019-01-02,2019-01-01 [Closed],,,2074/2075
DDBL,Deprosc Laghubitta Bittiya Sanstha Limited,10.00,10.00,20.00,2019-01-01,2019-01-10 [Closed],,,2074/2075
HIDCL,Hydroelectricity Investment and Development Company Limited,10.00,0.00,10.00,2018-12-31,2019-01-01 [Closed],,,2074/2075
MSMBS,Mahila Sahayatra Laghubitta Bittiya Sanstha Limited,0.00,8.00,8.00,2018-12-26,2019-01-01 [Closed],,,2074/2075
NTC,Nepal Doorsanchar Company Limited,0.00,55.00,55.00,2018-12-26,2018-12-30 [Closed],,,2074/2075
HBL,Himalayan Bank Limited,5.00,10.78,15.78,2018-12-26,2018-12-31 [Closed],,,2074/2075
SADBL,Shangrila Development Bank Limited,4.00,5.45,9.45,2018-12-26,2019-01-01 [Closed],,,2074/2075
KBBL,Kailash Bikas Bank Limited,0.00,17.00,17.00,2018-12-25,2018-12-21 [Closed],,,2074/2075
CZBIL,Citizens Bank International Limited,3.628,1.635,5.263,2018-12-25,2019-01-01 [Closed],,,2074/2075
SBI,Nepal SBI Bank Limited,5.00,10.79,15.79,2018-12-25,2019-01-02 [Closed],,,2074/2075
MEGA,Mega Bank Nepal Limited,1.00,6.85,7.85,2018-12-25,2018-12-31 [Closed],,2019-03-05,2074/2075
NCDB,Nepal Community Development Bank Limited,1.00,6.42,7.42,2018-12-24,2019-01-01 [Closed],,,2074/2075
PURBL,Purnima Bikas Bank Limited,5.00,6.37,11.37,2018-12-24,2018-12-31 [Closed],,,2074/2075
NSEWA,Nepal Seva Laghubitta Bittiya Sanstha Limited,0.00,5.2,5.2,2018-12-24,2018-12-30 [Closed],,,2074/2075
SFFIL,Srijana Finance Limited,15.00,9.5,24.5,2018-12-24,2018-12-28 [Closed],,,2074/2075
HLBSL,Himalayan Laghubitta Bittiya Sanstha Limited (Former Civil Laghubitta),4.00,3.89,7.89,2018-12-24,2019-01-04 [Closed],,,2074/2075
NMBMF,NMB Laghubitta Bittiya Sanstha Limited,15.00,0.78,15.78,2018-12-24,2018-12-30 [Closed],,,2074/2075
FOWAD,Forward Microfinance Laghubitta Bittiya Sanstha Limited,25.00,20.00,45.00,2018-12-24,2018-12-30 [Closed],,,2074/2075
JBNL,Janata Bank Nepal Limited,0.00,8.5,8.5,2018-12-24,2018-12-31 [Closed],,,2074/2075
MSLB,Mahuli Laghubitta Bittiya Sanstha Limited,20.00,1.05,21.05,2018-12-21,2018-12-31 [Closed],,,2074/2075
RSDC,RSDC Laghubitta Bittiya Sanstha Limited,10.00,0.53,10.53,2018-12-20,2018-12-30 [Closed],,,2074/2075
SCB,Standard Chartered Bank Nepal Limited,0.00,17.5,17.5,2018-12-20,2019-01-13 [Closed],,,2074/2075
BPCL,Butwal Power Company Limited,10.00,18.00,28.00,2018-12-20,2018-12-21 [Closed],,,2074/2075
KEBL,Kabeli Bikas Bank Limited,35.00,0.00,35.00,2018-12-19,2018-12-28 [Closed],,,2074/2075
MIDBL,Mission Development Bank Limited,11.00,0.57,11.57,2018-12-19,2018-12-26 [Closed],,,2074/2075
GDBL,Gandaki Bikas Bank Limited,0.00,14.2,14.2,2018-12-19,2018-12-26 [Closed],,,2074/2075
SRBL,Sunrise Bank Limited,0.00,11.5,11.5,2018-12-19,2018-12-27 [Closed],,,2074/2075
GBIME,Global IME Bank Limited,16.00,0.00,16.00,2018-12-19,2018-12-28 [Closed],,,2074/2075
SWBBL,Swabalamban Laghubitta Bittiya Sanstha Limited,25.00,11.84,36.84,2018-12-18,2018-12-25 [Closed],,,2074/2075
NIB,Nepal Investment Bank Limited,18.00,22.00,40.00,2018-12-18,2018-12-26 [Closed],,,2074/2075
API,Api Power Company Limited,5.00,0.00,5.00,2018-12-18,2018-12-30 [Closed],,2020-01-07,2074/2075
CHCL,Chilime Hydro power Company Limited,20.00,5.00,25.00,2018-12-18,2019-01-03 [Closed],,,2074/2075
SKDBL,Saptakoshi Development Bank Limited,3.00,5.03,8.03,2018-12-17,2018-12-23 [Closed],,,2074/2075
MMFDB,Mirmire Laghubitta Bittiya Sanstha Limited,24.00,1.26,25.26,2018-12-17,2018-12-25 [Closed],,,2074/2075
NMB,NMB Bank Limited,10.00,20.00,30.00,2018-12-17,2018-12-25 [Closed],,,2074/2075
SBL,Siddhartha Bank Limited,5.00,8.16,13.16,2018-12-16,2018-12-24 [Closed],,,2074/2075
NBB,Nepal Bangladesh Bank Limited,0.00,10.53,10.53,2018-12-16,2018-12-30 [Closed],,,2074/2075
MBL,Machhapuchchhre Bank Limited,0.00,10.00,10.00,2018-12-14,2018-12-21 [Closed],,,2074/2075
KADBL,Kanchan Development Bank Limited,5.00,6.29,11.29,2018-12-13,2018-12-27 [Closed],,,2074/2075
NLBBL,Nerude Laghubitta Bittiya Sanstha Limited,15.00,5.79,20.79,2018-12-11,2018-12-20 [Closed],,2019-07-02,2074/2075
MFIL,Manjushree Finance Limited,0.00,2.9,2.9,2018-12-11,2018-12-18 [Closed],,,2074/2075
SHL,Soaltee Hotel Limited,10.00,16.31,26.31,2018-12-11,2018-12-12 [Closed],,,2074/2075
RMDC,RMDC Laghubitta Bittiya Sanstha Limited,10.00,10.00,20.00,2018-12-10,2018-12-19 [Closed],,,2074/2075
HDL,Himalayan Distillery Limited,0.00,21.05,21.05,2018-12-10,2018-12-19 [Closed],,,2074/2075
VLBS,Vijaya Laghubitta Bittiya Sanstha Limited,10.00,0.526,10.526,2018-12-02,2018-12-14 [Closed],,,2074/2075
EBL,Everest Bank Limited,0.00,20.00,20.00,2018-12-02,2018-12-12 [Closed],,,2074/2075
UMHL,United Modi Hydropower Limited,0.00,5.00,5.00,2018-12-02,2018-12-11 [Closed],,,2074/2075
NLO,Nepal Lube Oil Limited,10.00,30.00,40.00,2018-12-02,2018-12-14 [Closed],,2021-09-20,2074/2075
TNBL,Tinau Development Bank Limited,12.00,0.63,12.63,2018-11-30,2018-12-10 [Closed],,,2074/2075
NICA,NIC Asia Bank Limited,10.00,0.526,10.526,2018-11-26,2018-12-05 [Closed],,,2074/2075
MNBBL,Muktinath Bikas Bank Limited,18.25,0.96,19.21,2018-11-25,2018-12-04 [Closed],,,2074/2075
NMBSF1,NMB Sulav Investment Fund-1,0.00,21.05,21.05,2018-11-25,2018-12-03 [Closed],,,2074/2075
SIFC,Shree Investment Finance Company Limited,1.23,8.77,10.00,2018-11-22,2018-12-02 [Closed],,,2074/2075
LLBS,Laxmi Laghubitta Bittiya Sanstha Limited,0.00,26.32,26.32,2018-11-22,2018-12-05 [Closed],,,2074/2075
KMFL,Kisan Microfinance Bittiya Sanstha Limited,29.00,1.53,30.53,2018-11-21,2018-12-15 [Closed],,,2074/2075
SANIMA,Sanima Bank Limited,0.00,14.00,14.00,2018-11-21,2018-11-30 [Closed],,,2074/2075
SMATA,Samata Gharelu Laghubitta Bittiya Sanstha Limited,6.66,7.36,14.02,2018-11-19,2018-11-28 [Closed],,,2074/2075
NMFBS,National Laghubitta Bittiya Sanstha Limited,25.00,15.00,40.00,2018-11-19,2018-12-01 [Closed],,,2074/2075
NUBL,Nirdhan Utthan Laghubitta Bittiya Sanstha Limited,20.00,22.11,42.11,2018-11-19,2018-11-27 [Closed],,,2074/2075
KNBL,Kankai Bikas Bank Limited,3.00,6.5,9.5,2018-11-05,2018-11-14 [Closed],,,2074/2075
GILB,Global IME Laghubitta Bittiya Sanstha Limited,15.00,0.7875,15.7875,2018-10-24,2018-11-02 [Closed],,,2074/2075
UFL,United Finance Limited,0.00,5.00,5.00,2018-10-23,2018-10-30 [Closed],,,2074/2075
PFL,Pokhara Finance Limited,5.00,8.684,13.684,2018-10-15,2018-10-29 [Closed],,,2074/2075
HAMRO,Hamro Bikas Bank Limited,2.4,7.9145,10.3145,2018-10-02,2018-07-16 [Closed],,,2074/2075
SHPC,Sanima Mai Hydropower Limited,10.00,5.00,15.00,2018-10-02,2018-10-11 [Closed],,,2074/2075
WOMI,Womi Laghubitta Bittiya Sanstha Limited,0.00,25.00,25.00,2018-09-30,2018-10-21 [Closed],,,2074/2075
RHPC,Ridi Hydropower Development Company Limited,6.00,0.315,6.315,2018-09-30,2018-09-23 [Closed],,,2074/2075
MERO,Mero Microfinance Laghubitta Bittiya Sanstha Limited,15.00,11.32,26.32,2018-09-27,2018-10-03 [Closed],,,2074/2075
OHL,Oriental Hotel Limited,15.00,11.32,26.32,2018-09-27,2018-10-05 [Closed],,,2074/2075
SHINE,Shine Resunga Development Bank Limited,17.7,0.93,18.63,2018-09-25,2018-10-02 [Closed],,,2074/2075
JBBL,Jyoti Bikash Bank Limited,0.00,8.4,8.4,2018-09-25,2018-10-15 [Closed],,,2074/2075
FMDBL,First Microfinance Laghubitta Bittiya Sanstha Limited,0.00,12.6316,12.6316,2018-09-21,2018-10-03 [Closed],,,2074/2075
MLBL,Mahalaxmi Bikas Bank Limited,8.00,7.00,15.00,2018-09-21,2018-09-30 [Closed],,,2074/2075
JFL,Janaki Finance Company Limited,22.00,1.16,23.16,2018-09-21,2018-10-02 [Closed],,,2074/2075
GBBL,Garima Bikas Bank Limited,10.00,3.75,13.75,2018-09-21,2018-09-28 [Closed],,,2074/2075
SLBBL,Swarojgar Laghubitta Bittiya Sanstha Limited,20.00,1.05,21.05,2018-09-12,2018-09-21 [Closed],,,2074/2075
BNL,Bottlers Nepal Limited (Balaju),0.00,20.00,20.00,2018-09-10,2018-09-17 [Closed],,,2074/2075
SEOS,Siddhartha Equity Oriented Scheme,0.00,12.00,12.00,2018-09-06,2018-08-20 [Closed],2018-09-05,,2074/2075
ICFC,ICFC Finance Limited,0.00,8.00,8.00,2018-09-04,2018-09-12 [Closed],,,2074/2075
NIBSF1,NIBL Samriddhi Fund 1,0.00,12.00,12.00,2018-08-23,2018-09-07 [Closed],,,2074/2075
NGPL,Ngadi Group Power Limited,0.00,10.00,10.00,2018-08-19,2018-08-30 [Closed],,,2074/2075
NICACL,NIC Asia Capital Limited,0.00,7.36,7.36,,,,,2074/2075
UNL,Unilever Nepal Limited,0.00,700.00,700.00,,,,,2074/2075
SIDCL,Siddhartha Capital Limited,0.00,30.00,30.00,,,,,2074/2075
SANCAP,Sanima Capital Limited,0.00,8.00,8.00,,,,,2074/2075
NCHL,Nepal Clearing House Limited,20.00,20.00,40.00,,,,,2074/2075
ICRA,ICRA Nepal Limited,0.00,21.05,21.05,,,,,2074/2075
NABILINV,Nabil Investment Banking Limited,0.00,20.00,20.00,,,,,2074/2075
CDS,CDS & Clearing Limited,0.00,20.00,20.00,,,,,2074/2075
NMBCAP,NMB Capital Limited,0.00,20.00,20.00,,,,,2074/2075
NEPSE,Nepal Stock Exchange Limited,66.67,0.00,66.67,,,,,2074/2075
SHBL,Sahara Bikas Bank Limited,12.3,0.6,12.9,,,,,2074/2075
NABILP,NABIL Bank Limited Promoter Share,12.00,22.00,34.00,,,,,2074/2075
PLIC,Prime Life Insurance Company Limited,12.5,0.00,12.5,,,,,2074/2075
PICL,Prudential Insurance Company Limited,0.00,0.00,0.00,,,,,2074/2075
PLIC,Prime Life Insurance Company Limited,12.5,0.6563,13.1562,2020-03-10,2018-03-14 [Closed],,,2073/2074
PLIC,Prime Life Insurance Company Limited,12.5,0.00,12.5,2020-03-10,2019-09-17 [Closed],,,2073/2074
RLFL,Reliance Finance Limited,12.00,0.63,12.63,2019-05-19,2019-05-27 [Closed],,2019-09-03,2073/2074
KBL,Kumari Bank Limited,12.75,0.00,12.75,2019-04-19,2019-04-19 [Closed],,,2073/2074
CBL,Civil Bank Limited,10.25,0.54,10.79,2019-04-16,2019-04-23 [Closed],,,2073/2074
GLICL,Gurans Life Insurance Company Limited,8.00,0.421,8.421,2019-03-10,2019-03-20 [Closed],,2019-07-10,2073/2074
NLICL,National Life Insurance Company Limited,13.5,0.00,13.5,2019-03-07,2019-03-15 [Closed],,2019-07-07,2073/2074
LICN,Life Insurance Corporation Nepal Limited,12.00,0.63,12.63,2019-02-24,2019-03-05 [Closed],,,2073/2074
CIT,Citizen Investment Trust,22.06,1.16,23.22,2018-11-26,2018-12-02 [Closed],,,2073/2074
CFCL,Central Finance Limited,8.77,0.00,8.77,2018-10-14,2018-10-31 [Closed],,2019-03-07,2073/2074
BHBL,Bhargav Bikash Bank Limited,5.55,0.29,5.84,2018-09-30,2018-10-05 [Closed],,,2073/2074
KSBBL,Kamana Sewa Bikas Bank Limited,5.5,6.5,12.00,2018-08-02,2018-07-02 [Closed],2018-08-02,,2073/2074
NMB,NMB Bank Limited,15.00,0.7895,15.7895,2018-07-26,2018-08-02 [Closed],,,2073/2074
SINDU,Sindhu Bikas Bank Limited,5.95,0.3132,6.2632,2018-06-24,2018-07-06 [Closed],,,2073/2074
LVF1,Laxmi Value Fund-1,0.00,25.00,25.00,,2017-08-09 [Closed],2017-08-27,,2073/2074
GILB,Global IME Laghubitta Bittiya Sanstha Limited,20.00,1.05,21.05,,2017-09-26 [Closed],,,2073/2074
CBIL,Citizens Capital Ltd. (Former CBIL Capital ),0.00,5.00,5.00,,2017-08-13 [Closed],,,2073/2074
MERO,Mero Microfinance Laghubitta Bittiya Sanstha Limited,30.00,12.105,42.105,,2017-09-18 [Closed],,,2073/2074
NICA,NIC Asia Bank Limited,20.00,1.05,21.05,,2017-09-01 [Closed],,2017-12-18,2073/2074
NMBMF,NMB Laghubitta Bittiya Sanstha Limited,25.00,1.3158,26.3158,,2017-11-10 [Closed],,,2073/2074
FMDBL,First Microfinance Laghubitta Bittiya Sanstha Limited,15.00,0.79,15.79,,2017-09-12 [Closed],,,2073/2074
NIBSF1,NIBL Samriddhi Fund 1,,18.00,18.00,,2017-08-28 [Closed],2017-09-15,,2073/2074
NBF1,Nabil Balanced Fund-1,0.00,42.00,42.00,,2017-08-27 [Closed],2017-09-18,,2073/2074
AHPC,Arun Valley Hydropower Development Company Limited,10.00,0.526,10.526,,2017-08-25 [Closed],,,2073/2074
CZBIL,Citizens Bank International Limited,16.00,1.00,17.00,,2017-08-28 [Closed],,,2073/2074
SIGS1,Siddhartha Investment Growth Scheme-1,0.00,60.00,60.00,,2017-08-28 [Closed],2017-09-13,,2073/2074
SEOS,Siddhartha Equity Oriented Scheme,0.00,25.00,25.00,,2017-08-28 [Closed],2017-09-13,,2073/2074
SDESI,Swadeshi Laghubitta Bittiya Sanstha Limited,15.00,,15.00,,2017-11-10 [Closed],,,2073/2074
NICACL,NIC Asia Capital Limited,0.00,2.1053,2.1053,,,,,2073/2074
NIL,Neco Insurance Limited,10.00,0.52,10.52,,2017-09-14 [Closed],,2017-12-12,2073/2074
NABIL,Nabil Bank Limited,30.00,18.00,48.00,,2017-09-12 [Closed],,,2073/2074
SLBBL,Swarojgar Laghubitta Bittiya Sanstha Limited,16.66,0.88,17.54,,2017-10-09 [Closed],,,2073/2074
NMBSF1,NMB Sulav Investment Fund-1,0.00,21.0563,21.0563,,2017-09-25 [Closed],,,2073/2074
DBBL,Deva Bikas Bank Limited,17.1,0.9,18.00,,2017-11-09 [Closed],,,2073/2074
NGPL,Ngadi Group Power Limited,10.00,0.53,10.53,,2017-09-07 [Closed],,2018-01-09,2073/2074
UNL,Unilever Nepal Limited,0.00,"1,270.00","1,270.00",,2017-09-15 [Closed],,,2073/2074
PRABHU,Prabhu Capital Limited,0.00,20.00,20.00,,,,,2073/2074
SANCAP,Sanima Capital Limited,0.00,25.00,25.00,,,,,2073/2074
NIB,Nepal Investment Bank Limited,15.00,25.00,40.00,,2017-10-04 [Closed],,,2073/2074
SANIMA,Sanima Bank Limited,16.00,,16.00,,2017-09-22 [Closed],,,2073/2074
RHPC,Ridi Hydropower Development Company Limited,6.00,0.3157,6.3157,,2017-10-16 [Closed],,,2073/2074
ICFC,ICFC Finance Limited,10.00,11.05,21.05,,2017-10-11 [Closed],2017-11-09,,2073/2074
CBBL,Chhimek Laghubitta Bittiya Sanstha Limited,19.89,25.11,45.00,,2017-10-23 [Closed],,,2073/2074
NUBL,Nirdhan Utthan Laghubitta Bittiya Sanstha Limited,66.67,14.04,80.71,,2017-12-29 [Closed],,,2073/2074
NBB,Nepal Bangladesh Bank Limited,12.00,3.79,15.79,,2017-10-30 [Closed],,,2073/2074
SIDCL,Siddhartha Capital Limited,100.00,25.00,125.00,,,,,2073/2074
NLCL,Nepal Life Capital Limited (Former National Merchant Banker Limited),10.53,,10.53,,,,,2073/2074
SMATA,Samata Gharelu Laghubitta Bittiya Sanstha Limited,20.00,11.58,31.58,,2017-11-17 [Closed],,,2073/2074
WOMI,Womi Laghubitta Bittiya Sanstha Limited,20.00,1.052,21.052,,2017-11-02 [Closed],,,2073/2074
EDBL,Excel Development Bank Limited,30.12,1.58,31.7,,2017-11-21 [Closed],,,2073/2074
UFL,United Finance Limited,19.00,,19.00,,2017-12-29 [Closed],,,2073/2074
BARUN,Barun Hydropower Company Limited,5.00,0.263,5.263,,2017-10-04 [Closed],,,2073/2074
LLBS,Laxmi Laghubitta Bittiya Sanstha Limited,10.00,16.32,26.32,,2017-11-09 [Closed],,,2073/2074
GBIME,Global IME Bank Limited,10.00,10.00,20.00,,2017-10-25 [Closed],,,2073/2074
SBBLJ,Sahayogi Vikas Bank Limited,20.00,4.5,24.5,,2017-12-14 [Closed],,,2073/2074
NMFBS,National Laghubitta Bittiya Sanstha Limited,20.00,15.00,35.00,,2017-12-01 [Closed],,,2073/2074
SRBL,Sunrise Bank Limited,15.00,,15.00,,2017-10-30 [Closed],,,2073/2074
SMFDB,Summit Laghubitta Bittiya Sanstha Limited,34.48,10.52,45.00,,2017-12-29 [Closed],,,2073/2074
TNBL,Tinau Development Bank Limited,10.00,5.00,15.00,,2017-12-06 [Closed],,,2073/2074
NIBLC,NIBL Capital Markets Limited,97.04,25.00,122.04,,,,,2073/2074
ACECAP,Ace Capital Limited,0.00,52.00,52.00,,,,,2073/2074
PURBL,Purnima Bikas Bank Limited,19.19,1.01,20.2,,2017-12-29 [Closed],,,2073/2074
SHINE,Shine Resunga Development Bank Limited,25.00,,25.00,,2017-12-25 [Closed],,,2073/2074
PRIN,Prabhu Insurance Company Limited,19.2,1.01,20.21,,2017-10-24 [Closed],,,2073/2074
RCL,Reliable Capital Limited,0.00,5.00,5.00,,,,,2073/2074
RSDC,RSDC Laghubitta Bittiya Sanstha Limited,13.00,0.68,13.68,,2017-11-10 [Closed],,,2073/2074
KBBL,Kailash Bikas Bank Limited,10.00,9.45,19.45,,2017-11-17 [Closed],,,2073/2074
SKDBL,Saptakoshi Development Bank Limited,4.782,0.251,5.033,,2017-01-07 [Closed],,,2073/2074
SKBBL,Sana Kisan Bikas Laghubitta Bittiya Sanstha Limited,25.00,1.316,26.316,,2017-11-26 [Closed],,,2073/2074
SIL,Siddhartha Insurance Limited,20.00,1.053,21.053,,2017-11-01 [Closed],,,2073/2074
NMBCAP,NMB Capital Limited,0.00,105.26,105.26,,,,,2073/2074
PICL,Prudential Insurance Company Limited,20.00,1.05,21.05,,2017-11-03 [Closed],,,2073/2074
MDB,Miteri Development Bank Limited,31.48,1.66,33.14,,2017-12-19 [Closed],,,2073/2074
Civil-Capital,Civil Capital Market Limited,25.00,1.25,26.25,,,,,2073/2074
SUCL,Sunrise Capital Limited (NCM/NIDC),0.00,15.00,15.00,,,,,2073/2074
NABILINV,Nabil Investment Banking Limited,33.33,20.00,53.33,,,,,2073/2074
NLBBL,Nerude Laghubitta Bittiya Sanstha Limited,13.00,7.68,20.68,,2017-12-24 [Closed],,,2073/2074
RMDC,RMDC Laghubitta Bittiya Sanstha Limited,5.00,15.00,20.00,,2017-12-22 [Closed],,,2073/2074
SWBBL,Swabalamban Laghubitta Bittiya Sanstha Limited,20.00,11.57,31.57,,2017-11-14 [Closed],,,2073/2074
MSLB,Mahuli Laghubitta Bittiya Sanstha Limited,50.00,10.00,60.00,,2017-11-12 [Closed],,,2073/2074
CHCL,Chilime Hydro power Company Limited,15.00,10.00,25.00,,2017-10-23 [Closed],2017-12-13,,2073/2074
KMFL,Kisan Microfinance Bittiya Sanstha Limited,20.125,0.00,21.445,,2017-12-26 [Closed],,,2073/2074
NBBL,Nagbeli Laghubitta Bikash Bank Limited,45.6,2.4,48.00,,2017-11-29 [Closed],,,2073/2074
VLBS,Vijaya Laghubitta Bittiya Sanstha Limited,10.00,5.00,15.00,,2017-11-17 [Closed],,,2073/2074
SLBS,Suryodaya Laghubitta Bittiya Sanstha Limited,19.00,1.00,20.00,,2017-12-23 [Closed],,,2073/2074
MIDBL,Mission Development Bank Limited,20.00,1.05,21.05,,2017-12-31 [Closed],,,2073/2074
OHL,Oriental Hotel Limited,18.00,6.21,24.21,,2017-10-26 [Closed],,,2073/2074
ICRA,ICRA Nepal Limited,0.00,15.78,15.78,,,,,2073/2074
JSLBB,Janautthan Samudayic Laghubitta Bittiya Sanstha Limited,20.00,1.05,21.05,,2018-01-02 [Closed],,,2073/2074
SHL,Soaltee Hotel Limited,15.00,6.05,21.05,,2017-11-20 [Closed],,,2073/2074
LBL,Laxmi Bank Limited,10.00,0.53,10.53,,2017-11-27 [Closed],,,2073/2074
MBL,Machhapuchchhre Bank Limited,9.00,6.00,15.00,,2017-11-17 [Closed],,,2073/2074
SBI,Nepal SBI Bank Limited,15.42,0.81,16.23,,2017-12-15 [Closed],,,2073/2074
MNBBL,Muktinath Bikas Bank Limited,20.00,1.05,21.05,,2017-12-22 [Closed],,,2073/2074
SICL,Shikhar Insurance Company Limited,29.00,1.526,30.526,,2017-12-08 [Closed],,,2073/2074
HBL,Himalayan Bank Limited,25.00,1.3158,26.3158,,2017-12-26 [Closed],,,2073/2074
SCL,Samriddhi Capital Limited,5.00,0.263,5.263,,,,,2073/2074
SFFIL,Srijana Finance Limited,32.5,1.71,34.21,,2017-12-23 [Closed],,,2073/2074
HIDCL,Hydroelectricity Investment and Development Company Limited,0.00,5.00,5.00,,2017-12-27 [Closed],,,2073/2074
BNT,Bottlers Nepal (Terai) Limited,0.00,25.00,25.00,,2017-11-27 [Closed],,,2073/2074
MLBBL,Mithila Laghubitta Bittiya Sanstha Limited,15.00,0.78,15.78,,2017-12-29 [Closed],,,2073/2074
KADBL,Kanchan Development Bank Limited,12.33,0.64,12.97,,2018-01-05 [Closed],,,2073/2074
PCBL,Prime Commercial Bank Limited,27.00,,27.00,,2017-12-20 [Closed],,,2073/2074
GFCL,Goodwill Finance Company Limited,10.19,0.536,10.726,,2017-12-11 [Closed],,,2073/2074
EBL,Everest Bank Limited,33.00,1.74,34.74,,2017-12-28 [Closed],,,2073/2074
LGIL,Lumbini General Insurance Limited,12.82,0.67,13.49,,2017-12-15 [Closed],,,2073/2074
GBBL,Garima Bikas Bank Limited,15.00,,15.00,,2017-12-29 [Closed],,,2073/2074
HGI,Himalayan General Insurance Company Limited,0.00,15.00,15.00,,2017-12-29 [Closed],,,2073/2074
MMFDB,Mirmire Laghubitta Bittiya Sanstha Limited,30.8,,30.8,,2018-05-16 [Closed],,,2073/2074
HDL,Himalayan Distillery Limited,0.00,21.05,21.05,,2017-12-01 [Closed],,,2073/2074
UMHL,United Modi Hydropower Limited,0.00,5.00,5.00,,2017-12-08 [Closed],,,2073/2074
NNLB,Naya Nepal Laghubitta Bikas Bank Limited,20.00,1.0526,21.0526,,2018-01-11 [Closed],,,2073/2074
DDBL,Deprosc Laghubitta Bittiya Sanstha Limited,16.00,15.00,31.00,,2017-12-29 [Closed],,,2073/2074
KNBL,Kankai Bikas Bank Limited,6.15,0.322,6.472,,2018-01-16 [Closed],,,2073/2074
JBNL,Janata Bank Nepal Limited,14.4,,14.4,,2017-12-26 [Closed],,,2073/2074
SCB,Standard Chartered Bank Nepal Limited,100.00,5.26,105.26,,2017-12-31 [Closed],,,2073/2074
JBBL,Jyoti Bikash Bank Limited,10.00,,10.00,,2017-12-31 [Closed],,,2073/2074
NLO,Nepal Lube Oil Limited,0.00,25.00,25.00,,2017-12-20 [Closed],,,2073/2074
HLBSL,Himalayan Laghubitta Bittiya Sanstha Limited (Former Civil Laghubitta),4.5,0.23,4.73,,2017-12-22 [Closed],,,2073/2074
EIC,Everest Insurance Company Limited,10.00,,10.00,,2018-04-09 [Closed],,,2073/2074
MSMBS,Mahila Sahayatra Laghubitta Bittiya Sanstha Limited,0.00,5.00,5.00,,2017-12-25 [Closed],,,2073/2074
KRITI,Kriti Capital & Investments Limited,5.00,0.26,5.26,,,,,2073/2074
KMCDB,Kalika Laghubitta Bittiya Sanstha Limited,21.21,,21.21,,2018-02-18 [Closed],,,2073/2074
NLG,NLG Insurance Company Limited,25.00,1.315,26.315,,2018-02-01 [Closed],,,2073/2074
TRH,Taragaon Regency Hotel Limited,0.00,7.36,7.36,,2018-03-02 [Closed],2018-05-06,,2073/2074
GMFIL,Guheswori Merchant Banking & Finance Limited,15.8,,15.8,,2018-01-03 [Closed],,2018-02-15,2073/2074
NTC,Nepal Doorsanchar Company Limited,0.00,55.00,55.00,,2017-12-27 [Closed],,,2073/2074
API,Api Power Company Limited,8.00,,8.00,,2018-01-05 [Closed],,2018-04-12,2073/2074
JFL,Janaki Finance Company Limited,18.00,,18.00,,2018-01-03 [Closed],,,2073/2074
ODBL,Om Development Bank Limited,17.69,,17.69,,2018-02-26 [Closed],,,2073/2074
ADBL,Agricultural Development Bank Limited,20.00,1.053,21.053,,2018-01-29 [Closed],,,2073/2074
PFL,Pokhara Finance Limited,8.26,0.435,8.695,,2018-06-10 [Closed],,,2073/2074
SBL,Siddhartha Bank Limited,14.00,,14.00,,2018-03-04 [Closed],,,2073/2074
PIC,Premier Insurance Company (Nepal) Limited,13.52,,13.52,,2018-03-22 [Closed],,,2073/2074
MEGA,Mega Bank Nepal Limited,10.7539,,10.7539,,2018-06-28 [Closed],,,2073/2074
NICL,Nepal Insurance Company Limited,4.52,,4.52,,2018-04-20 [Closed],,,2073/2074
FOWAD,Forward Microfinance Laghubitta Bittiya Sanstha Limited,50.00,15.00,65.00,,2018-03-01 [Closed],,,2073/2074
MFIL,Manjushree Finance Limited,5.71,0.32,6.03,,2018-06-18 [Closed],,,2073/2074
MLBL,Mahalaxmi Bikas Bank Limited,0.00,9.00,9.00,,2018-04-20 [Closed],2018-05-23,,2073/2074
STC,Salt Trading Corporation Limited,25.00,10.00,35.00,,2018-02-20 [Closed],,,2073/2074
CCBL,Century Commercial Bank Limited,5.00,5.00,10.00,,2018-02-23 [Closed],,,2073/2074
HAMRO,Hamro Bikas Bank Limited,7.3,0.3832,7.6832,,2018-05-03 [Closed],,,2073/2074
NLIC,Nepal Life Insurance Company Limited,42.00,28.5,70.5,,2018-03-28 [Closed],,,2073/2074
ALICL,Asian Life Insurance Company Limited,4.00,0.21,4.21,,2018-05-18 [Closed],,,2073/2074
GDBL,Gandaki Bikas Bank Limited,19.3106,,19.3106,,2018-05-22 [Closed],,,2073/2074
BOKL,Bank of Kathmandu Limited,13.25,,13.25,,2018-06-22 [Closed],,2018-10-03,2073/2074
TDBL,Tourism Development Bank Limited,15.00,,15.00,,,,,2073/2074
BPCL,Butwal Power Company Limited,0.00,20.00,20.00,,2018-05-10 [Closed],2018-07-12,,2073/2074
NHAEL,Nepal Hydro and Electric Limited,5.00,5.00,10.00,,,,,2073/2074
SADBL,Shangrila Development Bank Limited,2.5,9.3,11.8,,2018-06-18 [Closed],,,2073/2074
SIFC,Shree Investment Finance Company Limited,26.57,,26.57,,2018-06-18 [Closed],,,2073/2074
NCDB,Nepal Community Development Bank Limited,8.61,0.45,9.06,,2018-05-11 [Closed],,,2073/2074
WDBL,Western Development Bank Limited,17.41,0.91,18.32,,2018-06-07 [Closed],,,2073/2074
RADHI,Radhi Bidyut Company Limited,10.00,0.6,10.6,,2018-06-19 [Closed],,,2073/2074
SLICL,Surya Life Insurance Company Limited,12.00,0.63,12.63,,2018-07-01 [Closed],,,2073/2074
NIBPO,Nepal Investment Bank Limited Promoter Share,15.00,25.00,40.00,,2017-10-04 [Closed],,,2073/2074
NABILP,NABIL Bank Limited Promoter Share,30.00,18.00,48.00,,2017-09-12 [Closed],,,2073/2074
SHBL,Sahara Bikas Bank Limited,23.00,1.21,24.21,,,,2021-05-10,2073/2074
JEFL,Jebils Finance Limited,10.00,,10.00,,,,,2073/2074
PFL,Pokhara Finance Limited,13.5,0.71,14.21,,2016-10-03 [Closed],,,2072/2073
AHPC,Arun Valley Hydropower Development Company Limited,10.00,0.526,10.526,,2016-08-15 [Closed],,,2072/2073
FMDBL,First Microfinance Laghubitta Bittiya Sanstha Limited,15.00,0.79,15.79,,2016-09-21 [Closed],2016-11-10,,2072/2073
NIBSF1,NIBL Samriddhi Fund 1,0.00,15.00,15.00,,2016-08-31 [Closed],2016-11-09,,2072/2073
UFIL,Unique Finance Limited,16.00,,16.00,,2016-08-02 [Closed],,,2072/2073
SLBBL,Swarojgar Laghubitta Bittiya Sanstha Limited,30.4,1.6,32.00,,2016-10-04 [Closed],,,2072/2073
UNL,Unilever Nepal Limited,0.00,"1,020.00","1,020.00",,2016-09-04 [Closed],,,2072/2073
CNDBL,Country Development Bank Limited,8.45,0.44,8.89,,2016-06-07 [Closed],,,2072/2073
EFL,Everest Finance Limited,14.5,,14.5,,2015-12-28 [Closed],,,2072/2073
ICFC,ICFC Finance Limited,17.00,0.89,17.89,,2016-09-29 [Closed],,,2072/2073
RHPC,Ridi Hydropower Development Company Limited,6.00,0.3157,6.315,,2016-08-31 [Closed],,,2072/2073
NIB,Nepal Investment Bank Limited,20.00,21.00,41.00,,2016-09-06 [Closed],2016-11-11,,2072/2073
BGDBL,Bagmati Development Bank Limited,14.00,0.74,14.74,,2016-05-20 [Closed],,,2072/2073
SEOS,Siddhartha Equity Oriented Scheme,0.00,16.00,16.00,,2016-09-09 [Closed],2016-11-27,,2072/2073
SIGS1,Siddhartha Investment Growth Scheme-1,0.00,30.00,30.00,,2016-09-09 [Closed],2016-11-21,,2072/2073
CZBIL,Citizens Bank International Limited,15.8,0.83,16.63,,2016-09-22 [Closed],,,2072/2073
TNBL,Tinau Development Bank Limited,25.00,1.31,26.31,,2016-10-05 [Closed],,,2072/2073
UFL,United Finance Limited,20.00,1.05,21.05,,2016-09-23 [Closed],2016-11-08,,2072/2073
SKDBL,Saptakoshi Development Bank Limited,11.00,,11.00,,2016-12-23 [Closed],,,2072/2073
NIBLC,NIBL Capital Markets Limited,0.00,20.00,20.00,,,,,2072/2073
SBBLJ,Sahayogi Vikas Bank Limited,22.00,1.16,23.16,,2016-11-04 [Closed],,,2072/2073
NCMMER,NCM Merchant Banking Limited,0.00,40.00,40.00,,,,,2072/2073
SIDCL,Siddhartha Capital Limited,0.00,20.00,20.00,,,,,2072/2073
NBB,Nepal Bangladesh Bank Limited,32.00,1.68,33.68,,2016-10-05 [Closed],,,2072/2073
SINDU,Sindhu Bikas Bank Limited,16.8,0.88,17.68,,2016-10-20 [Closed],,,2072/2073
NMBMF,NMB Laghubitta Bittiya Sanstha Limited,25.00,1.31,26.31,,2016-11-03 [Closed],,,2072/2073
ACECAP,Ace Capital Limited,0.00,13.25,13.25,,,,,2072/2073
NABIL,Nabil Bank Limited,30.00,15.00,45.00,,2016-09-21 [Closed],,,2072/2073
NICA,NIC Asia Bank Limited,26.00,1.37,27.37,,2016-09-21 [Closed],,,2072/2073
GFCL,Goodwill Finance Company Limited,25.00,1.32,26.32,,2016-09-27 [Closed],,,2072/2073
SANIMA,Sanima Bank Limited,15.00,0.79,15.79,,2016-09-29 [Closed],,,2072/2073
HAMRO,Hamro Bikas Bank Limited,25.00,,25.00,,2016-12-23 [Closed],,,2072/2073
MERO,Mero Microfinance Laghubitta Bittiya Sanstha Limited,10.00,10.00,20.00,,2016-12-19 [Closed],,,2072/2073
SIFC,Shree Investment Finance Company Limited,10.5,0.55,11.05,,2016-10-07 [Closed],,,2072/2073
TBBL,Triveni Bikas Bank Limited,19.00,,19.00,,2016-11-03 [Closed],,,2072/2073
NMBSF1,NMB Sulav Investment Fund-1,0.00,20.00,20.00,,2016-09-22 [Closed],2016-11-16,,2072/2073
MDB,Miteri Development Bank Limited,30.00,1.58,31.58,,2016-11-03 [Closed],,,2072/2073
NBF1,Nabil Balanced Fund-1,0.00,30.00,30.00,,2016-09-20 [Closed],2016-11-21,,2072/2073
SMFDB,Summit Laghubitta Bittiya Sanstha Limited,45.00,2.36,47.36,,2016-12-23 [Closed],,,2072/2073
ICRA,ICRA Nepal Limited,0.00,10.53,10.53,,,,,2072/2073
GDBL,Gandaki Bikas Bank Limited,19.75,1.03,20.78,,2016-12-12 [Closed],2017-01-04,,2072/2073
NLCL,Nepal Life Capital Limited (Former National Merchant Banker Limited),10.53,,10.53,,,,,2072/2073
GBL,Global Bank Limited,16.00,,16.00,,,,,2072/2073
OHL,Oriental Hotel Limited,20.00,6.32,26.32,,2016-09-22 [Closed],2016-10-21,,2072/2073
SRBL,Sunrise Bank Limited,33.33,,33.33,,2016-10-03 [Closed],,,2072/2073
NLBBL,Nerude Laghubitta Bittiya Sanstha Limited,20.00,11.05,31.05,,2017-03-13 [Closed],2017-06-21,2017-07-24,2072/2073
KBBL,Kailash Bikas Bank Limited,25.00,,25.00,,2016-12-29 [Closed],,,2072/2073
MNBBL,Muktinath Bikas Bank Limited,34.00,0.00,34.00,,2016-11-09 [Closed],,,2072/2073
PURBL,Purnima Bikas Bank Limited,24.7,1.3,26.00,,2016-12-23 [Closed],,,2072/2073
API,Api Power Company Limited,5.00,,5.00,,2016-08-17 [Closed],,2017-01-02,2072/2073
KMFL,Kisan Microfinance Bittiya Sanstha Limited,61.00,3.21,64.21,,2016-12-02 [Closed],,,2072/2073
ACEDBL,Ace Development Bank Limited,20.25,,20.25,,2016-10-18 [Closed],,,2072/2073
ARDBL,Araniko Development Bank Limited,17.00,0.89,17.89,,2016-11-24 [Closed],,,2072/2073
CFCL,Central Finance Limited,22.5,1.74,24.24,,2016-04-11 [Closed],,,2072/2073
SHINE,Shine Resunga Development Bank Limited,27.00,,27.00,,2016-11-30 [Closed],,,2072/2073
VLBS,Vijaya Laghubitta Bittiya Sanstha Limited,15.00,5.00,20.00,,2016-11-22 [Closed],2016-12-18,,2072/2073
SDBL,Siddhartha Development Bank Limited,24.00,,24.00,,2016-11-24 [Closed],,,2072/2073
GILB,Global IME Laghubitta Bittiya Sanstha Limited,0.00,20.00,20.00,,2016-11-22 [Closed],2017-01-17,,2072/2073
EDBL,Excel Development Bank Limited,25.00,1.31,26.31,,2017-03-20 [Closed],,,2072/2073
WDBL,Western Development Bank Limited,10.00,1.05,11.05,,2017-04-10 [Closed],,,2072/2073
NUBL,Nirdhan Utthan Laghubitta Bittiya Sanstha Limited,20.00,11.579,31.579,,2016-11-15 [Closed],,,2072/2073
MFIL,Manjushree Finance Limited,14.00,0.74,14.74,,2016-12-24 [Closed],,,2072/2073
BLDBL,Biratlaxmi Bikash Bank Limited,18.5,0.97,19.47,,2016-01-08 [Closed],,,2072/2073
JSLBB,Janautthan Samudayic Laghubitta Bittiya Sanstha Limited,20.00,,20.00,,2016-11-30 [Closed],,,2072/2073
WOMI,Womi Laghubitta Bittiya Sanstha Limited,20.00,1.1,21.1,,2016-12-01 [Closed],,,2072/2073
SEWA,Sewa Bikas Bank Limited,19.00,1.00,20.00,,2016-11-27 [Closed],,,2072/2073
HLBSL,Himalayan Laghubitta Bittiya Sanstha Limited (Former Civil Laghubitta),5.00,0.26,5.26,,2017-02-18 [Closed],,,2072/2073
INDB,Innovative Development Bank Limited,21.75,1.14,22.89,,2016-06-26 [Closed],,,2072/2073
SBI,Nepal SBI Bank Limited,28.00,1.53,29.53,,2017-02-05 [Closed],,,2072/2073
SICL,Shikhar Insurance Company Limited,60.00,3.15,63.15,,2016-12-09 [Closed],,,2072/2073
MMFDB,Mirmire Laghubitta Bittiya Sanstha Limited,50.00,2.63,52.63,,2016-12-12 [Closed],,,2072/2073
BFCL,Bhaktapur Finance Company Limited,3.5,0.18,3.68,,2016-04-11 [Closed],,,2072/2073
NABILINV,Nabil Investment Banking Limited,0.00,20.00,20.00,,,,,2072/2073
CSDBL,Cosmos Development Bank Limited,11.8,1.24,13.04,,2016-12-30 [Closed],,,2072/2073
MSMBS,Mahila Sahayatra Laghubitta Bittiya Sanstha Limited,10.00,0.52,10.52,,2016-12-14 [Closed],,,2072/2073
ODBL,Om Development Bank Limited,29.2,,29.2,,2016-12-06 [Closed],,,2072/2073
PRIN,Prabhu Insurance Company Limited,17.00,,17.00,,2016-10-18 [Closed],2016-12-08,,2072/2073
KADBL,Kanchan Development Bank Limited,25.00,1.31,26.31,,2016-12-15 [Closed],,,2072/2073
KDBL,Kasthamandap Development Bank Limited,23.37,1.23,24.6,,2017-02-09 [Closed],,,2072/2073
SCB,Standard Chartered Bank Nepal Limited,33.33,1.75,35.08,,2016-12-07 [Closed],,,2072/2073
JBBL,Jyoti Bikash Bank Limited,11.7,,11.7,,2016-12-29 [Closed],,,2072/2073
NIL,Neco Insurance Limited,20.00,1.05,21.05,,2016-12-29 [Closed],,,2072/2073
BHBL,Bhargav Bikash Bank Limited,20.00,1.05,21.05,,2016-12-25 [Closed],,,2072/2073
NMB,NMB Bank Limited,19.00,1.00,20.00,,2016-12-22 [Closed],,,2072/2073
PCBL,Prime Commercial Bank Limited,17.25,1.21,18.46,,2017-01-12 [Closed],,,2072/2073
PIC,Premier Insurance Company (Nepal) Limited,20.00,1.05,21.05,,2016-12-22 [Closed],,,2072/2073
CBBL,Chhimek Laghubitta Bittiya Sanstha Limited,40.00,12.7,52.7,,2016-12-11 [Closed],2017-02-09,,2072/2073
SIL,Siddhartha Insurance Limited,30.00,1.57,31.57,,2016-12-23 [Closed],,,2072/2073
SFFIL,Srijana Finance Limited,50.00,2.63,52.63,,2016-12-02 [Closed],,,2072/2073
MBL,Machhapuchchhre Bank Limited,20.75,1.09,21.84,,2016-12-16 [Closed],,2017-04-03,2072/2073
BPCL,Butwal Power Company Limited,7.00,20.00,27.00,,2016-12-05 [Closed],2017-02-23,,2072/2073
FBBL,Fewa Bikas Bank Limited,20.6,,20.6,,2016-09-11 [Closed],,,2072/2073
RMDC,RMDC Laghubitta Bittiya Sanstha Limited,10.00,10.00,20.00,,2016-12-27 [Closed],2017-03-22,,2072/2073
SWBBL,Swabalamban Laghubitta Bittiya Sanstha Limited,34.00,19.68,53.68,,2016-12-19 [Closed],2017-01-13,,2072/2073
RLFL,Reliance Finance Limited,15.00,0.79,15.79,,2016-12-26 [Closed],,2017-06-06,2072/2073
MMDBL,Mount Makalu Development Bank Limited,16.00,,16.00,,2017-02-23 [Closed],,,2072/2073
NBBL,Nagbeli Laghubitta Bikash Bank Limited,60.00,20.00,80.00,,2016-12-28 [Closed],2017-03-02,,2072/2073
EBL,Everest Bank Limited,70.00,3.675,73.675,,2016-12-21 [Closed],,,2072/2073
KNBL,Kankai Bikas Bank Limited,20.00,,20.00,,2016-11-25 [Closed],,,2072/2073
LLBS,Laxmi Laghubitta Bittiya Sanstha Limited,0.00,10.53,10.53,,2016-12-29 [Closed],2017-06-05,,2072/2073
SIC,Sagarmatha Insurance Company Limited,22.00,1.15,23.15,,2016-12-28 [Closed],,,2072/2073
PICL,Prudential Insurance Company Limited,20.00,1.05,21.05,,2017-02-14 [Closed],,,2072/2073
NEPSE,Nepal Stock Exchange Limited,0.00,50.00,50.00,,,,,2072/2073
SANCAP,Sanima Capital Limited,0.00,3.00,3.00,,,,,2072/2073
PRABHU,Prabhu Capital Limited,0.00,20.00,20.00,,,,,2072/2073
PADBL,Pacific Development Bank Limitied,22.1,,22.1,,2016-06-15 [Closed],,,2072/2073
LGIL,Lumbini General Insurance Limited,18.18,0.96,19.14,,2016-11-30 [Closed],,,2072/2073
LFLC,Lumbini Finance and Leasing Company Limited,35.00,1.84,36.84,,2017-01-03 [Closed],,,2072/2073
NMBCAP,NMB Capital Limited,0.00,21.05,21.05,,,,,2072/2073
SHL,Soaltee Hotel Limited,10.00,11.05,21.05,,2016-12-12 [Closed],2017-06-01,,2072/2073
ALDBL,Alpine Development Bank Limited,14.5,,14.5,,2016-12-28 [Closed],,,2072/2073
GMFIL,Guheswori Merchant Banking & Finance Limited,12.00,0.63,12.63,,2016-12-22 [Closed],,2017-01-23,2072/2073
TDBL,Tourism Development Bank Limited,9.3,,9.3,,2017-11-05 [Closed],,,2072/2073
SADBL,Shangrila Development Bank Limited,16.07,0.85,16.92,,2017-05-18 [Closed],,,2072/2073
HBL,Himalayan Bank Limited,30.00,1.57,31.57,,2016-12-21 [Closed],,,2072/2073
NBSL,Namaste Bittiya Sanstha Limited,24.00,1.26,25.26,,2016-12-09 [Closed],,,2072/2073
MLBL,Mahalaxmi Bikas Bank Limited,8.00,,8.00,,2017-04-20 [Closed],,,2072/2073
HAMA,Hama Merchant & Finance Limited,12.00,,12.00,,2016-09-04 [Closed],,,2072/2073
GBIME,Global IME Bank Limited,16.00,,16.00,,2017-03-20 [Closed],,,2072/2073
JEFL,Jebils Finance Limited,12.5,0.65,13.15,,2016-12-27 [Closed],,,2072/2073
HGI,Himalayan General Insurance Company Limited,20.00,1.05,21.05,,2016-12-28 [Closed],,,2072/2073
SBL,Siddhartha Bank Limited,39.00,,39.00,,2017-02-02 [Closed],,,2072/2073
MEGA,Mega Bank Nepal Limited,13.25,0.7,13.95,,2017-02-28 [Closed],,2017-05-08,2072/2073
NLG,NLG Insurance Company Limited,25.00,1.31,26.31,,2016-12-30 [Closed],,,2072/2073
REDBL,Reliable Development Bank Limited,28.14,,28.14,,2017-03-03 [Closed],,,2072/2073
SKBBL,Sana Kisan Bikas Laghubitta Bittiya Sanstha Limited,25.00,1.31,26.31,,2016-12-29 [Closed],,,2072/2073
DBBL,Deva Bikas Bank Limited,14.00,,14.00,,2017-01-02 [Closed],,,2072/2073
MLBBL,Mithila Laghubitta Bittiya Sanstha Limited,12.66,0.66,13.32,,2016-12-23 [Closed],,,2072/2073
CHCL,Chilime Hydro power Company Limited,10.00,10.00,20.00,,2016-12-23 [Closed],2017-02-26,,2072/2073
MSBBL,Manaslu Bikas Bank Limited,18.00,0.95,18.95,,2016-10-07 [Closed],2017-05-18,,2072/2073
JFL,Janaki Finance Company Limited,10.00,,10.00,,2016-12-28 [Closed],,,2072/2073
LVF1,Laxmi Value Fund-1,0.00,25.00,25.00,,2016-08-17 [Closed],2016-12-20,,2072/2073
BOKL,Bank of Kathmandu Limited,23.00,,23.00,,2017-02-26 [Closed],,2017-06-06,2072/2073
KMBL,Kamana Bikas Bank Limited,21.58,,21.58,,2016-09-27 [Closed],,,2072/2073
KRITI,Kriti Capital & Investments Limited,7.00,0.36,7.36,,,,,2072/2073
SHBL,Sahara Bikas Bank Limited,18.00,,18.00,,2017-01-02 [Closed],,,2072/2073
DDBL,Deprosc Laghubitta Bittiya Sanstha Limited,35.00,17.63,52.63,,2017-02-13 [Closed],,,2072/2073
ADBL,Agricultural Development Bank Limited,20.00,1.05,21.05,,2017-03-31 [Closed],2017-06-20,,2072/2073
HIDCL,Hydroelectricity Investment and Development Company Limited,0.00,5.00,5.00,,2017-01-01 [Closed],2017-02-17,,2072/2073
KBL,Kumari Bank Limited,21.00,1.1,21.00,,2017-03-03 [Closed],,,2072/2073
RSDC,RSDC Laghubitta Bittiya Sanstha Limited,15.00,0.79,15.79,,2017-03-14 [Closed],,,2072/2073
GBBL,Garima Bikas Bank Limited,20.00,,20.00,,2017-02-03 [Closed],,,2072/2073
SETI,Seti Finance Limited,3.6,0.18,3.78,,2017-04-03 [Closed],,,2072/2073
LBL,Laxmi Bank Limited,18.29,,18.29,,2017-06-16 [Closed],,,2072/2073
HDL,Himalayan Distillery Limited,0.00,20.00,20.00,,2016-11-17 [Closed],2017-01-23,,2072/2073
JBNL,Janata Bank Nepal Limited,12.00,0.63,12.63,,2017-01-22 [Closed],,,2072/2073
STC,Salt Trading Corporation Limited,20.00,5.00,25.00,,2017-06-28 [Closed],2017-10-22,,2072/2073
NLIC,Nepal Life Insurance Company Limited,25.00,1.31,26.31,,2017-03-10 [Closed],,,2072/2073
KKBL,Kankrebihar Bikas Bank Limited,19.00,1.00,20.00,,2016-10-03 [Closed],,,2072/2073
NTC,Nepal Doorsanchar Company Limited,0.00,51.00,51.00,,2017-02-26 [Closed],2017-03-15,,2072/2073
KMCDB,Kalika Laghubitta Bittiya Sanstha Limited,65.00,,65.00,,2017-04-17 [Closed],,,2072/2073
LICN,Life Insurance Corporation Nepal Limited,24.8,1.3,26.1,,2017-05-19 [Closed],,,2072/2073
ALICL,Asian Life Insurance Company Limited,20.00,1.05,21.05,,2017-03-16 [Closed],,,2072/2073
MBBL,Mahakali Bikas Bank Limited,9.25,0.49,9.74,,2016-08-14 [Closed],,,2072/2073
CCBL,Century Commercial Bank Limited,10.00,,10.00,,2017-03-31 [Closed],,,2072/2073
SAFL,Sagarmatha Finance Limited,18.3,,18.3,,2017-03-05 [Closed],,,2072/2073
CBL,Civil Bank Limited,2.88,0.15,3.03,,2017-05-04 [Closed],,,2072/2073
GLICL,Gurans Life Insurance Company Limited,8.00,0.421,8.421,,2017-06-12 [Closed],,2017-10-31,2072/2073
EIC,Everest Insurance Company Limited,20.00,,20.00,,2017-06-23 [Closed],,,2072/2073
KEBL,Kabeli Bikas Bank Limited,20.00,,20.00,,2017-04-26 [Closed],,,2072/2073
NLICL,National Life Insurance Company Limited,25.00,1.32,26.32,,2017-07-23 [Closed],,,2072/2073
KRBL,Karnali Development Bank Limited,8.00,5.00,13.00,,2017-04-26 [Closed],,,2072/2073
UIC,United Insurance Company (Nepal) Limited,10.00,,10.00,,2017-12-27 [Closed],,,2072/2073
SLICL,Surya Life Insurance Company Limited,10.00,,10.00,,2017-08-25 [Closed],,,2072/2073
MIDBL,Mission Development Bank Limited,22.00,0.16,22.16,,2017-06-29 [Closed],,,2072/2073
NCDB,Nepal Community Development Bank Limited,5.15,0.27,5.42,,2017-05-26 [Closed],,,2072/2073
RBBBL,Raptibheri Bikas Bank Limited,9.25,0.48,9.73,,2017-03-29 [Closed],,,2072/2073
MPFL,Multipurpose Finance Company Limited,12.00,,12.00,,2017-06-21 [Closed],,,2072/2073
NICL,Nepal Insurance Company Limited,5.00,,5.00,,2017-09-01 [Closed],,,2072/2073
PLIC,Prime Life Insurance Company Limited,25.00,,25.00,,2017-08-30 [Closed],,,2072/2073
NGPL,Ngadi Group Power Limited,0.00,5.00,5.00,,2016-10-27 [Closed],,,2072/2073
CIT,Citizen Investment Trust,22.00,1.157,23.157,,2018-04-22 [Closed],,,2072/2073
NLO,Nepal Lube Oil Limited,10.00,10.00,20.00,,2016-12-22 [Closed],,,2072/2073
NABILP,NABIL Bank Limited Promoter Share,30.00,15.00,45.00,,2016-09-21 [Closed],,,2072/2073
NIBPO,Nepal Investment Bank Limited Promoter Share,20.00,21.00,41.00,,2016-09-06 [Closed],2016-11-11,,2072/2073
UNL,Unilever Nepal Limited,0.00,990.00,990.00,,2015-09-13 [Closed],,,2071/2072
SIFC,Shree Investment Finance Company Limited,11.61,0.61,12.22,,2015-09-23 [Closed],2015-10-29,,2071/2072
TNBL,Tinau Development Bank Limited,18.00,0.94,18.94,,2015-09-21 [Closed],,,2071/2072
NBF1,Nabil Balanced Fund-1,0.00,14.00,14.00,,2015-08-31 [Closed],2015-10-04,,2071/2072
AHPC,Arun Valley Hydropower Development Company Limited,0.00,11.00,11.00,,2015-08-27 [Closed],2015-10-15,,2071/2072
KAFIL,Kaski Finance Limited,17.26,0.91,18.17,,2015-08-03 [Closed],2015-10-07,,2071/2072
EFL,Everest Finance Limited,14.00,,14.00,,2015-10-01 [Closed],,,2071/2072
SIGS1,Siddhartha Investment Growth Scheme-1,0.00,15.00,15.00,,2015-09-09 [Closed],2015-10-14,,2071/2072
SANIMA,Sanima Bank Limited,20.00,1.05,21.05,,2015-10-01 [Closed],,,2071/2072
NIL,Neco Insurance Limited,15.00,0.78,15.78,,2016-03-11 [Closed],2016-05-18,2016-05-15,2071/2072
CZBIL,Citizens Bank International Limited,20.00,1.05,21.05,,2015-09-28 [Closed],2015-12-02,,2071/2072
KMBL,Kamana Bikas Bank Limited,22.6,1.19,23.79,,2015-10-02 [Closed],2015-12-02,,2071/2072
GDBL,Gandaki Bikas Bank Limited,23.00,1.21,24.21,,2015-11-04 [Closed],2015-11-28,,2071/2072
MDB,Miteri Development Bank Limited,30.00,1.58,31.58,,2015-12-21 [Closed],2016-03-27,,2071/2072
RHPC,Ridi Hydropower Development Company Limited,0.00,10.526,10.526,,2015-10-01 [Closed],2015-12-13,,2071/2072
FMDBL,First Microfinance Laghubitta Bittiya Sanstha Limited,15.00,0.79,15.79,,2015-11-01 [Closed],2015-12-12,,2071/2072
SLBBL,Swarojgar Laghubitta Bittiya Sanstha Limited,34.2,1.8,36.00,,2015-12-01 [Closed],2015-12-26,,2071/2072
NNFC,Narayani National Finance Company Limited,18.00,7.00,25.00,,2015-10-15 [Closed],2015-11-18,,2071/2072
KBBL,Kailash Bikas Bank Limited,24.00,,24.00,,2015-10-02 [Closed],2015-11-25,,2071/2072
UFL,United Finance Limited,15.00,0.79,15.79,,2015-11-23 [Closed],2015-12-16,,2071/2072
SINDU,Sindhu Bikas Bank Limited,12.5,0.66,13.16,,2015-10-30 [Closed],2015-12-12,,2071/2072
OFL,Om Finance Limited,27.07,1.42,28.49,,2015-07-15 [Closed],2015-12-27,,2071/2072
NABILINV,Nabil Investment Banking Limited,0.00,20.00,20.00,,,,,2071/2072
SIDCL,Siddhartha Capital Limited,0.00,10.53,10.53,,,,,2071/2072
NCDB,Nepal Community Development Bank Limited,9.5,0.5,10.00,,2015-10-02 [Closed],2016-01-25,,2071/2072
UFIL,Unique Finance Limited,7.00,0.036,7.036,,2015-11-24 [Closed],2016-01-19,,2071/2072
SDBL,Siddhartha Development Bank Limited,11.00,0.58,11.58,,2016-01-05 [Closed],2016-06-02,,2071/2072
BUDBL,Business Universal Development Bank Limited,13.00,0.68,13.68,,2015-12-06 [Closed],2016-01-09,,2071/2072
NBB,Nepal Bangladesh Bank Limited,25.00,1.32,26.32,,2015-11-06 [Closed],,,2071/2072
NIB,Nepal Investment Bank Limited,33.00,1.74,34.74,,2015-10-30 [Closed],,,2071/2072
BOK,(Former) Bank of Kathmandu Limited,26.00,1.36,27.36,,2016-01-18 [Closed],,2016-07-11,2071/2072
METRO,Metro Development Bank Limited,16.00,1.00,17.00,,2015-11-10 [Closed],2016-05-15,,2071/2072
GBIME,Global IME Bank Limited,23.00,,23.00,,2015-10-29 [Closed],2015-12-28,,2071/2072
HAMA,Hama Merchant & Finance Limited,10.5,0.55,11.05,,2016-04-05 [Closed],,,2071/2072
NMBMF,NMB Laghubitta Bittiya Sanstha Limited,15.00,,15.00,,2016-04-28 [Closed],,,2071/2072
JFL,Janaki Finance Company Limited,25.00,,25.00,,2015-10-27 [Closed],2015-11-16,,2071/2072
SRBL,Sunrise Bank Limited,21.5,1.13,22.63,,2015-10-28 [Closed],2016-05-02,,2071/2072
KFL,Kathmandu Finance Limited.,7.00,0.3684,7.36,,2015-05-28 [Closed],,,2071/2072
TBBL,Triveni Bikas Bank Limited,10.00,0.53,10.53,,2015-12-28 [Closed],2016-06-20,,2071/2072
SHINE,Shine Resunga Development Bank Limited,27.00,1.42,28.42,,2015-10-12 [Closed],,,2071/2072
NABIL,Nabil Bank Limited,30.00,6.842,36.842,,2015-12-06 [Closed],2015-12-28,,2071/2072
JBBL,Jyoti Bikash Bank Limited,9.00,,9.00,,2015-10-19 [Closed],2016-05-01,,2071/2072
CDBL,City Development Bank Limited,19.25,1.01,20.26,,2015-07-15 [Closed],,,2071/2072
CBBL,Chhimek Laghubitta Bittiya Sanstha Limited,40.00,12.7,52.7,,2015-12-11 [Closed],2016-02-21,,2071/2072
HAMRO,Hamro Bikas Bank Limited,15.00,0.79,15.79,,2015-12-03 [Closed],,,2071/2072
PFL,Pokhara Finance Limited,48.5,2.55,51.05,,2015-10-25 [Closed],2015-12-14,,2071/2072
LUBL,Lumbini Bank Limited,15.00,,15.00,,2015-12-27 [Closed],2016-07-05,,2071/2072
DDBL,Deprosc Laghubitta Bittiya Sanstha Limited,50.00,2.63,52.63,,2015-12-13 [Closed],,,2071/2072
SWBBL,Swabalamban Laghubitta Bittiya Sanstha Limited,42.00,10.63,52.63,,2015-12-20 [Closed],2016-03-12,,2071/2072
KNBL,Kankai Bikas Bank Limited,25.00,1.315,26.315,,2015-12-03 [Closed],2016-03-01,,2071/2072
SUBBL,Subhechha Bikas Bank Limited,17.95,0.94,18.89,,2016-01-13 [Closed],,,2071/2072
LLBS,Laxmi Laghubitta Bittiya Sanstha Limited,10.00,0.53,10.53,,2015-12-25 [Closed],,,2071/2072
GLICL,Gurans Life Insurance Company Limited,10.00,0.52,10.52,,2016-01-28 [Closed],,2016-09-18,2071/2072
SBL,Siddhartha Bank Limited,20.00,1.05,21.05,,2015-12-16 [Closed],,,2071/2072
ARDBL,Araniko Development Bank Limited,10.00,0.53,10.53,,2015-12-03 [Closed],2016-03-06,,2071/2072
EDBL,Excel Development Bank Limited,26.00,1.36,27.36,,2016-03-29 [Closed],,,2071/2072
RMDC,RMDC Laghubitta Bittiya Sanstha Limited,10.00,16.32,26.32,,2015-12-27 [Closed],2016-02-27,,2071/2072
BLDBL,Biratlaxmi Bikash Bank Limited,25.00,,25.00,,2015-12-29 [Closed],2016-02-11,,2071/2072
NUBL,Nirdhan Utthan Laghubitta Bittiya Sanstha Limited,48.81,13.1,61.91,,2015-12-09 [Closed],2016-01-02,,2071/2072
SMFDB,Summit Laghubitta Bittiya Sanstha Limited,41.72,2.19,43.91,,2015-12-31 [Closed],,,2071/2072
NLBBL,Nerude Laghubitta Bittiya Sanstha Limited,44.00,2.32,46.32,,2015-12-29 [Closed],,,2071/2072
OHL,Oriental Hotel Limited,20.00,,20.00,,2015-11-15 [Closed],2016-01-16,,2071/2072
KADBL,Kanchan Development Bank Limited,25.00,1.31,26.31,,2015-12-11 [Closed],2016-01-18,,2071/2072
HBL,Himalayan Bank Limited,35.00,7.1,42.1,,2015-12-04 [Closed],,,2071/2072
MNBBL,Muktinath Bikas Bank Limited,31.00,1.63,32.63,,2015-12-28 [Closed],,,2071/2072
PADBL,Pacific Development Bank Limitied,24.00,1.26,25.26,,2015-11-23 [Closed],2016-01-04,,2071/2072
CSDBL,Cosmos Development Bank Limited,15.00,0.79,15.79,,2015-11-18 [Closed],2016-03-19,,2071/2072
MFL,Mahalaxmi Finance Limited,15.00,0.79,15.79,,2015-12-01 [Closed],2016-01-17,,2071/2072
PRDBL,Professional Diyalo Bikas Bank Limited,9.25,,9.25,,2016-05-16 [Closed],2016-09-13,,2071/2072
BPCL,Butwal Power Company Limited,0.00,20.00,20.00,,2015-12-02 [Closed],2016-01-27,,2071/2072
ACECAP,Ace Capital Limited,0.00,9.47,9.47,,,,,2071/2072
MBBL,Mahakali Bikas Bank Limited,17.00,,17.00,,2015-12-16 [Closed],,,2071/2072
EBL,Everest Bank Limited,30.00,6.57,36.57,,2015-12-01 [Closed],,,2071/2072
CFCL,Central Finance Limited,33.00,1.74,34.74,,2016-01-03 [Closed],,2015-02-02,2071/2072
SKBBL,Sana Kisan Bikas Laghubitta Bittiya Sanstha Limited,25.00,1.31,26.31,,2015-12-28 [Closed],,,2071/2072
PRIN,Prabhu Insurance Company Limited,12.00,,12.00,,2015-12-03 [Closed],2016-03-26,,2071/2072
NMB,NMB Bank Limited,8.00,0.42,8.42,,2016-01-26 [Closed],,,2071/2072
ACEDBL,Ace Development Bank Limited,13.00,,13.00,,2015-12-23 [Closed],2016-04-28,,2071/2072
BHBL,Bhargav Bikash Bank Limited,20.00,1.05,21.05,,2016-06-29 [Closed],,,2071/2072
MMDBL,Mount Makalu Development Bank Limited,30.00,,30.00,,2015-12-10 [Closed],,,2071/2072
GMFIL,Guheswori Merchant Banking & Finance Limited,15.00,0.79,15.79,,2015-12-29 [Closed],2016-02-16,2016-04-11,2071/2072
SADBL,Shangrila Development Bank Limited,20.85,,20.85,,2016-02-04 [Closed],,,2071/2072
NLG,NLG Insurance Company Limited,20.00,,20.00,,2015-12-31 [Closed],2016-04-02,,2071/2072
ICFC,ICFC Finance Limited,10.5,0.55,11.05,,2016-03-28 [Closed],,,2071/2072
PCBL,Prime Commercial Bank Limited,18.00,0.95,18.95,,2015-12-30 [Closed],2016-03-31,,2071/2072
JEFL,Jebils Finance Limited,16.75,0.88,17.63,,2015-12-29 [Closed],,,2071/2072
NCMMER,NCM Merchant Banking Limited,0.00,40.00,40.00,,,,,2071/2072
MEGA,Mega Bank Nepal Limited,10.00,0.53,10.53,,2015-12-29 [Closed],2016-03-27,,2071/2072
SCB,Standard Chartered Bank Nepal Limited,25.00,19.21,44.21,,2016-04-30 [Closed],2016-08-07,,2071/2072
IDBL,Infrastructure Development Bank Limited,13.7,,13.7,,2015-01-03 [Closed],2016-06-01,,2071/2072
INDB,Innovative Development Bank Limited,27.00,1.42,28.42,,2016-03-10 [Closed],,,2071/2072
GABL,Gaumukhee Bikas Bank Limited,21.00,1.11,22.11,,,,,2071/2072
NEFL,Nepal Express Finance Limited,13.00,,13.00,,2015-11-09 [Closed],,,2071/2072
CHCL,Chilime Hydro power Company Limited,15.00,12.00,27.00,,2015-12-18 [Closed],2016-02-20,,2071/2072
DBBL,Deva Bikas Bank Limited,7.69,0.4,8.09,,2016-02-17 [Closed],,,2071/2072
BGDBL,Bagmati Development Bank Limited,15.00,0.79,15.79,,2015-12-31 [Closed],2016-03-24,,2071/2072
CBL,Civil Bank Limited,6.75,0.35,7.1,,2015-12-06 [Closed],2016-04-24,,2071/2072
LGIL,Lumbini General Insurance Limited,13.06,,13.06,,2016-02-12 [Closed],,,2071/2072
INDBL,International Development Bank Limited,9.5,0.5,10.00,,2015-11-28 [Closed],,,2071/2072
GILB,Global IME Laghubitta Bittiya Sanstha Limited,13.00,0.68,13.68,,2015-12-22 [Closed],2016-03-22,,2071/2072
MDBL,Malika Bikash Bank Limited,29.14,1.54,30.68,,2016-03-15 [Closed],,,2071/2072
CNDBL,Country Development Bank Limited,7.25,0.38,7.63,,2016-06-07 [Closed],,,2071/2072
GFCL,Goodwill Finance Company Limited,10.00,,10.00,,2016-01-01 [Closed],,,2071/2072
BNT,Bottlers Nepal (Terai) Limited,0.00,25.00,25.00,,2015-12-28 [Closed],2016-02-24,,2071/2072
NLO,Nepal Lube Oil Limited,0.00,10.00,10.00,,2015-12-24 [Closed],,,2071/2072
SBBLJ,Sahayogi Vikas Bank Limited,28.00,1.47,29.47,,2015-12-24 [Closed],2016-04-13,,2071/2072
SEWA,Sewa Bikas Bank Limited,18.00,,18.00,,2015-12-28 [Closed],,,2071/2072
NBSL,Namaste Bittiya Sanstha Limited,20.00,1.00,21.00,,2015-12-27 [Closed],,,2071/2072
MLBBL,Mithila Laghubitta Bittiya Sanstha Limited,20.00,,20.00,,2015-12-25 [Closed],2016-04-19,,2071/2072
NICA,NIC Asia Bank Limited,39.00,2.05,41.05,,2016-01-10 [Closed],2016-03-16,2016-04-11,2071/2072
MFIL,Manjushree Finance Limited,11.4,0.6,12.00,,2016-01-01 [Closed],,,2071/2072
SBI,Nepal SBI Bank Limited,27.00,1.42,28.42,,2016-01-19 [Closed],2016-02-10,,2071/2072
TDBL,Tourism Development Bank Limited,16.00,0.84,16.84,,2016-01-01 [Closed],2016-02-24,,2071/2072
SHL,Soaltee Hotel Limited,25.00,6.57,31.57,,2015-12-16 [Closed],2016-05-05,,2071/2072
GBBL,Garima Bikas Bank Limited,20.00,,20.00,,2015-12-29 [Closed],,,2071/2072
PURBL,Purnima Bikas Bank Limited,23.27,1.22,24.49,,2015-12-29 [Closed],,,2071/2072
WOMI,Womi Laghubitta Bittiya Sanstha Limited,20.00,1.1,21.1,,2015-12-31 [Closed],,,2071/2072
SICL,Shikhar Insurance Company Limited,24.00,1.26,25.26,,2016-03-03 [Closed],,,2071/2072
NMBCAP,NMB Capital Limited,0.00,21.05,21.05,,,,,2071/2072
NEPSE,Nepal Stock Exchange Limited,0.00,10.00,10.00,,,,,2071/2072
PDBL,Paschimanchal Development Bank Limited,10.00,10.53,20.53,,2015-03-26 [Closed],2016-01-20,,2071/2072
EKBL,Ekata Bikash Bank Limited,13.87,,13.87,,2015-09-08 [Closed],,,2071/2072
MTBL,Matribhumi Bikas Bank Limited,15.00,0.78,15.78,,2015-12-04 [Closed],2016-04-19,,2071/2072
MBL,Machhapuchchhre Bank Limited,16.00,0.84,16.84,,2016-04-19 [Closed],2016-07-17,2016-08-10,2071/2072
CCBL,Century Commercial Bank Limited,9.00,0.47,9.47,,2016-01-22 [Closed],2016-04-26,,2071/2072
SETI,Seti Finance Limited,14.00,,14.00,,2016-03-18 [Closed],,,2071/2072
PIC,Premier Insurance Company (Nepal) Limited,30.00,1.02,31.02,,2016-03-17 [Closed],,,2071/2072
SFL,Siddhartha Finance Limited,11.00,0.57,11.57,,2016-02-18 [Closed],,,2071/2072
LICN,Life Insurance Corporation Nepal Limited,25.00,1.32,26.32,,2016-05-12 [Closed],,,2071/2072
KKBL,Kankrebihar Bikas Bank Limited,15.00,0.79,15.79,,2016-03-11 [Closed],2016-08-14,,2071/2072
NCCB,Nepal Credit and Commerce Bank Limited,16.00,,16.00,,2015-11-29 [Closed],,,2071/2072
ALDBL,Alpine Development Bank Limited,23.00,,23.00,,2016-07-05 [Closed],,,2071/2072
SIL,Siddhartha Insurance Limited,25.00,,25.00,,2016-03-24 [Closed],,,2071/2072
SAFL,Sagarmatha Finance Limited,15.85,,15.85,,2016-06-03 [Closed],2016-09-23,,2071/2072
MSBBL,Manaslu Bikas Bank Limited,13.5,0.71,14.21,,2016-01-19 [Closed],2016-03-23,,2071/2072
ADBL,Agricultural Development Bank Limited,15.00,0.79,15.79,,2016-04-11 [Closed],2016-07-29,,2071/2072
HDL,Himalayan Distillery Limited,0.00,20.00,20.00,,2015-11-17 [Closed],2016-01-13,,2071/2072
KBL,Kumari Bank Limited,11.00,0.58,11.58,,2016-01-14 [Closed],,,2071/2072
HGI,Himalayan General Insurance Company Limited,20.00,1.05,21.05,,2016-06-09 [Closed],2016-09-07,,2071/2072
WDBL,Western Development Bank Limited,20.00,1.05,21.05,,2016-03-28 [Closed],2016-06-20,,2071/2072
SUPRME,Supreme Development Bank Limited,15.00,0.79,15.79,,2016-06-27 [Closed],2016-11-08,,2071/2072
RLFL,Reliance Finance Limited,20.00,1.05,21.05,,2016-05-22 [Closed],,2016-09-29,2071/2072
KRBL,Karnali Development Bank Limited,11.00,5.00,16.00,,2016-02-17 [Closed],2017-02-02,,2071/2072
MIDBL,Mission Development Bank Limited,13.00,,13.00,,2016-02-28 [Closed],,,2071/2072
LFLC,Lumbini Finance and Leasing Company Limited,21.61,1.14,22.75,,2016-03-14 [Closed],,,2071/2072
JHBL,Jhimruk Bikas Bank Limited,21.03,,21.03,,,2016-03-14,,2071/2072
FBBL,Fewa Bikas Bank Limited,21.9,,21.9,,2016-03-29 [Closed],2016-08-04,,2071/2072
STC,Salt Trading Corporation Limited,15.00,10.00,25.00,,2016-05-25 [Closed],2016-12-01,,2071/2072
RBBBL,Raptibheri Bikas Bank Limited,15.00,0.5,15.5,,2016-03-28 [Closed],,,2071/2072
MPFL,Multipurpose Finance Company Limited,15.00,,15.00,,2016-03-28 [Closed],,,2071/2072
KCDBL,Kalinchowk Development Bank Limited,6.00,0.32,6.32,,2016-04-02 [Closed],2016-08-30,,2071/2072
NLIC,Nepal Life Insurance Company Limited,25.00,1.31,26.31,,2016-04-28 [Closed],,,2071/2072
PICL,Prudential Insurance Company Limited,10.00,,10.00,,2016-05-31 [Closed],,,2071/2072
UIC,United Insurance Company (Nepal) Limited,20.00,,20.00,,2016-06-17 [Closed],,,2071/2072
NTC,Nepal Doorsanchar Company Limited,0.00,50.00,50.00,,2016-04-17 [Closed],2016-05-02,,2071/2072
REDBL,Reliable Development Bank Limited,10.00,,10.00,,2016-06-21 [Closed],2016-10-27,,2071/2072
SHBL,Sahara Bikas Bank Limited,35.00,,35.00,,2016-05-20 [Closed],,,2071/2072
KEBL,Kabeli Bikas Bank Limited,20.00,,20.00,,2016-05-27 [Closed],,,2071/2072
PRABHU,Prabhu Capital Limited,20.00,,20.00,,,,,2071/2072
GUFL,Gurkhas Finance Limited,7.00,,7.00,,2015-05-27 [Closed],2016-06-10,,2071/2072
SIC,Sagarmatha Insurance Company Limited,23.75,1.25,25.00,,2016-06-30 [Closed],2017-01-16,,2071/2072
PFC,Paschimanchal Finance Company Limited,15.00,0.79,15.79,,2016-06-07 [Closed],2016-08-04,,2071/2072
NLICL,National Life Insurance Company Limited,30.00,1.58,31.58,,2016-11-24 [Closed],,,2071/2072
SLICL,Surya Life Insurance Company Limited,5.00,,5.00,,2017-04-10 [Closed],,,2071/2072
CIT,Citizen Investment Trust,21.85,1.15,23.00,,2017-08-11 [Closed],,,2071/2072
NABILP,NABIL Bank Limited Promoter Share,30.00,6.842,36.842,,2015-12-06 [Closed],2015-12-28,,2071/2072
NIBPO,Nepal Investment Bank Limited Promoter Share,33.00,1.74,34.74,,2015-10-30 [Closed],,,2071/2072
FMDBL,First Microfinance Laghubitta Bittiya Sanstha Limited,0.00,15.79,15.79,,2014-09-01 [Closed],2014-09-16,,2070/2071
MFL,Mahalaxmi Finance Limited,0.00,18.00,18.00,,2014-10-08 [Closed],,,2070/2071
UNL,Unilever Nepal Limited,0.00,860.00,860.00,,2014-09-02 [Closed],2014-09-23,,2070/2071
NBSL,Namaste Bittiya Sanstha Limited,0.00,10.00,10.00,,,2015-01-18,,2070/2071
UFL,United Finance Limited,15.00,0.79,15.79,,2014-11-20 [Closed],2014-12-06,,2070/2071
BBBL,Bhrikuti Vikash Bank Limited,23.00,,23.00,,2014-09-30 [Closed],2014-11-16,,2070/2071
AHPC,Arun Valley Hydropower Development Company Limited,10.00,0.526,10.526,,2014-08-22 [Closed],2014-11-11,,2070/2071
GBBL,Garima Bikas Bank Limited,20.00,1.05,21.05,,2014-11-11 [Closed],2014-12-09,,2070/2071
EBL,Everest Bank Limited,12.00,50.00,62.00,,2014-09-03 [Closed],2014-10-19,,2070/2071
KAFIL,Kaski Finance Limited,17.79,,17.79,,2014-09-30 [Closed],2014-10-29,,2070/2071
NBF1,Nabil Balanced Fund-1,0.00,14.00,14.00,,2014-09-04 [Closed],2014-09-20,,2070/2071
NABIL,Nabil Bank Limited,20.00,45.00,65.00,,2014-11-13 [Closed],2014-12-02,,2070/2071
GMFIL,Guheswori Merchant Banking & Finance Limited,23.75,1.25,25.00,,2014-12-21 [Closed],,2015-04-22,2070/2071
GDBL,Gandaki Bikas Bank Limited,10.00,10.00,20.00,,2014-10-06 [Closed],2014-10-18,,2070/2071
MFIL,Manjushree Finance Limited,0.00,7.5,7.5,,2014-10-09 [Closed],,,2070/2071
SEWA,Sewa Bikas Bank Limited,20.00,,20.00,,2014-11-13 [Closed],2014-12-20,,2070/2071
NEFL,Nepal Express Finance Limited,34.00,1.79,35.79,,,2015-01-03,,2070/2071
NLBBL,Nerude Laghubitta Bittiya Sanstha Limited,25.00,20.00,45.00,,2014-11-25 [Closed],2015-01-26,2015-07-12,2070/2071
SANIMA,Sanima Bank Limited,15.00,0.79,15.00,,2014-09-28 [Closed],2014-12-31,,2070/2071
CZBIL,Citizens Bank International Limited,13.00,5.95,18.95,,2014-09-14 [Closed],2014-10-18,,2070/2071
UFIL,Unique Finance Limited,11.5,,11.5,,2014-10-26 [Closed],2015-03-14,,2070/2071
SMFDB,Summit Laghubitta Bittiya Sanstha Limited,26.00,12.95,38.95,,2014-12-17 [Closed],2015-02-24,,2070/2071
HAMRO,Hamro Bikas Bank Limited,7.00,20.00,27.00,,2014-10-26 [Closed],2014-11-09,,2070/2071
SLBBL,Swarojgar Laghubitta Bittiya Sanstha Limited,27.39,20.00,47.39,,2014-10-22 [Closed],2014-11-19,,2070/2071
OHL,Oriental Hotel Limited,10.00,,10.00,,2014-09-18 [Closed],2014-11-03,,2070/2071
KMBL,Kamana Bikas Bank Limited,21.00,1.105,22.105,,2014-07-14 [Closed],2015-02-24,,2070/2071
NABB,Nepal Aawas Finance Limited,5.95,0.313,6.263,,2014-11-05 [Closed],2014-12-14,,2070/2071
NIB,Nepal Investment Bank Limited,15.00,25.00,40.00,,2014-10-09 [Closed],2014-10-25,,2070/2071
CHCL,Chilime Hydro power Company Limited,20.00,15.00,35.00,,2014-09-23 [Closed],2014-11-22,,2070/2071
SMBF,Sagarmatha Merchant Banking & Finance Limited,36.00,,36.00,,,2014-11-08,,2070/2071
EFL,Everest Finance Limited,0.00,10.00,10.00,,2014-10-06 [Closed],2014-11-01,,2070/2071
PURBL,Purnima Bikas Bank Limited,23.75,,23.75,,2014-11-27 [Closed],2015-04-02,,2070/2071
MNBBL,Muktinath Bikas Bank Limited,38.00,2.00,40.00,,2014-11-14 [Closed],2015-01-11,,2070/2071
BOK,(Former) Bank of Kathmandu Limited,10.42,0.55,10.97,,2015-02-04 [Closed],2015-03-31,2015-04-12,2070/2071
SBL,Siddhartha Bank Limited,12.00,11.16,23.16,,2014-10-20 [Closed],2014-11-15,,2070/2071
NMBCAP,NMB Capital Limited,0.00,8.418,8.418,,,,,2070/2071
KBL,Kumari Bank Limited,33.00,1.74,34.74,,2014-10-22 [Closed],2015-01-10,,2070/2071
BRTBL,Bright Development Bank Limited,20.00,5.00,25.00,,2014-07-02 [Closed],2014-12-27,,2070/2071
MSBBL,Manaslu Bikas Bank Limited,10.26,,10.26,,2014-10-16 [Closed],2014-11-15,,2070/2071
LBL,Laxmi Bank Limited,20.00,1.05,21.05,,2014-10-27 [Closed],2015-01-19,,2070/2071
CBBL,Chhimek Laghubitta Bittiya Sanstha Limited,35.00,10.00,45.00,,2014-11-21 [Closed],2015-01-22,,2070/2071
LUBL,Lumbini Bank Limited,6.00,5.00,11.00,,2014-10-31 [Closed],2014-12-06,,2070/2071
NCCB,Nepal Credit and Commerce Bank Limited,38.00,2.00,40.00,,2015-07-01 [Closed],2015-08-31,,2070/2071
SBBLJ,Sahayogi Vikas Bank Limited,26.00,10.00,36.00,,2014-12-24 [Closed],2015-02-05,,2070/2071
NNFC,Narayani National Finance Company Limited,5.00,20.00,25.00,,2014-12-09 [Closed],2015-01-04,,2070/2071
GBIME,Global IME Bank Limited,21.00,4.00,25.00,,2014-09-26 [Closed],2014-10-26,,2070/2071
MDB,Miteri Development Bank Limited,25.00,1.316,26.316,,2014-12-31 [Closed],2015-02-22,,2070/2071
GABL,Gaumukhee Bikas Bank Limited,8.00,4.00,12.00,,2014-12-18 [Closed],2015-01-31,,2070/2071
TNBL,Tinau Development Bank Limited,15.00,0.79,15.79,,2014-10-31 [Closed],2015-01-04,,2070/2071
PDB,Public Development Bank Limited,10.00,0.6,10.6,,2014-12-12 [Closed],,,2070/2071
ICFC,ICFC Finance Limited,14.00,0.74,14.74,,2014-11-16 [Closed],2014-12-06,,2070/2071
SHINE,Shine Resunga Development Bank Limited,10.00,12.00,22.00,,2014-11-07 [Closed],2014-11-22,,2070/2071
MLBBL,Mithila Laghubitta Bittiya Sanstha Limited,20.00,1.0526,21.0526,,2014-11-23 [Closed],2015-02-10,,2070/2071
NMB,NMB Bank Limited,20.00,1.05,21.05,,2014-11-13 [Closed],2015-01-06,,2070/2071
MBL,Machhapuchchhre Bank Limited,12.00,0.63,12.63,,2014-11-19 [Closed],2015-01-25,2015-06-09,2070/2071
SCB,Standard Chartered Bank Nepal Limited,10.00,41.5,51.5,,2014-10-31 [Closed],2014-12-20,,2070/2071
SIFC,Shree Investment Finance Company Limited,12.00,0.63,12.63,,2014-11-14 [Closed],2014-12-13,,2070/2071
FFCL,Fewa Finance Company Limited,20.00,10.5,30.5,,2014-11-01 [Closed],2014-11-16,,2070/2071
DDBL,Deprosc Laghubitta Bittiya Sanstha Limited,35.00,15.00,50.00,,2014-12-02 [Closed],2014-12-23,,2070/2071
BSBL,Bishwa Bikas Bank Limited,16.5,0.87,17.37,,2014-12-23 [Closed],,,2070/2071
SIGS1,Siddhartha Investment Growth Scheme-1,0.00,15.00,15.00,,2014-09-01 [Closed],2014-09-29,,2070/2071
KFL,Kathmandu Finance Limited.,8.00,0.42,8.42,,2014-11-23 [Closed],2014-12-25,,2070/2071
RHPC,Ridi Hydropower Development Company Limited,10.00,0.526,10.526,,2014-10-31 [Closed],2015-01-03,,2070/2071
Civil-Capital,Civil Capital Market Limited,0.00,21.05,21.05,,,,,2070/2071
SUPRME,Supreme Development Bank Limited,5.00,10.00,15.00,,2014-11-10 [Closed],2014-12-07,,2070/2071
EKBL,Ekata Bikash Bank Limited,0.00,11.58,11.58,,2014-10-28 [Closed],2014-11-30,,2070/2071
SETI,Seti Finance Limited,10.00,5.00,15.00,,2014-12-14 [Closed],2015-02-12,,2070/2071
CIVIC,Civic Development Bank Limited,0.00,15.79,15.79,,2014-12-16 [Closed],2015-01-10,,2070/2071
BUDBL,Business Universal Development Bank Limited,11.00,0.58,11.58,,2014-11-04 [Closed],2014-11-24,,2070/2071
HDL,Himalayan Distillery Limited,0.00,10.52,10.52,,2014-11-10 [Closed],2014-12-20,,2070/2071
BGDBL,Bagmati Development Bank Limited,0.00,10.53,10.53,,2014-11-23 [Closed],2014-12-23,,2070/2071
NUBL,Nirdhan Utthan Laghubitta Bittiya Sanstha Limited,40.00,12.63,52.63,,2014-12-10 [Closed],2015-01-04,,2070/2071
METRO,Metro Development Bank Limited,16.00,0.84,16.84,,2014-10-31 [Closed],2015-02-03,,2070/2071
NBB,Nepal Bangladesh Bank Limited,10.00,12.00,22.00,,2014-12-01 [Closed],2014-12-20,,2070/2071
INDB,Innovative Development Bank Limited,17.85,0.95,18.8,,2014-12-10 [Closed],2015-01-31,,2070/2071
HBL,Himalayan Bank Limited,15.00,6.05,21.05,,2014-11-26 [Closed],2014-12-27,,2070/2071
SINDU,Sindhu Bikas Bank Limited,7.5,0.397,7.897,,2015-01-16 [Closed],2015-03-10,,2070/2071
NICA,NIC Asia Bank Limited,15.00,15.00,30.00,,2014-12-15 [Closed],2015-01-12,2015-05-24,2070/2071
PFL,Pokhara Finance Limited,6.00,10.00,16.00,,2014-11-01 [Closed],2014-12-01,,2070/2071
SUBBL,Subhechha Bikas Bank Limited,14.34,11.66,26.00,,2014-12-29 [Closed],2015-01-12,,2070/2071
JEFL,Jebils Finance Limited,10.00,4.74,14.74,,2014-12-17 [Closed],2015-01-11,,2070/2071
CDBL,City Development Bank Limited,22.00,1.15,23.15,,2014-12-18 [Closed],2015-02-14,,2070/2071
GFCL,Goodwill Finance Company Limited,6.28,7.72,14.00,,2014-12-12 [Closed],2015-01-11,,2070/2071
KADBL,Kanchan Development Bank Limited,20.00,1.05,21.05,,2014-12-26 [Closed],2015-01-28,,2070/2071
PRDBL,Professional Diyalo Bikas Bank Limited,10.00,5.00,15.00,,2014-12-10 [Closed],2015-01-10,,2070/2071
KBBL,Kailash Bikas Bank Limited,15.00,10.00,25.00,,2014-11-28 [Closed],2014-12-15,,2070/2071
SKBBL,Sana Kisan Bikas Laghubitta Bittiya Sanstha Limited,0.00,15.78,15.78,,2014-12-08 [Closed],2015-02-02,,2070/2071
JFL,Janaki Finance Company Limited,70.00,7.00,77.00,,2014-11-17 [Closed],2015-02-03,,2070/2071
RMDC,RMDC Laghubitta Bittiya Sanstha Limited,10.00,21.58,31.58,,2014-12-23 [Closed],2015-02-12,,2070/2071
NGBL,Nilgiri Bikas Bank Limited,20.00,1.05,21.05,,2014-11-11 [Closed],2014-12-06,,2070/2071
NICML,National Investment & Capital Market Limited,0.00,6.00,6.00,,,,,2070/2071
PADBL,Pacific Development Bank Limitied,20.00,1.05,21.05,,2014-12-02 [Closed],2015-01-27,,2070/2071
NBBL,Nagbeli Laghubitta Bikash Bank Limited,39.86,20.00,59.86,,2014-12-31 [Closed],2015-02-23,,2070/2071
PCBL,Prime Commercial Bank Limited,19.00,1.00,20.00,,2014-12-28 [Closed],2015-05-24,,2070/2071
ACEDBL,Ace Development Bank Limited,7.00,0.37,7.37,,2014-12-01 [Closed],2014-12-25,,2070/2071
ACECAP,Ace Capital Limited,0.00,7.55,7.55,,,,,2070/2071
NLG,NLG Insurance Company Limited,15.00,6.05,21.05,,2015-01-01 [Closed],2015-03-08,,2070/2071
SFFIL,Srijana Finance Limited,60.00,3.15,63.15,,2014-12-25 [Closed],2015-03-09,,2070/2071
JHBL,Jhimruk Bikas Bank Limited,16.9,0.84,17.74,,2014-12-27 [Closed],2015-02-24,,2070/2071
BLDBL,Biratlaxmi Bikash Bank Limited,45.00,2.37,47.37,,2014-12-26 [Closed],2015-02-23,,2070/2071
TBBL,Triveni Bikas Bank Limited,10.00,10.75,20.75,,,2014-12-31,,2070/2071
SHL,Soaltee Hotel Limited,40.00,17.89,57.89,,2014-12-14 [Closed],2015-01-22,,2070/2071
CEDBL,Clean Energy Development Bank Limited,10.00,0.526,10.526,,2014-12-28 [Closed],2015-03-29,,2070/2071
KNBL,Kankai Bikas Bank Limited,0.00,10.52,10.52,,2014-12-09 [Closed],2015-01-03,,2070/2071
EDBL,Excel Development Bank Limited,35.00,1.84,36.84,,2014-12-26 [Closed],2015-01-31,,2070/2071
SWBBL,Swabalamban Laghubitta Bittiya Sanstha Limited,46.5,23.5,70.00,,2014-12-24 [Closed],2015-02-17,,2070/2071
SBI,Nepal SBI Bank Limited,15.00,7.00,22.00,,2015-01-01 [Closed],2015-02-21,,2070/2071
LGIL,Lumbini General Insurance Limited,10.53,,10.53,,2015-02-23 [Closed],2015-03-26,,2070/2071
ALDBL,Alpine Development Bank Limited,18.00,0.947,18.947,,2014-12-28 [Closed],2015-02-21,,2070/2071
ARDBL,Araniko Development Bank Limited,5.00,5.00,10.00,,,2015-05-26,,2070/2071
CBL,Civil Bank Limited,7.00,1.5,8.5,,2015-01-06 [Closed],2015-03-05,,2070/2071
KKBL,Kankrebihar Bikas Bank Limited,10.00,,10.00,,2014-12-14 [Closed],2015-02-08,,2070/2071
TDBL,Tourism Development Bank Limited,6.00,8.5,14.5,,2014-12-28 [Closed],2015-01-22,,2070/2071
BPCL,Butwal Power Company Limited,0.00,15.00,15.00,,2014-12-29 [Closed],2015-02-11,,2070/2071
MEGA,Mega Bank Nepal Limited,12.00,0.63,12.63,,2014-12-31 [Closed],2015-04-11,2015-06-15,2070/2071
AIC,Alliance Insurance Company Limited,12.00,0.63,12.63,,2014-12-18 [Closed],2015-02-14,,2070/2071
MIDBL,Mission Development Bank Limited,15.00,,15.00,,2014-12-28 [Closed],2015-02-02,,2070/2071
SICL,Shikhar Insurance Company Limited,20.00,1.05,21.05,,2015-02-20 [Closed],2015-03-12,,2070/2071
CCBL,Century Commercial Bank Limited,6.00,3.47,9.47,,2015-02-11 [Closed],2015-04-11,,2070/2071
HGI,Himalayan General Insurance Company Limited,7.00,3.25,10.25,,2015-03-25 [Closed],2015-06-18,,2070/2071
KEBL,Kabeli Bikas Bank Limited,20.00,,20.00,,2014-12-26 [Closed],2015-02-03,,2070/2071
PBSL,Pathibhara Bikas Bank Limited,23.00,1.21,24.21,,2014-09-30 [Closed],2015-02-12,,2070/2071
OFL,Om Finance Limited,19.5,1.03,20.53,,2014-07-14 [Closed],2015-03-15,,2070/2071
REDBL,Reliable Development Bank Limited,5.00,,5.00,,2015-02-20 [Closed],2015-04-12,,2070/2071
NCMMER,NCM Merchant Banking Limited,0.00,20.00,0.00,,,,,2070/2071
NLO,Nepal Lube Oil Limited,0.00,20.00,20.00,,2014-12-29 [Closed],,,2070/2071
PIC,Premier Insurance Company (Nepal) Limited,14.00,,14.00,,2015-07-02 [Closed],2015-10-03,,2070/2071
MTBL,Matribhumi Bikas Bank Limited,10.00,5.00,15.00,,2015-02-23 [Closed],2015-05-31,,2070/2071
PFC,Paschimanchal Finance Company Limited,12.00,6.94,18.94,,2015-01-12 [Closed],2015-02-17,,2070/2071
SIC,Sagarmatha Insurance Company Limited,15.00,0.79,15.79,,2015-07-01 [Closed],2015-08-05,,2070/2071
MDBL,Malika Bikash Bank Limited,5.00,,5.00,,2015-03-29 [Closed],,,2070/2071
RDBL,Rising Development Bank Limited,10.00,11.05,21.05,,2014-12-28 [Closed],2015-01-13,,2070/2071
SIL,Siddhartha Insurance Limited,10.00,0.52,10.52,,2015-06-17 [Closed],2015-09-07,,2070/2071
WDBL,Western Development Bank Limited,20.00,1.053,21.053,,2015-05-26 [Closed],2015-09-05,,2070/2071
ADBL,Agricultural Development Bank Limited,7.00,8.00,15.00,,2015-04-19 [Closed],2015-07-26,,2070/2071
INDBL,International Development Bank Limited,10.00,10.00,20.00,,2015-03-17 [Closed],2015-04-01,,2070/2071
BNT,Bottlers Nepal (Terai) Limited,0.00,22.00,22.00,,2014-12-28 [Closed],2015-02-15,,2070/2071
NIL,Neco Insurance Limited,12.71,0.67,13.38,,2015-09-17 [Closed],2016-02-04,,2070/2071
NLICL,National Life Insurance Company Limited,30.00,8.00,38.00,,2015-04-24 [Closed],2015-06-20,,2070/2071
STC,Salt Trading Corporation Limited,10.00,10.00,20.00,,2015-03-09 [Closed],2015-06-18,,2070/2071
JBBL,Jyoti Bikash Bank Limited,7.00,,7.00,,2015-04-12 [Closed],2015-07-28,,2070/2071
ALICL,Asian Life Insurance Company Limited,28.5,1.5,30.00,,2015-05-24 [Closed],2015-07-26,,2070/2071
MPFL,Multipurpose Finance Company Limited,12.00,,12.00,,,,,2070/2071
SADBL,Shangrila Development Bank Limited,15.00,6.3,21.3,,2015-03-28 [Closed],2015-04-25,,2070/2071
SHBL,Sahara Bikas Bank Limited,18.00,,18.00,,2015-03-29 [Closed],2015-06-16,,2070/2071
KRBL,Karnali Development Bank Limited,25.00,,25.00,,2015-03-04 [Closed],2015-07-04,,2070/2071
NLIC,Nepal Life Insurance Company Limited,60.00,8.00,68.00,,2015-05-26 [Closed],2015-07-05,,2070/2071
CNDBL,Country Development Bank Limited,4.00,12.00,16.00,,2015-05-28 [Closed],2015-07-11,,2070/2071
LICN,Life Insurance Corporation Nepal Limited,30.00,,30.00,,2015-02-13 [Closed],2015-04-07,,2070/2071
NTC,Nepal Doorsanchar Company Limited,0.00,47.00,47.00,,2015-03-26 [Closed],2015-04-11,,2070/2071
NBBU,Nepal Bitumin & Barrel Udyog Limited,40.00,,40.00,,,,,2070/2071
NICL,Nepal Insurance Company Limited,9.00,0.47,9.47,,2015-10-12 [Closed],2015-12-26,,2070/2071
CIT,Citizen Investment Trust,35.00,6.84,41.84,,2016-02-18 [Closed],2016-08-14,,2070/2071
NABILP,NABIL Bank Limited Promoter Share,20.00,45.00,65.00,,2014-11-13 [Closed],2014-12-02,,2070/2071
NIBPO,Nepal Investment Bank Limited Promoter Share,15.00,25.00,40.00,,2014-10-09 [Closed],2014-10-25,,2070/2071
SLBBL,Swarojgar Laghubitta Bittiya Sanstha Limited,0.00,19.00,19.00,,2013-12-19 [Closed],2014-01-18,,2069/2070
AHPC,Arun Valley Hydropower Development Company Limited,15.00,0.75,15.75,,2013-08-09 [Closed],2013-09-12,,2069/2070
UNL,Unilever Nepal Limited,0.00,760.00,760.00,,2013-09-16 [Closed],2013-10-07,,2069/2070
MFL,Mahalaxmi Finance Limited,0.00,13.00,13.00,,2013-09-19 [Closed],,,2069/2070
UFIL,Unique Finance Limited,0.00,12.00,12.00,,2013-09-08 [Closed],2013-10-19,,2069/2070
UFL,United Finance Limited,0.00,12.5,12.5,,2013-11-01 [Closed],2013-11-23,,2069/2070
MDB,Miteri Development Bank Limited,20.00,5.00,25.00,,2013-10-03 [Closed],2013-10-26,,2069/2070
CDBL,City Development Bank Limited,21.38,1.12,22.5,,2013-10-04 [Closed],2013-12-01,,2069/2070
BGDBL,Bagmati Development Bank Limited,0.00,7.37,7.37,,2013-09-20 [Closed],2013-10-07,,2069/2070
TNBL,Tinau Development Bank Limited,12.00,0.63,12.63,,2013-11-22 [Closed],2014-01-13,,2069/2070
FMDBL,First Microfinance Laghubitta Bittiya Sanstha Limited,0.00,15.00,15.00,,2013-09-23 [Closed],2013-10-09,,2069/2070
SMFDB,Summit Laghubitta Bittiya Sanstha Limited,12.00,14.32,26.32,,,2014-01-18,,2069/2070
SHINE,Shine Resunga Development Bank Limited,20.00,,20.00,,2013-10-17 [Closed],2013-12-25,,2069/2070
TBBL,Triveni Bikas Bank Limited,19.00,,19.00,,2013-11-14 [Closed],2013-12-14,,2069/2070
SBI,Nepal SBI Bank Limited,12.5,7.5,20.00,,2013-09-25 [Closed],2013-10-26,,2069/2070
EFL,Everest Finance Limited,15.00,,15.00,,2013-09-23 [Closed],2013-10-13,,2069/2070
OFL,Om Finance Limited,20.00,1.05,20.00,,2013-10-22 [Closed],2013-12-17,,2069/2070
CZBIL,Citizens Bank International Limited,0.00,15.00,15.00,,2013-09-20 [Closed],2013-10-21,,2069/2070
Civil-Capital,Civil Capital Market Limited,0.00,10.53,10.53,,,,,2069/2070
BOK,(Former) Bank of Kathmandu Limited,14.00,0.73,14.73,,2013-10-04 [Closed],2013-12-18,2014-01-02,2069/2070
NABIL,Nabil Bank Limited,25.00,40.00,65.00,,2013-12-09 [Closed],2013-12-28,,2069/2070
KBBL,Kailash Bikas Bank Limited,10.00,9.00,19.00,,2013-09-27 [Closed],2013-10-09,,2069/2070
SANIMA,Sanima Bank Limited,10.00,0.53,10.53,,2013-09-27 [Closed],2014-01-06,,2069/2070
EBL,Everest Bank Limited,10.00,50.53,60.53,,2013-09-18 [Closed],2013-10-09,,2069/2070
ICFC,ICFC Finance Limited,5.00,10.79,15.79,,2013-09-25 [Closed],2013-10-08,,2069/2070
CHCL,Chilime Hydro power Company Limited,30.00,10.00,40.00,,2013-09-13 [Closed],2013-10-08,,2069/2070
NLBBL,Nerude Laghubitta Bittiya Sanstha Limited,55.00,,55.00,,2013-12-13 [Closed],2014-02-10,2014-03-30,2069/2070
BSBL,Bishwa Bikas Bank Limited,18.00,0.95,18.95,,2013-11-08 [Closed],2014-01-28,,2069/2070
KAFIL,Kaski Finance Limited,0.00,13.00,13.00,,2013-10-23 [Closed],2013-11-10,,2069/2070
GBBL,Garima Bikas Bank Limited,20.00,5.00,25.00,,2013-09-19 [Closed],2013-10-30,,2069/2070
MNBBL,Muktinath Bikas Bank Limited,20.00,7.5,27.5,,2013-11-15 [Closed],2013-12-28,,2069/2070
BLDBL,Biratlaxmi Bikash Bank Limited,27.00,,27.00,,,,,2069/2070
CFCL,Central Finance Limited,10.00,,10.00,,2014-07-03 [Closed],,2015-02-02,2069/2070
FFCL,Fewa Finance Company Limited,10.00,11.05,21.05,,2013-12-23 [Closed],2014-01-08,,2069/2070
GDBL,Gandaki Bikas Bank Limited,0.00,14.00,14.00,,,2014-01-13,,2069/2070
JHBL,Jhimruk Bikas Bank Limited,3.75,4.00,7.75,,,2014-01-11,,2069/2070
SIFC,Shree Investment Finance Company Limited,10.00,10.4,20.4,,2013-11-18 [Closed],2013-12-09,,2069/2070
NEFL,Nepal Express Finance Limited,9.5,0.5,10.00,,2013-10-27 [Closed],2013-12-18,,2069/2070
SCB,Standard Chartered Bank Nepal Limited,10.00,40.00,50.00,,2013-10-30 [Closed],2013-12-09,,2069/2070
LICN,Life Insurance Corporation Nepal Limited,30.00,1.57,30.00,,2014-02-14 [Closed],2014-04-14,,2069/2070
RDBL,Rising Development Bank Limited,7.00,14.05,21.05,,2013-09-27 [Closed],2013-10-31,,2069/2070
RIBSL,Reliable Finance Limited,12.64,3.55,16.19,,,2013-11-27,,2069/2070
NLG,NLG Insurance Company Limited,10.00,11.05,21.05,,2014-01-24 [Closed],2014-02-17,,2069/2070
SETI,Seti Finance Limited,15.00,10.00,25.00,,2013-12-31 [Closed],2014-02-02,,2069/2070
GABL,Gaumukhee Bikas Bank Limited,4.00,,4.00,,2013-12-12 [Closed],2014-02-04,,2069/2070
NBSL,Namaste Bittiya Sanstha Limited,25.00,10.00,35.00,,,2014-01-20,,2069/2070
SBBLJ,Sahayogi Vikas Bank Limited,26.00,8.5,34.5,,2013-12-03 [Closed],2014-01-05,,2069/2070
KMBL,Kamana Bikas Bank Limited,15.00,6.00,21.00,,2013-12-04 [Closed],2013-12-19,,2069/2070
METRO,Metro Development Bank Limited,16.00,0.84,16.84,,2013-12-05 [Closed],2014-01-20,,2069/2070
NABB,Nepal Aawas Finance Limited,7.6,0.4,8.00,,2013-12-19 [Closed],2014-02-22,,2069/2070
NMBCAP,NMB Capital Limited,0.00,5.00,5.00,,,,,2069/2070
PCBL,Prime Commercial Bank Limited,10.00,5.00,15.00,,2013-12-27 [Closed],2014-02-03,,2069/2070
NABILINV,Nabil Investment Banking Limited,0.00,15.00,15.00,,,,,2069/2070
SLFL,Subha Laxmi Finance Company Limited,0.00,7.00,7.00,,,2013-12-18,,2069/2070
SINDU,Sindhu Bikas Bank Limited,0.00,4.5,4.5,,2013-12-16 [Closed],2014-01-04,,2069/2070
NMB,NMB Bank Limited,0.00,10.00,10.00,,2013-12-01 [Closed],2013-12-31,,2069/2070
SEWA,Sewa Bikas Bank Limited,12.00,0.63,12.62,,2013-10-29 [Closed],2013-12-28,,2069/2070
NBB,Nepal Bangladesh Bank Limited,10.00,7.89,17.89,,2014-06-29 [Closed],2014-07-28,,2069/2070
Reliance,Old Reliance Finance Limited,0.00,8.00,8.00,,,2013-12-31,,2069/2070
AXIS,Axis Development Bank Limited,0.00,7.37,7.37,,,2013-11-09,,2069/2070
CIVIC,Civic Development Bank Limited,0.00,9.00,9.00,,2013-11-21 [Closed],2013-12-18,,2069/2070
PURBL,Purnima Bikas Bank Limited,10.00,4.00,14.00,,,2013-12-02,,2069/2070
SHL,Soaltee Hotel Limited,40.00,12.632,52.632,,2013-11-17 [Closed],2013-12-29,,2069/2070
EDBL,Excel Development Bank Limited,50.00,2.64,52.64,,2013-12-31 [Closed],2014-02-12,,2069/2070
MBBL,Mahakali Bikas Bank Limited,18.94,,18.94,,2013-12-13 [Closed],2014-04-03,,2069/2070
GMFIL,Guheswori Merchant Banking & Finance Limited,15.00,2.00,17.00,,2013-12-12 [Closed],2014-01-19,2014-04-28,2069/2070
BBBLN,Bageshowori Dev.elopment  Bank Limited,32.12,,32.12,,2013-02-26 [Closed],,,2069/2070
LGIL,Lumbini General Insurance Limited,10.52,,10.52,,2014-03-27 [Closed],2014-04-19,,2069/2070
BBBL,Bhrikuti Vikash Bank Limited,20.00,,20.00,,2013-12-13 [Closed],2014-02-16,,2069/2070
TDBL,Tourism Development Bank Limited,0.00,11.00,11.00,,2013-12-18 [Closed],2014-01-06,,2069/2070
NIB,Nepal Investment Bank Limited,10.00,25.00,35.00,,2013-12-11 [Closed],2013-12-26,,2069/2070
GBIME,Global IME Bank Limited,15.00,,15.00,,2013-12-18 [Closed],2014-02-08,,2069/2070
RMDC,RMDC Laghubitta Bittiya Sanstha Limited,0.00,15.00,15.00,,2013-12-27 [Closed],2014-02-02,,2069/2070
JBNL,Janata Bank Nepal Limited,3.00,5.5211,8.5211,,2013-12-01 [Closed],2013-12-21,,2069/2070
CEDBL,Clean Energy Development Bank Limited,5.00,5.5,10.5,,2013-12-23 [Closed],2014-01-11,,2069/2070
NNFC,Narayani National Finance Company Limited,0.00,12.63,12.63,,2013-12-02 [Closed],2013-12-18,,2069/2070
PADBL,Pacific Development Bank Limitied,22.00,1.13,23.13,,2013-11-19 [Closed],2014-01-27,,2069/2070
NUBL,Nirdhan Utthan Laghubitta Bittiya Sanstha Limited,20.00,11.58,30.00,,2013-12-23 [Closed],2014-01-08,,2069/2070
PRBBL,Prabhu Bikas Bank Limited,9.00,,9.00,,2013-12-27 [Closed],,,2069/2070
SWBBL,Swabalamban Laghubitta Bittiya Sanstha Limited,14.00,13.368,27.368,,2013-12-31 [Closed],2014-01-12,,2069/2070
ALDBL,Alpine Development Bank Limited,0.00,15.00,15.00,,2013-12-27 [Closed],2014-01-26,,2069/2070
GFCL,Goodwill Finance Company Limited,0.00,7.37,7.37,,2013-12-29 [Closed],2014-01-16,,2069/2070
KNBL,Kankai Bikas Bank Limited,0.00,8.00,8.00,,2013-12-04 [Closed],2013-12-25,,2069/2070
CBL,Civil Bank Limited,0.00,5.75,5.75,,2013-10-08 [Closed],2014-01-18,,2069/2070
CBBL,Chhimek Laghubitta Bittiya Sanstha Limited,33.23,15.00,48.00,,2013-12-08 [Closed],2014-02-06,,2069/2070
NCDBL,Nepal Consumer Development Bank Limited,5.00,10.79,15.79,,2013-09-02 [Closed],2013-12-25,,2069/2070
ARDBL,Araniko Development Bank Limited,5.00,10.00,15.00,,2013-12-31 [Closed],2014-01-20,,2069/2070
ZFL,Zenith Finance Limited,8.5,0.45,8.95,,2013-12-31 [Closed],2014-02-12,,2069/2070
MEGA,Mega Bank Nepal Limited,0.00,9.00,9.00,,2013-12-30 [Closed],2014-01-13,,2069/2070
ACEDBL,Ace Development Bank Limited,3.7,,3.7,,2013-12-31 [Closed],2014-01-28,,2069/2070
SBL,Siddhartha Bank Limited,12.00,10.11,22.11,,2014-01-02 [Closed],2014-02-02,,2069/2070
SUBBL,Subhechha Bikas Bank Limited,10.00,6.74,16.74,,2013-12-13 [Closed],2014-01-02,,2069/2070
MDBL,Malika Bikash Bank Limited,10.00,5.79,15.79,,2013-12-31 [Closed],2014-01-13,,2069/2070
LUBL,Lumbini Bank Limited,8.00,0.42,8.42,,2013-12-22 [Closed],2014-02-20,,2069/2070
KHDBL,Khandbari Development Bank Limited,8.00,,8.00,,,2014-02-03,,2069/2070
SKBBL,Sana Kisan Bikas Laghubitta Bittiya Sanstha Limited,15.00,11.31,26.31,,2013-12-27 [Closed],2014-02-05,,2069/2070
INDB,Innovative Development Bank Limited,5.00,7.00,12.00,,2013-12-27 [Closed],2014-01-27,,2069/2070
NICA,NIC Asia Bank Limited,0.00,20.00,20.00,,2014-02-05 [Closed],2014-03-03,,2069/2070
PRABHU,Prabhu Capital Limited,0.00,9.47,9.47,,,,,2069/2070
NGBL,Nilgiri Bikas Bank Limited,0.00,14.00,14.00,,2013-12-27 [Closed],2014-01-15,,2069/2070
Elite,Elite Capital Limited,0.00,9.00,9.00,,,,,2069/2070
NEPSE,Nepal Stock Exchange Limited,50.00,,50.00,,,,,2069/2070
DDBL,Deprosc Laghubitta Bittiya Sanstha Limited,20.00,15.00,35.00,,2013-12-27 [Closed],2014-01-18,,2069/2070
BNL,Bottlers Nepal Limited (Balaju),0.00,60.00,60.00,,2013-11-26 [Closed],2013-12-28,,2069/2070
KADBL,Kanchan Development Bank Limited,10.00,5.78,15.78,,2013-12-27 [Closed],2014-01-21,,2069/2070
HBL,Himalayan Bank Limited,5.00,10.00,15.00,,2014-03-06 [Closed],2014-04-02,,2069/2070
SIGS1,Siddhartha Investment Growth Scheme-1,0.00,4.5,4.5,,2014-01-19 [Closed],2014-02-02,,2069/2070
LBL,Laxmi Bank Limited,15.00,,15.00,,2014-03-13 [Closed],2014-06-02,,2069/2070
SRBL,Sunrise Bank Limited,11.00,,11.00,,2014-04-10 [Closed],2014-07-26,,2069/2070
ILFC,International Leasing & Finance Company Limited,0.00,5.26,5.26,,2014-03-04 [Closed],2014-03-25,,2069/2070
GRAND,Grand Bank Nepal Limited,0.00,4.75,4.75,,2014-03-05 [Closed],2014-04-08,,2069/2070
JBBL,Jyoti Bikash Bank Limited,7.00,5.6,12.6,,2014-07-02 [Closed],2014-11-30,,2069/2070
SIC,Sagarmatha Insurance Company Limited,20.00,22.1,42.1,,2014-06-05 [Closed],2014-06-28,,2069/2070
BPCL,Butwal Power Company Limited,0.00,18.00,18.00,,2014-02-05 [Closed],2014-03-23,,2069/2070
KEBL,Kabeli Bikas Bank Limited,20.00,,20.00,,2013-12-20 [Closed],2014-01-22,,2069/2070
CTBNL,Commerz & Trust Bank Nepal Limited,2.00,,2.00,,,2014-04-10,,2069/2070
NLO,Nepal Lube Oil Limited,20.00,20.00,40.00,,2014-02-01 [Closed],2014-03-14,,2069/2070
KKBL,Kankrebihar Bikas Bank Limited,15.00,,15.00,,2014-02-06 [Closed],2014-03-30,,2069/2070
WDBL,Western Development Bank Limited,9.00,6.00,15.00,,2014-04-25 [Closed],2014-05-24,,2069/2070
NDFL,Nava Durga Finance Company Limited,10.00,,10.00,,2013-12-31 [Closed],,,2069/2070
ADBL,Agricultural Development Bank Limited,0.00,31.58,31.58,,2014-05-02 [Closed],2014-06-03,,2069/2070
PRDBL,Professional Diyalo Bikas Bank Limited,0.00,5.5,5.5,,2014-05-08 [Closed],,,2069/2070
KBL,Kumari Bank Limited,14.00,,14.00,,2014-04-09 [Closed],2014-05-31,,2069/2070
Paschimanchal,Paschimanchal Grameen Bikas Bank Limited,15.00,15.00,30.00,,2012-11-06 [Closed],2014-05-15,,2069/2070
PFC,Paschimanchal Finance Company Limited,15.00,0.79,15.79,,2014-03-25 [Closed],2014-06-14,,2069/2070
STC,Salt Trading Corporation Limited,10.00,15.00,25.00,,2014-03-23 [Closed],2014-05-07,,2069/2070
SFL,Siddhartha Finance Limited,13.00,,13.00,,2013-08-13 [Closed],2014-03-24,,2069/2070
AIC,Alliance Insurance Company Limited,12.5,0.66,13.16,,2014-04-04 [Closed],2014-05-19,,2069/2070
CMBSL,Civil Merchant Bittiya Santha Limited,0.00,6.25,6.25,,2014-01-06 [Closed],2014-04-12,,2069/2070
NLIC,Nepal Life Insurance Company Limited,70.00,28.5,98.5,,2014-05-04 [Closed],2014-05-21,,2069/2070
PBSL,Pathibhara Bikas Bank Limited,15.00,0.78,15.78,,2014-04-22 [Closed],2014-05-24,,2069/2070
NLICL,National Life Insurance Company Limited,55.00,17.5,72.5,,2014-05-26 [Closed],2014-06-19,,2069/2070
LFLC,Lumbini Finance and Leasing Company Limited,15.00,0.78,15.78,,2014-04-18 [Closed],2014-05-31,,2069/2070
PICL,Prudential Insurance Company Limited,8.00,,8.00,,2014-05-15 [Closed],2014-06-22,,2069/2070
SADBL,Shangrila Development Bank Limited,0.00,19.17,19.17,,2013-02-26 [Closed],2014-06-14,,2069/2070
SICL,Shikhar Insurance Company Limited,20.00,,20.00,,2014-06-06 [Closed],,,2069/2070
CIT,Citizen Investment Trust,50.00,2.63,52.63,,2014-07-02 [Closed],2014-12-21,,2069/2070
NTC,Nepal Doorsanchar Company Limited,0.00,46.00,46.00,,2014-06-13 [Closed],2014-07-09,,2069/2070
NCMMER,NCM Merchant Banking Limited,0.00,15.00,15.00,,,,,2069/2070
NABILP,NABIL Bank Limited Promoter Share,25.00,40.00,65.00,,2013-12-09 [Closed],2013-12-28,,2069/2070
NIBPO,Nepal Investment Bank Limited Promoter Share,10.00,25.00,35.00,,2013-12-11 [Closed],2013-12-26,,2069/2070
SWBBL,Swabalamban Laghubitta Bittiya Sanstha Limited,5.00,26.58,31.58,,2013-03-18 [Closed],2013-04-29,,2068/2069
NIL,Neco Insurance Limited,11.5,,11.5,,2013-05-03 [Closed],2013-07-30,,2068/2069
CIT,Citizen Investment Trust,38.89,,38.89,,2013-06-28 [Closed],2013-10-08,,2068/2069
LICN,Life Insurance Corporation Nepal Limited,62.00,3.26,65.26,,2012-12-16 [Closed],2013-02-11,,2068/2069
BOK,(Former) Bank of Kathmandu Limited,5.00,21.32,26.32,,2012-09-24 [Closed],2012-10-13,2012-12-16,2068/2069
UFL,United Finance Limited,0.00,10.00,10.00,,2012-10-19 [Closed],,,2068/2069
CZBIL,Citizens Bank International Limited,0.00,8.42,8.42,,2012-09-20 [Closed],2012-10-09,,2068/2069
NNFC,Narayani National Finance Company Limited,0.00,18.95,18.95,,2012-11-28 [Closed],2012-12-15,,2068/2069
AHPC,Arun Valley Hydropower Development Company Limited,15.00,0.75,15.75,,2012-10-31 [Closed],2012-12-08,,2068/2069
SEWA,Sewa Bikas Bank Limited,20.00,,20.00,,2012-09-28 [Closed],2012-11-10,,2068/2069
TBBL,Triveni Bikas Bank Limited,10.00,13.00,23.00,,2012-10-09 [Closed],2012-11-03,,2068/2069
UNL,Unilever Nepal Limited,0.00,680.00,680.00,,2012-09-16 [Closed],2012-10-10,,2068/2069
UFIL,Unique Finance Limited,0.00,8.95,8.95,,2012-09-26 [Closed],2012-10-13,,2068/2069
CDBL,City Development Bank Limited,15.00,14.00,29.00,,2012-10-19 [Closed],2012-11-17,,2068/2069
AFL,Api Finance Limtied,9.00,0.47,9.47,,,,,2068/2069
MNBBL,Muktinath Bikas Bank Limited,22.5,27.5,50.00,,2012-10-05 [Closed],2012-10-17,,2068/2069
PBSL,Pathibhara Bikas Bank Limited,0.00,11.00,11.00,,2012-12-09 [Closed],,,2068/2069
GRAND,Grand Bank Nepal Limited,0.00,7.00,7.00,,2012-10-15 [Closed],2012-11-15,,2068/2069
MBBL,Mahakali Bikas Bank Limited,0.00,12.00,12.00,,2012-11-20 [Closed],2012-12-02,,2068/2069
RIBSL,Reliable Finance Limited,8.41,8.86,17.27,,2012-10-04 [Closed],2012-11-06,,2068/2069
SBI,Nepal SBI Bank Limited,12.5,5.00,17.5,,2012-09-28 [Closed],2012-10-16,,2068/2069
LUBL,Lumbini Bank Limited,12.00,,12.00,,2012-11-16 [Closed],2013-01-20,,2068/2069
JBNL,Janata Bank Nepal Limited,0.00,3.68,3.68,,2012-09-25 [Closed],2012-10-18,,2068/2069
GBIME,Global IME Bank Limited,3.00,10.00,13.00,,2012-12-31 [Closed],2013-02-04,,2068/2069
NABIL,Nabil Bank Limited,20.00,40.00,60.00,,2012-10-03 [Closed],2012-10-30,,2068/2069
BLDBL,Biratlaxmi Bikash Bank Limited,12.00,,12.00,,2012-12-13 [Closed],2013-01-31,,2068/2069
FMDBL,First Microfinance Laghubitta Bittiya Sanstha Limited,0.00,15.79,15.79,,2012-09-28 [Closed],2012-10-16,,2068/2069
PRFL,Prabhu Finance Company Limited,17.00,,17.00,,2012-10-31 [Closed],2012-11-29,,2068/2069
SIFC,Shree Investment Finance Company Limited,0.00,15.79,15.79,,2012-10-04 [Closed],,,2068/2069
KEBL,Kabeli Bikas Bank Limited,10.00,,10.00,,,,,2068/2069
SCB,Standard Chartered Bank Nepal Limited,15.00,45.00,60.00,,2012-11-09 [Closed],2012-12-23,,2068/2069
EDBL,Excel Development Bank Limited,25.00,,25.00,,2012-12-31 [Closed],2013-02-24,,2068/2069
CBBL,Chhimek Laghubitta Bittiya Sanstha Limited,25.00,17.1,42.1,,2012-11-25 [Closed],2013-01-09,,2068/2069
SLFL,Subha Laxmi Finance Company Limited,0.00,5.75,5.75,,2012-10-31 [Closed],2012-11-24,,2068/2069
NABILINV,Nabil Investment Banking Limited,0.00,10.00,10.00,,,,,2068/2069
MDB,Miteri Development Bank Limited,20.00,,20.00,,2012-11-21 [Closed],2013-01-02,,2068/2069
OFL,Om Finance Limited,10.00,10.00,20.00,,2012-11-01 [Closed],2012-11-09,,2068/2069
CHCL,Chilime Hydro power Company Limited,30.00,20.00,50.00,,2012-09-25 [Closed],2012-11-03,,2068/2069
KMBL,Kamana Bikas Bank Limited,0.00,15.00,15.00,,2012-11-30 [Closed],2012-12-18,,2068/2069
METRO,Metro Development Bank Limited,6.00,10.00,16.00,,2012-11-12 [Closed],2012-12-02,,2068/2069
PCBL,Prime Commercial Bank Limited,4.00,7.58,11.58,,2012-12-03 [Closed],2013-01-01,,2068/2069
EBL,Everest Bank Limited,30.00,1.58,31.58,,2012-10-19 [Closed],2012-11-25,,2068/2069
Civil-Capital,Civil Capital Market Limited,0.00,6.84,6.84,,,,,2068/2069
GDBL,Gandaki Bikas Bank Limited,14.5,,14.5,,2012-12-19 [Closed],2013-01-09,,2068/2069
RBSL,Resunga Bikas Bank Limited,22.00,1.16,23.16,,,2013-03-06,,2068/2069
GBBL,Garima Bikas Bank Limited,10.00,15.00,25.00,,2012-10-05 [Closed],2012-10-31,,2068/2069
SMFDB,Summit Laghubitta Bittiya Sanstha Limited,0.00,15.79,15.79,,2012-12-27 [Closed],2013-01-29,,2068/2069
NLBBL,Nerude Laghubitta Bittiya Sanstha Limited,15.00,10.79,25.79,,2012-12-21 [Closed],2013-02-12,2013-05-26,2068/2069
LBL,Laxmi Bank Limited,0.00,10.00,10.00,,2012-12-28 [Closed],2013-01-29,,2068/2069
SANIMA,Sanima Bank Limited,0.00,5.5,5.5,,2012-11-23 [Closed],2012-12-10,,2068/2069
SHDBL,Shine Development Bank Limited,17.00,0.89,17.89,,,2013-01-24,,2068/2069
KBBL,Kailash Bikas Bank Limited,0.00,12.00,12.00,,2012-10-31 [Closed],2012-11-11,,2068/2069
NEFL,Nepal Express Finance Limited,14.00,0.74,14.74,,,2013-02-12,,2068/2069
BSBL,Bishwa Bikas Bank Limited,5.00,12.00,17.00,,2012-12-30 [Closed],2013-01-12,,2068/2069
SBBLJ,Sahayogi Vikas Bank Limited,26.00,,26.00,,2013-04-11 [Closed],2013-05-22,,2068/2069
GFCL,Goodwill Finance Company Limited,3.5,5.5,9.00,,2012-12-09 [Closed],2013-01-05,,2068/2069
PADBL,Pacific Development Bank Limitied,0.00,15.00,15.00,,2012-10-19 [Closed],2012-11-10,,2068/2069
ZFL,Zenith Finance Limited,0.00,10.53,10.53,,2012-12-07 [Closed],2012-12-26,,2068/2069
FFCL,Fewa Finance Company Limited,0.00,10.53,10.53,,2012-11-30 [Closed],2012-12-15,,2068/2069
ICFC,ICFC Finance Limited,0.00,8.42,8.42,,2012-12-10 [Closed],2012-12-30,,2068/2069
SETI,Seti Finance Limited,10.00,10.00,20.00,,2013-03-31 [Closed],2013-06-11,,2068/2069
KAFIL,Kaski Finance Limited,0.00,10.53,10.53,,2012-11-04 [Closed],2012-11-20,,2068/2069
GMFIL,Guheswori Merchant Banking & Finance Limited,15.00,0.79,15.79,,2012-12-27 [Closed],2013-01-26,,2068/2069
PRBL,Professional Bikas Bank Limited,0.00,5.108,5.108,,2012-12-22 [Closed],2013-01-10,,2068/2069
BBBLN,Bageshowori Dev.elopment  Bank Limited,16.5,,16.5,,,2013-01-02,,2068/2069
HBL,Himalayan Bank Limited,15.00,13.4211,28.4211,,2012-12-13 [Closed],2012-12-31,,2068/2069
BNT,Bottlers Nepal (Terai) Limited,0.00,85.00,85.00,,2012-11-29 [Closed],2012-12-30,,2068/2069
BNL,Bottlers Nepal Limited (Balaju),0.00,70.00,70.00,,2012-11-29 [Closed],2012-12-30,,2068/2069
SBL,Siddhartha Bank Limited,0.00,8.42,8.42,,2013-01-01 [Closed],2013-01-16,,2068/2069
SODBL,Society Development Bank Limited,0.00,5.00,5.00,,2013-05-22 [Closed],,,2068/2069
NIB,Nepal Investment Bank Limited,25.00,5.00,30.00,,2012-12-20 [Closed],2013-01-12,,2068/2069
LGIL,Lumbini General Insurance Limited,9.57,,9.57,,2012-02-16 [Closed],2013-03-10,,2068/2069
CMBSL,Civil Merchant Bittiya Santha Limited,11.4,,11.4,,,2013-06-02,,2068/2069
ALICL,Asian Life Insurance Company Limited,8.29,,8.29,,2013-01-19 [Closed],2013-04-14,,2068/2069
KFL,Kathmandu Finance Limited.,0.00,8.00,8.00,,2013-01-08 [Closed],2013-01-26,,2068/2069
JFL,Janaki Finance Company Limited,50.00,,50.00,,2012-12-10 [Closed],2013-02-02,,2068/2069
KBL,Kumari Bank Limited,0.00,7.00,7.00,,2013-01-24 [Closed],2013-02-09,,2068/2069
CEDBL,Clean Energy Development Bank Limited,0.00,10.00,10.00,,2012-12-26 [Closed],2013-01-12,,2068/2069
ILFC,International Leasing & Finance Company Limited,0.00,6.7,6.7,,2012-12-21 [Closed],2013-01-19,,2068/2069
BPCL,Butwal Power Company Limited,0.00,25.00,25.00,,2012-12-23 [Closed],2013-03-31,,2068/2069
EFL,Everest Finance Limited,0.00,5.5,5.5,,2012-12-10 [Closed],2012-12-25,,2068/2069
TNBL,Tinau Development Bank Limited,15.00,0.78,15.78,,2012-12-10 [Closed],2013-02-09,,2068/2069
SHL,Soaltee Hotel Limited,20.00,32.63,52.63,,2012-12-05 [Closed],2013-01-08,,2068/2069
LFLC,Lumbini Finance and Leasing Company Limited,10.00,16.32,26.32,,2012-12-12 [Closed],2013-01-05,,2068/2069
NICB,Nepal Industrial & Company Bank Limited,0.00,25.00,25.00,,2012-06-28 [Closed],2013-04-29,,2068/2069
NIDC,NIDC Development Bank Limited,54.00,,54.00,,2013-03-07 [Closed],,,2068/2069
ALDBL,Alpine Development Bank Limited,0.00,11.00,11.00,,2013-01-03 [Closed],2013-02-09,,2068/2069
ARDBL,Araniko Development Bank Limited,0.00,8.00,8.00,,2013-02-06 [Closed],,,2068/2069
PURBL,Purnima Bikas Bank Limited,0.00,7.36,7.36,,2012-12-20 [Closed],2013-01-10,,2068/2069
YFL,Yeti Finance Limited,12.00,0.63,12.63,,2012-12-22 [Closed],2013-01-29,,2068/2069
SRBL,Sunrise Bank Limited,0.00,5.26,5.26,,2012-12-24 [Closed],2013-01-26,,2068/2069
KDBL,Kasthamandap Development Bank Limited,4.00,,4.00,,2013-04-16 [Closed],2013-11-30,,2068/2069
NGBL,Nilgiri Bikas Bank Limited,15.00,0.79,15.79,,2012-12-31 [Closed],,,2068/2069
BOAN,Bank of Asia Nepal Limited,0.00,7.5,7.5,,2012-06-28 [Closed],2013-03-18,,2068/2069
MFIL,Manjushree Finance Limited,0.00,8.00,8.00,,2012-12-28 [Closed],2013-01-14,,2068/2069
NICL,Nepal Insurance Company Limited,20.00,1.05,21.05,,2012-12-27 [Closed],2013-05-08,,2068/2069
DDBL,Deprosc Laghubitta Bittiya Sanstha Limited,0.00,25.00,25.00,,2012-01-02 [Closed],2013-01-15,,2068/2069
NDFL,Nava Durga Finance Company Limited,9.5,0.5,10.00,,2012-12-27 [Closed],2013-03-27,,2068/2069
NUBL,Nirdhan Utthan Laghubitta Bittiya Sanstha Limited,3.92,11.87,15.79,,2013-03-22 [Closed],2013-04-15,,2068/2069
NABB,Nepal Aawas Finance Limited,0.00,10.53,10.53,,2012-12-31 [Closed],2013-01-15,,2068/2069
KNBL,Kankai Bikas Bank Limited,9.64,0.5,10.14,,2013-03-26 [Closed],2013-05-18,,2068/2069
PLIC,Prime Life Insurance Company Limited,13.00,,13.00,,2013-04-25 [Closed],2013-06-08,,2068/2069
PICL,Prudential Insurance Company Limited,25.00,,25.00,,2013-03-22 [Closed],2013-05-18,,2068/2069
SFL,Siddhartha Finance Limited,17.21,,17.21,,2013-02-25 [Closed],2013-05-18,,2068/2069
GLICL,Gurans Life Insurance Company Limited,6.5,,6.5,,2013-04-05 [Closed],2013-05-14,2013-08-16,2068/2069
NLIC,Nepal Life Insurance Company Limited,70.00,56.31,126.31,,2013-04-18 [Closed],2013-05-04,,2068/2069
AIC,Alliance Insurance Company Limited,10.00,,10.00,,2013-02-20 [Closed],2013-03-23,,2068/2069
TDBL,Tourism Development Bank Limited,0.00,6.5,6.5,,2013-03-15 [Closed],2013-04-24,,2068/2069
PFC,Paschimanchal Finance Company Limited,20.00,6.32,26.32,,2013-02-04 [Closed],2013-03-02,,2068/2069
SADBL,Shangrila Development Bank Limited,0.00,11.00,11.00,,,2013-04-14,,2068/2069
NLICL,National Life Insurance Company Limited,25.00,,25.00,,2013-03-14 [Closed],2013-05-01,,2068/2069
NCCB,Nepal Credit and Commerce Bank Limited,5.00,0.26,5.26,,2013-03-17 [Closed],2013-07-20,,2068/2069
SIL,Siddhartha Insurance Limited,32.00,,32.00,,2013-03-17 [Closed],2013-04-21,,2068/2069
NTC,Nepal Doorsanchar Company Limited,0.00,48.00,48.00,,2013-03-17 [Closed],2013-04-10,,2068/2069
Reliance,Old Reliance Finance Limited,0.00,4.08,4.08,,,2013-04-20,,2068/2069
SLICL,Surya Life Insurance Company Limited,14.25,,14.25,,2013-03-24 [Closed],2013-04-22,,2068/2069
Paschimanchal,Paschimanchal Grameen Bikas Bank Limited,0.00,10.53,10.53,,2012-11-06 [Closed],2013-05-04,,2068/2069
NBBU,Nepal Bitumin & Barrel Udyog Limited,0.00,10.00,10.00,,,,,2068/2069
BBBL,Bhrikuti Vikash Bank Limited,10.00,,10.00,,,,,2068/2069
PIC,Premier Insurance Company (Nepal) Limited,15.00,0.79,15.79,,2013-06-07 [Closed],2013-07-29,,2068/2069
STC,Salt Trading Corporation Limited,10.00,15.00,25.00,,2013-04-14 [Closed],2013-06-01,,2068/2069
RARA,Rara Bikas Bank Limited,0.00,10.00,10.00,,2012-07-23 [Closed],2013-05-08,,2068/2069
MDBL,Malika Bikash Bank Limited,5.00,0.26,5.26,,2013-05-03 [Closed],2013-06-15,,2068/2069
MPFL,Multipurpose Finance Company Limited,0.00,10.00,10.00,,,2013-05-19,,2068/2069
SICL,Shikhar Insurance Company Limited,40.00,,40.00,,2013-06-04 [Closed],2013-06-20,,2068/2069
VFL,Valley Finance Limtied,6.00,,6.00,,2013-06-11 [Closed],,,2068/2069
SIC,Sagarmatha Insurance Company Limited,100.00,29.62,129.62,,2013-06-14 [Closed],2013-07-08,,2068/2069
NLG,NLG Insurance Company Limited,20.00,,20.00,,2012-06-15 [Closed],2013-08-03,,2068/2069
NCMMER,NCM Merchant Banking Limited,0.00,15.00,15.00,,,,,2068/2069
NABILP,NABIL Bank Limited Promoter Share,20.00,40.00,60.00,,2012-10-03 [Closed],2012-10-30,,2068/2069
NIBPO,Nepal Investment Bank Limited Promoter Share,25.00,5.00,30.00,,2012-12-20 [Closed],2013-01-12,,2068/2069
RIBSL,Reliable Finance Limited,11.77,11.06,22.83,,2012-01-01 [Closed],2012-01-24,,2067/2068
JBBL,Jyoti Bikash Bank Limited,0.00,8.5,8.5,,2011-12-08 [Closed],2011-12-28,,2067/2068
CHCL,Chilime Hydro power Company Limited,40.00,30.00,70.00,,2011-12-27 [Closed],2012-02-01,,2067/2068
SHDBL,Shine Development Bank Limited,0.00,15.00,15.00,,2011-12-27 [Closed],2012-01-17,,2067/2068
ZFL,Zenith Finance Limited,0.00,9.5,9.5,,2011-11-24 [Closed],2011-12-11,,2067/2068
DDBL,Deprosc Laghubitta Bittiya Sanstha Limited,0.00,28.00,28.00,,2011-12-29 [Closed],2012-01-24,,2067/2068
NIB,Nepal Investment Bank Limited,25.00,25.00,50.00,,2011-10-30 [Closed],2011-10-12,,2067/2068
PLIC,Prime Life Insurance Company Limited,20.00,1.05,21.05,,2012-02-16 [Closed],2012-04-01,,2067/2068
SMF,Swastik Merchant Finance Company Limited,14.00,0.7,14.7,,,2012-03-08,,2067/2068
PCBL,Prime Commercial Bank Limited,0.00,12.63,12.63,,2011-11-16 [Closed],2011-12-10,,2067/2068
NLICL,National Life Insurance Company Limited,30.00,1.58,31.58,,2012-07-31 [Closed],2012-09-08,,2067/2068
UFL,United Finance Limited,0.00,13.16,13.16,,2011-12-11 [Closed],2012-01-02,,2067/2068
EDBL,Excel Development Bank Limited,0.00,25.00,25.00,,2011-12-29 [Closed],2012-02-06,,2067/2068
KBBL,Kailash Bikas Bank Limited,0.00,11.00,11.00,,2011-12-07 [Closed],2011-12-21,,2067/2068
RBSL,Resunga Bikas Bank Limited,15.00,11.32,26.32,,2011-12-13 [Closed],2012-01-29,,2067/2068
ARDBL,Araniko Development Bank Limited,0.00,14.00,14.00,,2011-12-30 [Closed],2012-01-22,,2067/2068
BOAN,Bank of Asia Nepal Limited,0.00,7.37,7.37,,2011-12-01 [Closed],2011-12-18,,2067/2068
ILFC,International Leasing & Finance Company Limited,0.00,5.00,5.00,,2011-12-30 [Closed],2012-01-24,,2067/2068
SBL,Siddhartha Bank Limited,3.00,12.79,15.79,,2011-12-14 [Closed],2012-01-01,,2067/2068
NLBBL,Nerude Laghubitta Bittiya Sanstha Limited,40.00,10.00,50.00,,2011-12-16 [Closed],2012-02-20,,2067/2068
NICB,Nepal Industrial & Company Bank Limited,0.00,20.00,20.00,,2011-11-29 [Closed],2011-12-17,,2067/2068
AFL,Api Finance Limtied,5.00,15.00,20.00,,2011-12-22 [Closed],2012-01-16,,2067/2068
LBL,Laxmi Bank Limited,5.00,10.79,15.79,,2011-12-18 [Closed],2012-01-25,,2067/2068
BDBL,Business Development Bank Limited,0.00,10.00,10.00,,2011-10-17 [Closed],2011-10-01,,2067/2068
BOK,(Former) Bank of Kathmandu Limited,18.00,16.75,34.75,,2011-09-13 [Closed],2011-09-29,2011-11-17,2067/2068
NABIL,Nabil Bank Limited,0.00,30.00,30.00,,2011-12-04 [Closed],2011-12-20,,2067/2068
GBL,Global Bank Limited,6.67,5.35,12.02,,2011-10-04 [Closed],2011-11-19,,2067/2068
SANIMA,Sanima Bank Limited,0.00,6.5,6.5,,2011-11-17 [Closed],2011-12-04,,2067/2068
MBBL,Mahakali Bikas Bank Limited,0.00,11.47,11.47,,2011-12-06 [Closed],2011-12-18,,2067/2068
FFCL,Fewa Finance Company Limited,10.00,16.32,26.32,,2011-12-29 [Closed],2012-01-11,,2067/2068
BNT,Bottlers Nepal (Terai) Limited,0.00,55.00,55.00,,2011-11-29 [Closed],2011-12-28,,2067/2068
NCMMF,NCM Mutual Fund,0.00,8.00,8.00,,,2011-10-16,,2067/2068
KBL,Kumari Bank Limited,8.00,0.44,8.44,,2012-01-16 [Closed],2012-02-12,,2067/2068
TBBL,Triveni Bikas Bank Limited,17.00,,17.00,,2011-12-11 [Closed],2012-01-15,,2067/2068
EFL,Everest Finance Limited,0.00,20.00,20.00,,2012-01-02 [Closed],2012-01-16,,2067/2068
CNDBL,Country Development Bank Limited,0.00,10.00,10.00,,,2012-03-25,,2067/2068
LBFIL,Lord Buddha Finance Limited,10.00,0.52,10.52,,2012-01-22 [Closed],2012-03-14,,2067/2068
KMBL,Kamana Bikas Bank Limited,0.00,15.00,15.00,,2011-12-20 [Closed],2012-01-04,,2067/2068
AHPC,Arun Valley Hydropower Development Company Limited,0.00,15.00,15.00,,2011-12-21 [Closed],2012-02-12,,2067/2068
IMEFI,IME Financial Institution Limited,20.00,1.05,21.05,,2011-12-28 [Closed],2012-02-06,,2067/2068
Civil-Capital,Civil Capital Market Limited,0.00,10.53,10.53,,,,,2067/2068
SIFC,Shree Investment Finance Company Limited,15.02,7.11,22.13,,2011-10-18 [Closed],2011-11-16,,2067/2068
GDBL,Gandaki Bikas Bank Limited,10.00,10.00,20.00,,2012-01-01 [Closed],2012-01-15,,2067/2068
GBBL,Garima Bikas Bank Limited,0.00,18.00,18.00,,2011-11-22 [Closed],2011-12-04,,2067/2068
CMBSL,Civil Merchant Bittiya Santha Limited,15.00,0.79,15.79,,2012-01-04 [Closed],2012-03-13,,2067/2068
SCB,Standard Chartered Bank Nepal Limited,0.00,50.00,50.00,,2011-11-16 [Closed],2011-12-12,,2067/2068
SBBLJ,Sahayogi Vikas Bank Limited,20.00,2.88,22.88,,2011-12-09 [Closed],2012-02-28,,2067/2068
PRABHU,Prabhu Capital Limited,0.00,8.5,8.5,,,2011-10-15,,2067/2068
MDB,Miteri Development Bank Limited,0.00,10.53,10.53,,2011-12-01 [Closed],2011-12-15,,2067/2068
OFL,Om Finance Limited,0.00,10.53,10.53,,2011-12-25 [Closed],2012-01-08,,2067/2068
MFL,Mahalaxmi Finance Limited,0.00,10.9,10.9,,2011-12-22 [Closed],2012-01-09,,2067/2068
BLDBL,Biratlaxmi Bikash Bank Limited,5.00,10.00,15.00,,2011-12-29 [Closed],2012-01-26,,2067/2068
PRBL,Professional Bikas Bank Limited,0.00,7.37,7.37,,2011-12-16 [Closed],2012-01-12,,2067/2068
NABB,Nepal Aawas Finance Limited,5.00,10.00,15.00,,2011-12-12 [Closed],2012-02-01,,2067/2068
ICFC,ICFC Finance Limited,8.00,7.00,15.00,,2011-12-28 [Closed],2012-01-18,,2067/2068
SBI,Nepal SBI Bank Limited,12.5,5.00,17.5,,2011-11-06 [Closed],2011-12-17,,2067/2068
SBSL,Shikhar Finance Limited,37.5,1.97,39.47,,2011-12-07 [Closed],2012-03-10,,2067/2068
LUBL,Lumbini Bank Limited,10.00,,10.00,,2011-10-25 [Closed],2011-12-26,,2067/2068
NEFL,Nepal Express Finance Limited,10.00,0.53,10.53,,2011-12-29 [Closed],2012-02-06,,2067/2068
BSBL,Bishwa Bikas Bank Limited,0.00,15.79,15.79,,2011-12-28 [Closed],2012-01-11,,2067/2068
GMFIL,Guheswori Merchant Banking & Finance Limited,15.00,0.79,15.79,,2011-12-29 [Closed],2012-01-28,2012-06-03,2067/2068
KAFIL,Kaski Finance Limited,14.69,,14.69,,2011-11-08 [Closed],2011-12-12,,2067/2068
GRAND,Grand Bank Nepal Limited,4.12,0.22,4.34,,2011-11-18 [Closed],2011-12-17,,2067/2068
NMB,NMB Bank Limited,0.00,9.00,9.00,,2011-12-04 [Closed],2011-12-20,,2067/2068
CBBL,Chhimek Laghubitta Bittiya Sanstha Limited,0.00,25.00,25.00,,2011-11-10 [Closed],2011-12-10,,2067/2068
SEWA,Sewa Bikas Bank Limited,0.00,18.00,18.00,,2011-12-29 [Closed],2012-01-25,,2067/2068
HBL,Himalayan Bank Limited,20.00,16.8421,36.8421,,2011-12-08 [Closed],2012-01-01,,2067/2068
BFIL,Bhajuratna Finance & Saving Company Limited,40.00,,40.00,,,2012-06-03,,2067/2068
SADBL,Shangrila Development Bank Limited,0.00,10.00,10.00,,2011-12-09 [Closed],2011-12-27,,2067/2068
BNL,Bottlers Nepal Limited (Balaju),0.00,55.00,55.00,,2011-11-29 [Closed],2011-12-28,,2067/2068
CEDBL,Clean Energy Development Bank Limited,0.00,5.6,5.6,,2011-12-29 [Closed],2012-01-12,,2067/2068
SHL,Soaltee Hotel Limited,20.00,32.63,52.63,,,2012-01-12,,2067/2068
ALDBL,Alpine Development Bank Limited,0.00,9.00,9.00,,2011-12-26 [Closed],2012-01-25,,2067/2068
NDEP,NDEP Development Bank Limited,6.65,0.35,7.00,,2011-12-30 [Closed],2012-02-06,,2067/2068
SUBBL,Subhechha Bikas Bank Limited,9.9,0.52,10.42,,2011-12-09 [Closed],2012-06-30,,2067/2068
NCM,NIDC Capital Markets Limited,5.00,20.00,25.00,,2012-01-04 [Closed],2012-01-24,,2067/2068
SWBBL,Swabalamban Laghubitta Bittiya Sanstha Limited,5.00,26.00,31.00,,2012-02-09 [Closed],2012-04-01,,2067/2068
EBL,Everest Bank Limited,10.00,50.00,60.00,,2011-10-17 [Closed],2011-10-15,,2067/2068
SRBL,Sunrise Bank Limited,0.00,4.00,4.00,,2011-12-20 [Closed],2012-02-07,,2067/2068
CZBIL,Citizens Bank International Limited,5.00,5.53,10.53,,2011-09-29 [Closed],2011-10-23,,2067/2068
PFL,Pokhara Finance Limited,0.00,10.00,10.00,,2011-12-16 [Closed],2012-01-07,,2067/2068
MDBL,Malika Bikash Bank Limited,0.00,15.00,15.00,,2012-04-17 [Closed],2012-05-09,,2067/2068
NMBCAP,NMB Capital Limited,0.00,10.00,10.00,,,,,2067/2068
ACECAP,Ace Capital Limited,0.00,4.00,4.00,,,,,2067/2068
PRFL,Prabhu Finance Company Limited,15.00,,15.00,,2012-01-04 [Closed],2012-01-30,,2067/2068
NGBL,Nilgiri Bikas Bank Limited,0.00,15.00,15.00,,2011-12-27 [Closed],2012-01-16,,2067/2068
NUBL,Nirdhan Utthan Laghubitta Bittiya Sanstha Limited,8.00,0.421,8.421,,2011-12-30 [Closed],2012-01-28,,2067/2068
SLFL,Subha Laxmi Finance Company Limited,0.00,6.5,6.5,,2012-01-02 [Closed],2012-01-30,,2067/2068
NFS,Nepal Finance Limited,22.00,1.16,23.16,,2012-01-01 [Closed],2012-02-11,,2067/2068
YFL,Yeti Finance Limited,12.00,0.63,12.63,,2012-01-01 [Closed],2012-02-04,,2067/2068
Elite,Elite Capital Limited,0.00,7.00,7.00,,,,,2067/2068
SMBF,Sagarmatha Merchant Banking & Finance Limited,20.00,1.052,21.052,,2012-03-13 [Closed],2012-05-09,,2067/2068
NDFL,Nava Durga Finance Company Limited,11.00,0.58,11.58,,2011-12-31 [Closed],2012-08-29,,2067/2068
KFL,Kathmandu Finance Limited.,12.00,0.6315,12.6315,,2012-01-04 [Closed],2012-02-16,,2067/2068
IFIL,Imperial Financial Instittuon Limited,8.5,,8.5,,2011-12-28 [Closed],2012-10-30,,2067/2068
ACEDBL,Ace Development Bank Limited,6.3,0.33,6.63,,2012-01-02 [Closed],2012-02-04,,2067/2068
CDBL,City Development Bank Limited,10.00,6.5,16.5,,2012-01-02 [Closed],2012-01-16,,2067/2068
JFL,Janaki Finance Company Limited,0.00,35.00,35.00,,2012-01-01 [Closed],2012-01-24,,2067/2068
IDBL,Infrastructure Development Bank Limited,8.00,,8.00,,,2012-01-15,,2067/2068
UFLK,Universal Finance Limited,0.00,18.00,18.00,,,2011-12-27,,2067/2068
RMBFI,Royal Merchant Bank & Fin Limited,10.00,0.5263,10.5263,,2012-01-08 [Closed],2012-01-28,,2067/2068
SFL,Siddhartha Finance Limited,18.00,,18.00,,2012-06-11 [Closed],2012-08-09,,2067/2068
PDBL,Paschimanchal Development Bank Limited,0.00,6.00,6.00,,2012-01-10 [Closed],2012-01-25,,2067/2068
NTC,Nepal Doorsanchar Company Limited,0.00,45.00,45.00,,2012-03-16 [Closed],2012-04-05,,2067/2068
SODBL,Society Development Bank Limited,0.00,6.7,6.7,,2012-03-29 [Closed],2012-04-15,,2067/2068
NHMF,Nepal Housing & Merchant Finance Limited,0.00,10.526,10.526,,2012-01-01 [Closed],2012-01-15,,2067/2068
UFIL,Unique Finance Limited,0.00,13.685,13.685,,2012-02-11 [Closed],2012-03-01,,2067/2068
BBBL,Bhrikuti Vikash Bank Limited,15.00,,15.00,,2012-02-01 [Closed],2012-03-12,,2067/2068
ALICL,Asian Life Insurance Company Limited,27.00,1.42,28.42,,2012-06-20 [Closed],2012-09-11,,2067/2068
AIC,Alliance Insurance Company Limited,7.00,,7.00,,2012-02-02 [Closed],2012-03-05,,2067/2068
MFIL,Manjushree Finance Limited,12.5,,12.5,,,2012-08-30,,2067/2068
UBBL,Udhyam Bikas Bank Limited,10.00,,10.00,,2012-05-29 [Closed],2012-02-15,,2067/2068
GFLK,Gorkha Finance Limited,10.00,,10.00,,2012-03-06 [Closed],2012-04-15,,2067/2068
BPCL,Butwal Power Company Limited,0.00,25.00,25.00,,2012-01-03 [Closed],2012-03-03,,2067/2068
PURBL,Purnima Bikas Bank Limited,0.00,6.00,6.00,,2012-03-14 [Closed],2012-04-03,,2067/2068
UFCL,Union Finance Limited,0.00,7.5,7.5,,2012-03-14 [Closed],2012-04-02,,2067/2068
VFL,Valley Finance Limtied,12.00,,12.00,,2012-03-23 [Closed],2012-09-20,,2067/2068
GSDBL,Gaurishankar Development Bank Limited,0.00,10.00,10.00,,2012-03-23 [Closed],2012-04-10,,2067/2068
STC,Salt Trading Corporation Limited,35.00,10.00,45.00,,2012-04-20 [Closed],2012-05-22,,2067/2068
NCMMER,NCM Merchant Banking Limited,0.00,15.00,15.00,,,,,2067/2068
NIL,Neco Insurance Limited,5.00,,5.00,,2012-03-27 [Closed],2012-09-20,,2067/2068
PFCLL,Premier Finance Company Limited,5.00,,5.00,,2012-04-28 [Closed],2012-05-12,,2067/2068
PFIL,Prudential Finance Company Limited,10.56,,10.56,,2012-03-28 [Closed],2012-05-14,,2067/2068
AEFL,Alpic Everest Finance Company Limited,7.00,,7.00,,2012-04-13 [Closed],2012-07-03,,2067/2068
PFC,Paschimanchal Finance Company Limited,10.56,,10.56,,2012-04-15 [Closed],2012-07-24,,2067/2068
WDBL,Western Development Bank Limited,0.00,15.79,15.79,,2012-04-25 [Closed],2012-05-14,,2067/2068
NICL,Nepal Insurance Company Limited,7.37,,7.37,,2012-05-08 [Closed],2012-10-09,,2067/2068
BFC,Best Finance Company Limited,20.00,,20.00,,2012-02-10 [Closed],2012-05-12,,2067/2068
LGIL,Lumbini General Insurance Limited,13.16,,13.16,,2012-06-01 [Closed],2012-07-07,,2067/2068
NCMMF,NCM Mutual Fund,0.00,8.00,8.00,,,2012-10-16,,2067/2068
CIT,Citizen Investment Trust,35.00,,35.00,,2012-07-21 [Closed],2012-09-22,,2067/2068
NABILP,NABIL Bank Limited Promoter Share,0.00,30.00,30.00,,2011-12-04 [Closed],2011-12-20,,2067/2068
NIBPO,Nepal Investment Bank Limited Promoter Share,25.00,25.00,50.00,,2011-10-30 [Closed],2011-10-12,,2067/2068
UNL,Unilever Nepal Limited,0.00,590.00,590.00,,,2011-10-24,,2066/2067
RJBCL,Rastriya Jeewan Beema Company Limited (former Rastriya Beema Sansthan),42.11,,42.11,,,,,2065/2066
RBCL,Rastriya Beema Company Limited,114.27,6.00,114.27,,2017-04-23 [Closed],,,2062/2063
RBCLPO,Rastriya Beema Company Limited Promoter Share,114.27,6.00,114.27,,2017-04-23 [Closed],,,2062/2063
