PlantId,PlantName,Capacity_kW,FiscalId,FiscalYear,Previous_Due,Energy_Royalty,Capacity_Royalty,RoyaltyDue,Received,Balance
8,Aandikhola HP,9400,19,082/83,0.0,39333029.45,0.0,39333029.45,44458567.72,-5125538.27
8,Aandikhola HP,9400,16,079/80,18636654.8,30744372.6,9400000.0,40144372.6,35331974.31,23449053.09
8,Aandikhola HP,9400,17,080/81,23449053.09,29569481.06,9400000.0,38969481.06,34329955.08,28088579.07
8,Aandikhola HP,9400,15,078/79,17908678.74,31456553.76,9400000.0,40856553.760000005,40128577.7,18636654.8
8,Aandikhola HP,9400,18,081/82,28088579.07,31176138.59,9400000.0,40576138.59,36221092.12,32443625.54
8,Aandikhola HP,9400,12,076/77,23830559.0,32436212.49,9400000.0,41836212.489999995,39174265.07,26492506.42
8,Aandikhola HP,9400,14,077/78,26492506.0,25890775.74,9400000.0,35290775.739999995,43874603.0,17908678.74
8,Aandikhola HP,9400,10,074/75,19401284.0,27529998.1,9400000.0,36929998.1,34487361.0,21843921.1
8,Aandikhola HP,9400,9,073/74,0.0,28421768.0,9400000.0,37821768.0,38190934.0,-369166.0
8,Aandikhola HP,9400,11,075/76,21843921.0,28773284.1,9400000.0,38173284.1,36186646.0,23830559.1
8,Aandikhola HP,9400,8,072/73,18072122.37,20171228.0,5100000.0,25271228.0,10992778.0,32350572.37
8,Aandikhola HP,9400,7,071/72,8429167.12,3750153.25,5892777.96,9642931.21,0.0,18072122.33
8,Aandikhola HP,9400,3,068/69,0.0,14227684.41,5100000.0,19327684.41,19562128.0,-234443.59
8,Aandikhola HP,9400,6,070/71,3329167.12,0.0,5100000.0,5100000.0,0.0,8429167.12
8,Aandikhola HP,9400,5,069/70,-234443.58,6145512.7,5100000.0,11245512.7,7681902.0,3329167.12
8,Aandikhola HP,9400,1,066/67,0.0,13521853.27,5100000.0,18621853.27,18621851.0,1.01
8,Aandikhola HP,9400,2,067/68,1.0,13487135.87,5100000.0,18587135.869999997,18587136.0,0.87
44,Ankhukhola Small HP,8400,17,080/81,400407.98,3407846.54,840000.0,4247846.54,4507752.91,140501.61
44,Ankhukhola Small HP,8400,18,081/82,140501.61,3415320.37,840000.0,4255320.37,4153220.92,242601.06
44,Ankhukhola Small HP,8400,19,082/83,0.0,4112824.21,0.0,4112824.21,5195425.27,-1082601.06
44,Ankhukhola Small HP,8400,15,078/79,4633406.84,4464434.15,840000.0,5304434.15,8801722.86,1136118.13
44,Ankhukhola Small HP,8400,16,079/80,1136118.13,4017264.72,840000.0,4857264.720000001,5592974.87,400407.98
44,Ankhukhola Small HP,8400,14,077/78,4205316.0,3793406.84,840000.0,4633406.84,4205316.0,4633406.84
44,Ankhukhola Small HP,8400,11,075/76,11362170.0,3536438.69,840000.0,4376438.6899999995,11491742.0,4246866.69
44,Ankhukhola Small HP,8400,12,076/77,4246867.0,6027481.46,840000.0,6867481.46,6909032.33,4205316.13
44,Ankhukhola Small HP,8400,10,074/75,12419352.0,3469420.52,840000.0,4309420.52,5366603.0,11362169.52
44,Ankhukhola Small HP,8400,9,073/74,1790828.0,3661596.02,0.0,3661596.02,3975508.0,1476916.02
44,Ankhukhola Small HP,8400,8,072/73,7662111.7,3391107.78,840000.0,4231107.779999999,0.0,11893219.48
44,Ankhukhola Small HP,8400,7,071/72,3135508.46,3686603.24,840000.0,4526603.24,0.0,7662111.7
44,Ankhukhola Small HP,8400,6,070/71,0.0,2295508.46,840000.0,3135508.46,0.0,3135508.46
89,Bagmati Nadi,32000,18,081/82,922634.67,5513313.85,2200000.0,7713313.85,6436127.58,2199820.94
89,Bagmati Nadi,32000,19,082/83,0.0,13989458.96,0.0,13989458.96,15800253.3,-1810794.34
89,Bagmati Nadi,32000,16,079/80,-56097.05,15460913.44,2200000.0,17660913.439999998,15797302.6,1807513.79
89,Bagmati Nadi,32000,17,080/81,1807513.79,14891503.3,2200000.0,17091503.3,17976382.42,922634.67
89,Bagmati Nadi,32000,15,078/79,1789008.45,14902581.59,2200000.0,17102581.59,18947687.09,-56097.05
89,Bagmati Nadi,32000,14,077/78,181891.02,14098615.43,2200000.0,16298615.43,14691498.0,1789008.45
89,Bagmati Nadi,32000,11,075/76,0.0,1384135.01,2200000.0,3584135.01,2200000.0,1384135.01
89,Bagmati Nadi,32000,12,076/77,1384135.02,8768906.66,2200000.0,10968906.66,12171151.0,181890.68
86,Baramchi Khola HPP,4200,18,081/82,444441.71,956593.63,420000.0,1376593.63,1406534.81,414500.53
86,Baramchi Khola HPP,4200,19,082/83,0.0,1094963.58,0.0,1094963.58,1442126.23,-347162.65
86,Baramchi Khola HPP,4200,16,079/80,2457425.56,1224065.93,420000.0,1644065.93,3616975.33,484516.16
86,Baramchi Khola HPP,4200,14,077/78,-173586.07,2681124.25,420000.0,3101124.25,0.0,2927538.18
86,Baramchi Khola HPP,4200,17,080/81,484516.16,976432.09,420000.0,1396432.0899999999,1436506.54,444441.71
86,Baramchi Khola HPP,4200,15,078/79,2927538.18,1236112.41,420000.0,1656112.41,2126225.03,2457425.56
86,Baramchi Khola HPP,4200,12,076/77,-1316597.07,723010.64,420000.0,1143010.6400000001,0.0,-173586.43
86,Baramchi Khola HPP,4200,11,075/76,0.0,683402.92,420000.0,1103402.92,2420000.0,-1316597.08
43,Bhairav kunda khola Small HP,3000,17,080/81,988256.88,0.0,300000.0,300000.0,0.0,1288256.88
43,Bhairav kunda khola Small HP,3000,18,081/82,1288256.88,0.0,300000.0,300000.0,1588256.88,0.0
43,Bhairav kunda khola Small HP,3000,16,079/80,688256.88,0.0,300000.0,300000.0,0.0,988256.88
43,Bhairav kunda khola Small HP,3000,15,078/79,988209.36,47.52,300000.0,300047.52,600000.0,688256.88
43,Bhairav kunda khola Small HP,3000,14,077/78,1208927.0,88209.36,300000.0,388209.36,608927.0,988209.36
43,Bhairav kunda khola Small HP,3000,12,076/77,3122623.0,433662.7,300000.0,733662.7,2647359.0,1208926.7
43,Bhairav kunda khola Small HP,3000,11,075/76,2427359.0,361385.8,300000.0,661385.8,0.0,3088744.8
43,Bhairav kunda khola Small HP,3000,10,074/75,1866177.0,295060.4,300000.0,595060.4,0.0,2461237.4
43,Bhairav kunda khola Small HP,3000,8,072/73,1210447.3,0.0,300000.0,300000.0,0.0,1510447.3
43,Bhairav kunda khola Small HP,3000,7,071/72,300000.0,610447.3,300000.0,910447.3,0.0,1210447.3
43,Bhairav kunda khola Small HP,3000,9,073/74,3993594.0,55729.7,0.0,55729.7,0.0,4049323.7
43,Bhairav kunda khola Small HP,3000,6,070/71,0.0,0.0,300000.0,300000.0,0.0,300000.0
184,Bhim Khola Small HPP,4960,19,082/83,0.0,403434.64,0.0,403434.64,1016663.16,-613228.52
184,Bhim Khola Small HPP,4960,18,081/82,0.0,77345.06,496000.0,573345.06,35417.09,537927.97
109,Bijaypur Khola 2 HPP,4500,19,082/83,0.0,2190401.86,0.0,2190401.86,2446862.42,-256460.56
109,Bijaypur Khola 2 HPP,4500,18,081/82,610415.25,1902683.07,450000.0,2352683.0700000003,2425901.82,537196.5
109,Bijaypur Khola 2 HPP,4500,17,080/81,890376.55,2298556.64,450000.0,2748556.64,3028517.94,610415.25
109,Bijaypur Khola 2 HPP,4500,14,077/78,0.0,487256.83,450000.0,937256.8300000001,0.0,937256.83
109,Bijaypur Khola 2 HPP,4500,15,078/79,937256.83,2227690.02,450000.0,2677690.02,3273634.33,341312.52
109,Bijaypur Khola 2 HPP,4500,16,079/80,341312.52,2166937.58,450000.0,2616937.58,2067873.55,890376.55
38,Bijaypur-1 Small HP,4500,19,082/83,0.0,2918233.27,0.0,2918233.27,3087228.74,-168995.47
38,Bijaypur-1 Small HP,4500,18,081/82,580282.7,2975175.56,450000.0,3425175.56,3836462.79,168995.47
38,Bijaypur-1 Small HP,4500,16,079/80,604649.74,2922982.07,450000.0,3372982.07,3708734.02,268897.79
38,Bijaypur-1 Small HP,4500,15,078/79,613312.69,3281633.21,450000.0,3731633.21,3740296.16,604649.74
38,Bijaypur-1 Small HP,4500,17,080/81,268897.79,3011502.34,450000.0,3461502.34,3150117.43,580282.7
38,Bijaypur-1 Small HP,4500,14,077/78,427362.0,2395324.44,450000.0,2845324.44,2659373.75,613312.69
38,Bijaypur-1 Small HP,4500,12,076/77,-423303.0,5922549.59,450000.0,6372549.59,5521884.51,427362.08
38,Bijaypur-1 Small HP,4500,11,075/76,-423303.0,2765477.02,450000.0,3215477.02,3215477.0,-423302.98
38,Bijaypur-1 Small HP,4500,8,072/73,116107.42,2823706.1,450000.0,3273706.1,2967662.0,422151.52
38,Bijaypur-1 Small HP,4500,9,073/74,9556377.0,2291692.8,0.0,2291692.8,3589566.0,8258503.8
38,Bijaypur-1 Small HP,4500,6,070/71,1041325.78,3028189.44,450000.0,3478189.44,1491326.0,3028189.22
38,Bijaypur-1 Small HP,4500,5,069/70,0.0,2622957.78,450000.0,3072957.78,2031632.0,1041325.78
38,Bijaypur-1 Small HP,4500,10,074/75,-425722.0,2582256.17,450000.0,3032256.17,3029837.0,-423302.83
38,Bijaypur-1 Small HP,4500,7,071/72,3028189.22,3327830.2,450000.0,3777830.2,6689912.0,116107.42
207,Buku Khola HPP,6000,19,082/83,0.0,255997.87,0.0,255997.87,255998.47,-0.6
198,Buku-Kapati HPP,5000,19,082/83,0.0,558557.73,0.0,558557.73,1027810.31,-469252.58
73,Chake Khola SHPP,2830,19,082/83,0.0,1427671.59,0.0,1427671.59,1906732.24,-479060.65
73,Chake Khola SHPP,2830,15,078/79,1181997.8,765866.29,283000.0,1048866.29,1706267.67,524596.42
73,Chake Khola SHPP,2830,18,081/82,285592.72,1502225.05,283000.0,1785225.05,1683961.32,386856.45
73,Chake Khola SHPP,2830,16,079/80,524596.42,949436.61,283000.0,1232436.6099999999,1459745.16,297287.87
73,Chake Khola SHPP,2830,14,077/78,1398858.96,898997.84,283000.0,1181997.8399999999,1398859.0,1181997.8
73,Chake Khola SHPP,2830,17,080/81,297287.87,1199888.17,283000.0,1482888.17,1494583.32,285592.72
73,Chake Khola SHPP,2830,12,076/77,599417.96,891599.18,283000.0,1174599.1800000002,375157.76,1398859.38
73,Chake Khola SHPP,2830,10,074/75,0.0,202106.54,283000.0,485106.54000000004,0.0,485106.54
73,Chake Khola SHPP,2830,11,075/76,485106.54,1027518.77,283000.0,1310518.77,597069.0,1198556.31
12,Chaku Khola  Small HP,3200,16,079/80,10459134.04,3722059.81,3200000.0,6922059.8100000005,4700735.16,12680458.69
12,Chaku Khola  Small HP,3200,18,081/82,9508262.01,3724082.84,3200000.0,6924082.84,3696020.21,12736324.64
12,Chaku Khola  Small HP,3200,19,082/83,0.0,4301349.02,0.0,4301349.02,7407127.89,-3105778.87
12,Chaku Khola  Small HP,3200,17,080/81,12680458.69,3515167.05,3200000.0,6715167.05,9887363.73,9508262.01
12,Chaku Khola  Small HP,3200,14,077/78,3175091.01,2012117.92,3200000.0,5212117.92,3175091.0,5212117.93
12,Chaku Khola  Small HP,3200,15,078/79,5212117.93,4064578.57,3200000.0,7264578.57,2017562.46,10459134.04
12,Chaku Khola  Small HP,3200,11,075/76,4046028.0,841026.21,320000.0,1161026.21,5377760.0,-170705.79
12,Chaku Khola  Small HP,3200,12,076/77,-170706.0,238575.22,3200000.0,3438575.22,92777.99,3175091.23
12,Chaku Khola  Small HP,3200,10,074/75,5452621.0,173407.0,320000.0,493407.0,1900000.0,4046028.0
12,Chaku Khola  Small HP,3200,9,073/74,358425.0,737037.32,0.0,737037.32,0.0,1095462.32
12,Chaku Khola  Small HP,3200,8,072/73,3538904.66,536677.12,320000.04,856677.1599999999,0.0,4395581.82
12,Chaku Khola  Small HP,3200,7,071/72,2632368.24,586536.42,320000.04,906536.46,0.0,3538904.7
12,Chaku Khola  Small HP,3200,6,070/71,1613255.44,699112.8,320000.04,1019112.8400000001,0.0,2632368.28
12,Chaku Khola  Small HP,3200,5,069/70,1206394.72,86860.72,320000.04,406860.76,0.0,1613255.48
12,Chaku Khola  Small HP,3200,3,068/69,589367.0,457027.72,159999.96,617027.6799999999,0.0,1206394.68
12,Chaku Khola  Small HP,3200,2,067/68,1471318.38,429368.26,159999.96,589368.22,1471319.0,589367.6
12,Chaku Khola  Small HP,3200,1,066/67,2879953.0,549891.38,159999.96,709891.34,2118526.0,1471318.34
80,Chameliya Khola,30000,16,079/80,1991139.51,14568661.49,3000000.0,17568661.490000002,19622703.12,-62902.12
80,Chameliya Khola,30000,18,081/82,-37045139.3,13978111.3,3000000.0,16978111.3,17785168.87,-37852196.87
80,Chameliya Khola,30000,19,082/83,0.0,14191942.63,0.0,14191942.63,17191942.63,-3000000.0
80,Chameliya Khola,30000,17,080/81,-62902.12,14468539.71,3000000.0,17468539.71,54450776.89,-37045139.3
80,Chameliya Khola,30000,15,078/79,-173960.03,25296003.06,3000000.0,28296003.06,26130903.52,1991139.51
80,Chameliya Khola,30000,14,077/78,-28186.0,16403552.8,3000000.0,19403552.8,19549326.83,-173960.03
80,Chameliya Khola,30000,12,076/77,3980.0,15156591.0,3000000.0,18156591.0,18188757.0,-28186.0
80,Chameliya Khola,30000,11,075/76,0.0,17699139.6,6000000.0,23699139.6,23695160.0,3979.6
47,Charnawati khola HP,3520,18,081/82,403404.42,2110736.93,352000.0,2462736.93,2441153.34,424988.01
47,Charnawati khola HP,3520,19,082/83,0.0,2177321.28,0.0,2177321.28,2602309.29,-424988.01
47,Charnawati khola HP,3520,16,079/80,483533.09,1968165.06,352000.0,2320165.06,2323531.48,480166.67
47,Charnawati khola HP,3520,14,077/78,565675.0,1323583.93,352000.0,1675583.93,565675.0,1675583.93
47,Charnawati khola HP,3520,17,080/81,480166.67,1974715.01,352000.0,2326715.01,2403477.26,403404.42
47,Charnawati khola HP,3520,11,075/76,4580679.0,1688846.9,352000.0,2040846.9,2157629.0,4463896.9
47,Charnawati khola HP,3520,15,078/79,1675583.93,1789980.16,352000.0,2141980.16,3334031.0,483533.09
47,Charnawati khola HP,3520,12,076/77,4463897.0,3210371.36,352000.0,3562371.36,7460593.42,565674.94
47,Charnawati khola HP,3520,10,074/75,2495725.0,1732953.9,352000.0,2084953.9,0.0,4580678.9
47,Charnawati khola HP,3520,8,072/73,4090787.82,1734793.22,351999.96,2086793.18,2183987.0,3993594.0
47,Charnawati khola HP,3520,9,073/74,11893219.0,1805796.48,0.0,1805796.48,3655665.0,10043350.48
47,Charnawati khola HP,3520,7,071/72,2183988.0,2012639.82,351999.96,2364639.7800000003,457840.0,4090787.78
47,Charnawati khola HP,3520,6,070/71,0.0,1453931.54,351999.96,1805931.5,0.0,1805931.5
34,Chatara HP,3200,19,082/83,0.0,1026380.33,0.0,1026380.33,4226380.33,-3200000.0
34,Chatara HP,3200,15,078/79,-19235.2,1551698.36,3200000.0,4751698.36,4731700.64,762.52
34,Chatara HP,3200,18,081/82,621285.67,1113854.08,3200000.0,4313854.08,4416472.11,518667.64
34,Chatara HP,3200,14,077/78,-1918.0,1812583.58,3200000.0,5012583.58,5029900.78,-19235.2
34,Chatara HP,3200,17,080/81,90000.66,1839686.73,3200000.0,5039686.73,4508401.72,621285.67
34,Chatara HP,3200,16,079/80,762.52,1785414.15,3200000.0,4985414.15,4896176.01,90000.66
34,Chatara HP,3200,9,073/74,-70.0,0.0,3200000.0,3200000.0,3199930.0,0.0
34,Chatara HP,3200,11,075/76,0.0,1630483.0,3200000.0,4830483.0,4830116.0,367.0
34,Chatara HP,3200,10,074/75,0.0,0.0,3200000.0,3200000.0,3200000.0,0.0
34,Chatara HP,3200,12,076/77,367.0,1076521.0,3200000.0,4276521.0,4278806.0,-1918.0
34,Chatara HP,3200,8,072/73,1937.29,0.0,3200000.04,3200000.04,3279350.0,-77412.67
34,Chatara HP,3200,7,071/72,75753.84,124.44,3200000.04,3200124.48,3273941.0,1937.32
34,Chatara HP,3200,5,069/70,100876.53,860801.4,3200000.04,4060801.44,4119405.0,42272.97
34,Chatara HP,3200,6,070/71,42272.88,1224705.0,3200000.04,4424705.04,4391224.0,75753.92
34,Chatara HP,3200,3,068/69,0.0,1582484.52,3200000.04,4782484.5600000005,4681608.0,100876.56
171,Chepe A HEP,7000,18,081/82,700000.0,2692311.06,700000.0,3392311.06,3123443.49,968867.57
171,Chepe A HEP,7000,19,082/83,0.0,3538167.56,0.0,3538167.56,4366307.36,-828139.8
171,Chepe A HEP,7000,17,080/81,0.0,0.0,700000.0,700000.0,0.0,700000.0
138,Chepe Khola,8630,19,082/83,0.0,4791306.83,0.0,4791306.83,5193242.85,-401936.02
138,Chepe Khola,8630,18,081/82,396110.5,5434585.36,863000.0,6297585.36,6191027.89,502667.97
138,Chepe Khola,8630,16,079/80,0.0,3263603.96,0.0,3263603.96,3233982.66,29621.3
138,Chepe Khola,8630,17,080/81,29621.3,5409366.61,863000.0,6272366.61,5905877.41,396110.5
49,Chhandi Khola,2000,19,082/83,0.0,1242545.77,0.0,1242545.77,1387192.87,-144647.1
49,Chhandi Khola,2000,15,078/79,394224.85,919096.33,200000.0,1119096.33,1371751.22,141569.96
49,Chhandi Khola,2000,18,081/82,342484.18,962298.17,200000.0,1162298.17,1254168.15,250614.2
49,Chhandi Khola,2000,17,080/81,428544.81,1132037.67,200000.0,1332037.67,1418098.3,342484.18
49,Chhandi Khola,2000,16,079/80,141569.96,1033033.54,200000.0,1233033.54,946058.69,428544.81
49,Chhandi Khola,2000,14,077/78,421937.0,977196.22,200000.0,1177196.22,1204908.37,394224.85
49,Chhandi Khola,2000,12,076/77,406294.0,1130716.18,200000.0,1330716.18,1315073.0,421937.18
49,Chhandi Khola,2000,10,074/75,398324.0,1023815.66,200000.0,1223815.6600000001,888954.0,733185.66
49,Chhandi Khola,2000,9,073/74,0.0,989132.06,0.0,989132.06,879801.0,109331.06
49,Chhandi Khola,2000,11,075/76,733186.0,1021423.32,200000.0,1221423.3199999998,1548315.0,406294.32
49,Chhandi Khola,2000,8,072/73,0.0,88993.46,200000.04,288993.5,200000.0,88993.5
1,Chilime Plant,22100,19,082/83,0.0,91632759.78,0.0,91632759.78,117985298.84,-26352539.06
1,Chilime Plant,22100,17,080/81,19976394.52,112513525.65,22100000.0,134613525.65,142189759.41,12400160.76
1,Chilime Plant,22100,18,081/82,12400160.76,114146452.9,22100000.0,136246452.9,137223377.92,11423235.74
1,Chilime Plant,22100,15,078/79,7283710.4,117726708.61,22100000.0,139826708.61,147104859.61,5559.4
1,Chilime Plant,22100,12,076/77,20006402.0,114978806.92,22100000.0,137078806.92000002,149803960.92,7281248.0
1,Chilime Plant,22100,16,079/80,5559.4,113003585.94,22100000.0,135103585.94,115132750.82,19976394.52
1,Chilime Plant,22100,11,075/76,7377257.0,23472431.18,22100000.0,45572431.18,104955156.0,-52005467.82
1,Chilime Plant,22100,14,077/78,7281248.0,111655831.48,22100000.0,133755831.48,133753369.08,7283710.4
1,Chilime Plant,22100,10,074/75,2515139.0,27617829.0,2210000.0,29827829.0,24965711.0,7377257.0
1,Chilime Plant,22100,9,073/74,62274.0,23870285.54,0.0,23870285.54,26041263.91,-2108704.37
1,Chilime Plant,22100,8,072/73,2365056.73,23293703.28,2210000.04,25503703.32,25392642.52,2476117.53
1,Chilime Plant,22100,6,070/71,2089539.85,19688223.24,2210000.04,21898223.279999997,19597216.0,4390547.13
1,Chilime Plant,22100,7,071/72,4390547.09,20350457.64,2210000.04,22560457.68,24585948.0,2365056.77
1,Chilime Plant,22100,5,069/70,2077353.0,19197153.14,2210000.04,21407153.18,21394966.29,2089539.89
1,Chilime Plant,22100,3,068/69,1856681.35,17843075.98,2210000.04,20053076.02,20068612.45,1841144.92
1,Chilime Plant,22100,1,066/67,5779463.47,17636115.86,2210000.04,19846115.9,23774086.0,1851493.37
1,Chilime Plant,22100,2,067/68,1691905.26,17580294.92,2210000.04,19790294.96,19696688.91,1785511.31
201,Daram Khola HEP,9600,19,082/83,0.0,1849649.9,0.0,1849649.9,1492536.01,357113.89
66,Daram Khola-A,2500,19,082/83,0.0,1085788.88,0.0,1085788.88,1355247.16,-269458.28
66,Daram Khola-A,2500,17,080/81,286385.19,1202863.96,250000.0,1452863.96,1471374.88,267874.27
66,Daram Khola-A,2500,14,077/78,2371245.0,1157416.83,250000.0,1407416.83,2371245.0,1407416.83
66,Daram Khola-A,2500,18,081/82,267874.27,1113330.25,250000.0,1363330.25,1361746.24,269458.28
66,Daram Khola-A,2500,15,078/79,1407416.83,1323045.74,250000.0,1573045.74,2959521.91,20940.66
66,Daram Khola-A,2500,16,079/80,20940.66,1072188.11,250000.0,1322188.11,1056743.58,286385.19
66,Daram Khola-A,2500,12,076/77,2725585.0,968467.65,250000.0,1218467.65,1572808.0,2371244.65
66,Daram Khola-A,2500,10,074/75,461364.0,861443.96,250000.0,1111443.96,0.0,1572807.96
66,Daram Khola-A,2500,9,073/74,0.0,820474.68,0.0,820474.68,609109.8,211364.88
66,Daram Khola-A,2500,11,075/76,1572808.0,902777.42,250000.0,1152777.42,0.0,2725585.42
77,Daraundi A,6000,19,082/83,0.0,3353128.73,0.0,3353128.73,4612574.74,-1259446.01
77,Daraundi A,6000,18,081/82,202838.79,3847315.63,600000.0,4447315.63,4405247.27,244907.15
77,Daraundi A,6000,16,079/80,291267.37,3857284.61,600000.0,4457284.609999999,4389854.23,358697.75
77,Daraundi A,6000,14,077/78,961600.0,3754886.04,600000.0,4354886.04,5119691.08,196794.96
77,Daraundi A,6000,15,078/79,196794.96,3974426.06,600000.0,4574426.0600000005,4479953.65,291267.37
77,Daraundi A,6000,17,080/81,358697.75,3862428.16,600000.0,4462428.16,4618287.12,202838.79
77,Daraundi A,6000,12,076/77,901989.0,3613025.66,600000.0,4213025.66,4153414.95,961599.71
77,Daraundi A,6000,11,075/76,3739753.0,3512326.65,600000.0,4112326.65,6950091.0,901988.65
77,Daraundi A,6000,10,074/75,2018457.0,3139722.54,600000.0,3739722.54,2018426.82,3739752.72
77,Daraundi A,6000,9,073/74,0.0,1418457.0,600000.0,2018457.0,0.0,2018457.0
28,Devighat  HP,14100,19,082/83,0.0,32508776.56,0.0,32508776.56,46608776.56,-14100000.0
28,Devighat  HP,14100,17,080/81,387948.13,46874447.28,14100000.0,60974447.28,47437527.88,13924867.53
28,Devighat  HP,14100,16,079/80,4160220.63,48002708.19,14100000.0,62102708.19,65874980.69,387948.13
28,Devighat  HP,14100,18,081/82,13924867.53,38637284.07,14100000.0,52737284.07,55351948.56,11310203.04
28,Devighat  HP,14100,15,078/79,-491386.79,53115704.6,14100000.0,67215704.6,62564097.18,4160220.63
28,Devighat  HP,14100,14,077/78,-95891.0,46351569.0,14100000.0,60451569.0,60847064.79,-491386.79
28,Devighat  HP,14100,11,075/76,49821.0,46762449.0,14100000.0,60862449.0,60901744.0,10526.0
28,Devighat  HP,14100,12,076/77,10526.0,50143532.0,14100000.0,64243532.0,64349949.0,-95891.0
28,Devighat  HP,14100,10,074/75,-310415.0,46569675.0,14100000.0,60669675.0,60309439.0,49821.0
28,Devighat  HP,14100,8,072/73,1429305.68,50849666.64,14000000.04,64849666.68,72560163.0,-6281190.64
28,Devighat  HP,14100,7,071/72,3241893.3,52755831.36,14000000.04,66755831.4,68568419.0,1429305.7
28,Devighat  HP,14100,9,073/74,-1889584.0,52700714.0,14100000.0,66800714.0,65221545.0,-310415.0
28,Devighat  HP,14100,6,070/71,2807961.55,51412057.8,14000000.04,65412057.839999996,64978126.0,3241893.39
28,Devighat  HP,14100,3,068/69,95415598.0,56654120.52,14000000.04,70654120.56,156375858.0,9693860.56
28,Devighat  HP,14100,1,066/67,57837424.76,51706399.56,14000000.04,65706399.6,30394788.31,93149036.05
28,Devighat  HP,14100,2,067/68,93149036.03,39778821.12,14000000.04,53778821.16,17772504.33,129155352.86
28,Devighat  HP,14100,5,069/70,9693860.53,54185056.08,14000000.04,68185056.12,75070955.0,2807961.65
142,Dordi 1,12000,19,082/83,0.0,4947213.95,0.0,4947213.95,5737917.54,-790703.59
142,Dordi 1,12000,16,079/80,0.0,3019231.37,1200000.0,4219231.37,3517479.14,701752.23
142,Dordi 1,12000,17,080/81,701752.23,4517129.5,1200000.0,5717129.5,4738300.0,1680581.73
142,Dordi 1,12000,18,081/82,1680581.73,5429065.13,1200000.0,6629065.13,6674070.81,1635576.05
134,Dordi Khola,27000,17,080/81,4121886.95,9059719.81,2700000.0,11759719.81,12237189.24,3644417.52
134,Dordi Khola,27000,18,081/82,3644417.52,12774227.49,2700000.0,15474227.49,12672779.7,6445865.31
134,Dordi Khola,27000,19,082/83,0.0,10665909.23,0.0,10665909.23,17111774.54,-6445865.31
134,Dordi Khola,27000,16,079/80,0.0,6453590.3,2700000.0,9153590.3,5031703.35,4121886.95
156,Down Piluwa,10300,18,081/82,1197870.79,4580965.2,1030000.0,5610965.2,5530431.01,1278404.98
156,Down Piluwa,10300,19,082/83,0.0,3560624.6,0.0,3560624.6,6147303.74,-2586679.14
156,Down Piluwa,10300,17,080/81,0.0,3133807.37,1030000.0,4163807.37,2965936.58,1197870.79
172,Dudhkunda Khola HEP,12000,18,081/82,0.0,5396849.74,1200000.0,6596849.74,5075144.98,1521704.76
172,Dudhkunda Khola HEP,12000,19,082/83,0.0,6012682.74,0.0,6012682.74,7577402.68,-1564719.94
69,Dwari Khola SHP,3750,18,081/82,385137.78,1033751.69,375000.0,1408751.69,1160648.87,633240.6
69,Dwari Khola SHP,3750,19,082/83,0.0,1216116.79,0.0,1216116.79,1940656.64,-724539.85
69,Dwari Khola SHP,3750,17,080/81,438103.74,917429.3,375000.0,1292429.3,1345395.26,385137.78
69,Dwari Khola SHP,3750,15,078/79,1138410.49,871566.02,375000.0,1246566.02,2384573.05,403.46
69,Dwari Khola SHP,3750,14,077/78,2119246.0,763410.49,375000.0,1138410.49,2119246.0,1138410.49
69,Dwari Khola SHP,3750,16,079/80,403.46,650275.91,375000.0,1025275.91,587575.63,438103.74
69,Dwari Khola SHP,3750,12,076/77,1175093.0,1225762.56,375000.0,1600762.56,656610.41,2119245.15
69,Dwari Khola SHP,3750,11,075/76,741005.0,865128.88,375000.0,1240128.88,806041.0,1175092.88
69,Dwari Khola SHP,3750,9,073/74,0.0,25545.94,375000.0,400545.94,0.0,400545.94
69,Dwari Khola SHP,3750,10,074/75,400546.0,366004.92,375000.0,741004.9199999999,400546.0,741004.92
29,Fewa (Pokhara)  HP,1088,19,082/83,0.0,770795.16,0.0,770795.16,1858795.16,-1088000.0
29,Fewa (Pokhara)  HP,1088,18,081/82,156982.24,465330.33,1088000.0,1553330.33,1586425.52,123887.05
29,Fewa (Pokhara)  HP,1088,17,080/81,-14361.72,593314.7,1088000.0,1681314.7,1509970.74,156982.24
29,Fewa (Pokhara)  HP,1088,16,079/80,102235.19,762896.56,1088000.0,1850896.56,1967493.47,-14361.72
29,Fewa (Pokhara)  HP,1088,14,077/78,-2371.0,1004439.73,1088000.0,2092439.73,2100713.98,-10645.25
29,Fewa (Pokhara)  HP,1088,15,078/79,-10645.25,1004025.67,1088000.0,2092025.67,1979145.23,102235.19
29,Fewa (Pokhara)  HP,1088,12,076/77,204.0,1213205.0,1088000.0,2301205.0,2303780.0,-2371.0
29,Fewa (Pokhara)  HP,1088,10,074/75,-4573.0,1024108.0,1088000.0,2112108.0,2106437.0,1098.0
29,Fewa (Pokhara)  HP,1088,8,072/73,33393.0,888457.2,1088000.04,1976457.24,2456191.0,-446340.76
29,Fewa (Pokhara)  HP,1088,11,075/76,1098.0,904817.0,1088000.0,1992817.0,1993711.0,204.0
29,Fewa (Pokhara)  HP,1088,9,073/74,-33320.0,781902.0,1088000.0,1869902.0,1841155.0,-4573.0
29,Fewa (Pokhara)  HP,1088,7,071/72,69448.25,1238873.76,1088000.04,2326873.8,2362929.0,33393.05
29,Fewa (Pokhara)  HP,1088,3,068/69,3270309.0,999438.0,1088000.04,2087438.04,5085568.0,272179.04
29,Fewa (Pokhara)  HP,1088,2,067/68,1742090.46,1021424.16,1088000.04,2109424.2,1217300.22,2634214.44
29,Fewa (Pokhara)  HP,1088,6,070/71,61173.33,1100339.88,1088000.04,2188339.92,2180065.0,69448.25
29,Fewa (Pokhara)  HP,1088,5,069/70,272179.01,1119491.28,1088000.04,2207491.3200000003,2418497.0,61173.33
29,Fewa (Pokhara)  HP,1088,1,066/67,2256029.82,760169.88,1088000.04,1848169.92,2362109.26,1742090.48
25,Gandak  HP,15000,18,081/82,3469896.14,6707691.29,15000000.0,21707691.29,22301447.48,2876139.95
25,Gandak  HP,15000,17,080/81,395838.38,10644575.34,15000000.0,25644575.34,22570517.58,3469896.14
25,Gandak  HP,15000,14,077/78,-10700.0,5953375.72,15000000.0,20953375.72,21005806.4,-63130.68
25,Gandak  HP,15000,15,078/79,-63130.68,7891063.87,15000000.0,22891063.87,22065601.05,762332.14
25,Gandak  HP,15000,19,082/83,0.0,8110163.46,0.0,8110163.46,23110163.46,-15000000.0
25,Gandak  HP,15000,16,079/80,762332.14,7730862.95,15000000.0,22730862.95,23097356.71,395838.38
25,Gandak  HP,15000,12,076/77,1683.0,5834993.0,15000000.0,20834993.0,20847376.0,-10700.0
25,Gandak  HP,15000,11,075/76,9672.0,7477258.0,15000000.0,22477258.0,22485247.0,1683.0
25,Gandak  HP,15000,8,072/73,29547.98,8426994.72,15000000.0,23426994.72,16210604.0,7245938.7
25,Gandak  HP,15000,9,073/74,-305655.0,11356391.0,15000000.0,26356391.0,26118247.0,-67511.0
25,Gandak  HP,15000,10,074/75,-67511.0,9048333.0,15000000.0,24048333.0,23971150.0,9672.0
25,Gandak  HP,15000,7,071/72,304165.59,853465.44,15000000.0,15853465.44,16128083.0,29548.03
25,Gandak  HP,15000,6,070/71,548020.41,4539098.16,15000000.0,19539098.16,19782953.0,304165.57
25,Gandak  HP,15000,5,069/70,2477451.79,9989586.6,15000000.0,24989586.6,26919018.0,548020.39
25,Gandak  HP,15000,3,068/69,32052907.0,6811411.8,15000000.0,21811411.8,51386867.0,2477451.8
25,Gandak  HP,15000,2,067/68,15850639.36,5882947.68,15000000.0,20882947.68,16267295.2,20466291.84
25,Gandak  HP,15000,1,066/67,25753121.58,7663362.36,15000000.0,22663362.36,32565844.62,15850639.32
174,Gelun Khola HPP,3200,19,082/83,0.0,558941.5,0.0,558941.5,553369.41,5572.09
174,Gelun Khola HPP,3200,17,080/81,0.0,29074.49,320000.0,349074.49,0.0,349074.49
174,Gelun Khola HPP,3200,18,081/82,349074.49,84547.69,320000.0,404547.69,462696.18,290926.0
104,Ghalemdi Khola,5000,19,082/83,0.0,2430097.1,0.0,2430097.1,2783310.79,-353213.69
104,Ghalemdi Khola,5000,18,081/82,792053.81,2409589.55,500000.0,2909589.55,2907569.2,794074.16
104,Ghalemdi Khola,5000,14,077/78,905040.0,1207527.44,500000.0,1707527.44,905040.0,1707527.44
104,Ghalemdi Khola,5000,17,080/81,1490190.08,1950959.65,500000.0,2450959.65,3149095.92,792053.81
104,Ghalemdi Khola,5000,15,078/79,1707527.44,1983668.47,500000.0,2483668.4699999997,3404414.53,786781.38
104,Ghalemdi Khola,5000,16,079/80,786781.38,1852551.22,500000.0,2352551.2199999997,1649142.52,1490190.08
104,Ghalemdi Khola,5000,12,076/77,0.0,405040.1,500000.0,905040.1,0.0,905040.1
154,Ghar Khola,14000,19,082/83,0.0,5139074.98,0.0,5139074.98,7583522.97,-2444447.99
154,Ghar Khola,14000,17,080/81,0.0,2654278.92,2800000.0,5454278.92,3855726.2,1598552.72
154,Ghar Khola,14000,18,081/82,1598552.72,4004200.08,1400000.0,5404200.08,6818185.74,184567.06
108,Ghatte Khola,5000,19,082/83,0.0,2556608.16,0.0,2556608.16,3024685.47,-468077.31
108,Ghatte Khola,5000,18,081/82,503836.6,2304811.2,500000.0,2804811.2,2585284.4,723363.4
108,Ghatte Khola,5000,17,080/81,723246.53,2137802.74,500000.0,2637802.74,2857212.67,503836.6
108,Ghatte Khola,5000,14,077/78,0.0,700946.4,500000.0,1200946.4,0.0,1200946.4
108,Ghatte Khola,5000,16,079/80,1041.56,2045317.78,500000.0,2545317.7800000003,1823112.81,723246.53
108,Ghatte Khola,5000,15,078/79,1200946.4,1788702.17,500000.0,2288702.17,3488607.01,1041.56
68,Hewa Khola A,14900,19,082/83,0.0,6809925.84,0.0,6809925.84,8853362.15,-2043436.31
68,Hewa Khola A,14900,16,079/80,2012658.25,6906532.76,1490000.0,8396532.76,8442714.8,1966476.21
68,Hewa Khola A,14900,17,080/81,1966476.21,0.0,1490000.0,1490000.0,1959393.78,1497082.43
68,Hewa Khola A,14900,18,081/82,1497082.43,1052052.39,1490000.0,2542052.3899999997,1995698.51,2043436.31
68,Hewa Khola A,14900,15,078/79,3808792.79,7407110.98,1490000.0,8897110.98,10693245.52,2012658.25
68,Hewa Khola A,14900,14,077/78,-13887.0,6125921.79,1490000.0,7615921.79,3793242.0,3808792.79
68,Hewa Khola A,14900,12,076/77,6114648.0,7821565.04,1490000.0,9311565.04,15440100.12,-13887.08
68,Hewa Khola A,14900,9,073/74,0.0,1369922.88,0.0,1369922.88,1500000.0,-130077.12
68,Hewa Khola A,14900,11,075/76,2870612.0,4731591.4,1490000.0,6221591.4,2977555.0,6114648.4
68,Hewa Khola A,14900,10,074/75,1359923.0,5119161.46,1490000.0,6609161.46,5008672.0,2960412.46
36,Hewa Khola HP,4500,19,082/83,0.0,1911713.65,0.0,1911713.65,2504437.64,-592723.99
36,Hewa Khola HP,4500,17,080/81,621578.72,0.0,450000.0,450000.0,630799.46,440779.26
36,Hewa Khola HP,4500,16,079/80,167798.54,1813428.33,450000.0,2263428.33,1809648.15,621578.72
36,Hewa Khola HP,4500,18,081/82,440779.26,1745283.65,450000.0,2195283.65,2043338.92,592723.99
36,Hewa Khola HP,4500,14,077/78,2174888.0,1162097.67,450000.0,1612097.67,2174888.0,1612097.67
36,Hewa Khola HP,4500,15,078/79,1612097.67,1669326.59,450000.0,2119326.59,3563625.72,167798.54
36,Hewa Khola HP,4500,12,076/77,3271661.0,1955018.54,450000.0,2405018.54,3501791.9,2174887.64
36,Hewa Khola HP,4500,10,074/75,1283893.0,1482536.0,450000.0,1932536.0,0.0,3216429.0
36,Hewa Khola HP,4500,11,075/76,3216429.0,1605232.15,450000.0,2055232.15,2000000.0,3271661.15
36,Hewa Khola HP,4500,9,073/74,422151.0,1283892.53,0.0,1283892.53,2902036.0,-1195992.47
36,Hewa Khola HP,4500,8,072/73,1981640.3,20395.98,450000.0,470395.98,0.0,2452036.28
36,Hewa Khola HP,4500,7,071/72,3932706.06,1746438.24,450000.0,2196438.24,4147504.0,1981640.3
36,Hewa Khola HP,4500,6,070/71,1912109.74,1570596.32,450000.0,2020596.32,0.0,3932706.06
36,Hewa Khola HP,4500,5,069/70,1197691.18,1648454.56,450000.0,2098454.56,1384036.0,1912109.74
36,Hewa Khola HP,4500,3,068/69,0.0,1197691.18,450000.0,1647691.18,450000.0,1197691.18
17,Ilam Puwa Khola HP,6200,18,081/82,4892416.76,16352866.51,6200000.0,22552866.509999998,23572057.22,3873226.05
17,Ilam Puwa Khola HP,6200,19,082/83,0.0,20905765.62,0.0,20905765.62,27105765.62,-6200000.0
17,Ilam Puwa Khola HP,6200,17,080/81,-384245.93,18271560.88,6200000.0,24471560.88,19194898.19,4892416.76
17,Ilam Puwa Khola HP,6200,12,076/77,4270.0,18903329.0,6200000.0,25103329.0,25143447.0,-35848.0
17,Ilam Puwa Khola HP,6200,16,079/80,2444624.13,17801453.52,6200000.0,24001453.52,26830323.58,-384245.93
17,Ilam Puwa Khola HP,6200,14,077/78,-35848.0,18703949.48,6200000.0,24903949.48,25066417.86,-198316.38
17,Ilam Puwa Khola HP,6200,15,078/79,-198316.38,20346869.34,6200000.0,26546869.34,23903928.83,2444624.13
17,Ilam Puwa Khola HP,6200,11,075/76,20701.0,18971263.0,6200000.0,25171263.0,25187694.0,4270.0
17,Ilam Puwa Khola HP,6200,9,073/74,-667785.0,19677934.0,6200000.0,25877934.0,25326286.0,-116137.0
17,Ilam Puwa Khola HP,6200,10,074/75,-116137.0,19337174.0,6200000.0,25537174.0,25400336.0,20701.0
17,Ilam Puwa Khola HP,6200,8,072/73,192936.49,18282618.96,6200000.04,24482619.0,10059231.0,14616324.49
17,Ilam Puwa Khola HP,6200,5,069/70,1035967.5,3288426.24,620000.04,3908426.2800000003,4754303.0,190090.78
17,Ilam Puwa Khola HP,6200,7,071/72,202649.02,7356194.46,2154500.01,9510694.469999999,9520407.0,192936.49
17,Ilam Puwa Khola HP,6200,6,070/71,190090.8,3199160.28,620000.04,3819160.32,3806602.0,202649.12
17,Ilam Puwa Khola HP,6200,2,067/68,5594182.61,3401151.24,620000.04,4021151.2800000003,1141554.0,8473779.89
17,Ilam Puwa Khola HP,6200,3,068/69,13191340.0,3060100.56,620000.04,3680100.6,15835473.0,1035967.6
10,Indrawati 3,7500,19,082/83,0.0,13583396.28,0.0,13583396.28,19156350.43,-5572954.15
17,Ilam Puwa Khola HP,6200,1,066/67,4035634.88,3239096.88,620000.04,3859096.92,2300549.11,5594182.69
10,Indrawati 3,7500,18,081/82,8778495.77,16309538.19,7500000.0,23809538.189999998,21178219.75,11409814.21
10,Indrawati 3,7500,17,080/81,17550799.09,19138554.28,7500000.0,26638554.28,35410857.6,8778495.77
10,Indrawati 3,7500,16,079/80,7499969.83,19473179.47,7500000.0,26973179.47,16922350.21,17550799.09
10,Indrawati 3,7500,12,076/77,24432283.0,21411855.7,7500000.0,28911855.7,20500000.0,32844138.7
10,Indrawati 3,7500,14,077/78,32844139.0,18331635.83,7500000.0,25831635.83,32844139.0,25831635.83
10,Indrawati 3,7500,15,078/79,25831635.83,15395643.5,7500000.0,22895643.5,41227309.5,7499969.83
10,Indrawati 3,7500,11,075/76,20165357.0,20466926.6,7500000.0,27966926.6,23700000.0,24432283.6
10,Indrawati 3,7500,10,074/75,4341203.0,12665357.15,7500000.0,20165357.15,4341203.0,20165357.15
10,Indrawati 3,7500,9,073/74,2476117.0,3591210.42,0.0,3591210.42,6510159.2,-442831.78
10,Indrawati 3,7500,7,071/72,19549582.84,3930206.54,750000.0,4680206.54,0.0,24229789.38
10,Indrawati 3,7500,8,072/73,24229789.38,3419952.82,750000.0,4169952.82,6781073.34,21618668.86
10,Indrawati 3,7500,6,070/71,15108509.46,3691073.38,750000.0,4441073.38,0.0,19549582.84
10,Indrawati 3,7500,5,069/70,10494341.0,3864168.46,750000.0,4614168.46,0.0,15108509.46
10,Indrawati 3,7500,2,067/68,19207255.76,3848022.5,750000.0,4598022.5,12500000.0,11305278.26
10,Indrawati 3,7500,1,066/67,14817540.0,3639715.76,750000.0,4389715.76,0.0,19207255.76
10,Indrawati 3,7500,3,068/69,11096972.0,3647369.0,750000.0,4397369.0,5000000.0,10494341.0
98,Iwa Khola,9900,18,081/82,1279224.53,4257590.06,990000.0,5247590.06,6128599.48,398215.11
98,Iwa Khola,9900,19,082/83,0.0,4215645.9,0.0,4215645.9,6111498.88,-1895852.98
98,Iwa Khola,9900,16,079/80,1545807.97,3644348.29,990000.0,4634348.29,5462396.83,717759.43
98,Iwa Khola,9900,17,080/81,717759.43,249067.1,990000.0,1239067.1,677602.0,1279224.53
98,Iwa Khola,9900,15,078/79,5655805.57,5555298.77,990000.0,6545298.77,10655296.37,1545807.97
98,Iwa Khola,9900,14,077/78,3805685.0,4665805.57,990000.0,5655805.57,3805685.0,5655805.57
98,Iwa Khola,9900,12,076/77,0.0,2815684.95,990000.0,3805684.95,0.0,3805684.95
33,Jhimruk,12000,19,082/83,0.0,40711694.81,0.0,40711694.81,49858307.05,-9146612.24
33,Jhimruk,12000,17,080/81,4535485.5,38092666.15,12000000.0,50092666.15,51040909.27,3587242.38
33,Jhimruk,12000,18,081/82,3587242.38,37078719.26,12000000.0,49078719.26,51062337.13,1603624.51
33,Jhimruk,12000,14,077/78,3147733.0,36728868.83,12000000.0,48728868.83,49032924.0,2843677.83
33,Jhimruk,12000,15,078/79,2843677.83,42892388.23,12000000.0,54892388.23,55088815.02,2647251.04
33,Jhimruk,12000,12,076/77,16172511.0,36824923.0,12000000.0,48824923.0,61849701.0,3147733.0
33,Jhimruk,12000,16,079/80,2647251.04,40628545.7,12000000.0,52628545.7,50740311.24,4535485.5
33,Jhimruk,12000,11,075/76,11479493.0,36697980.6,12000000.0,48697980.6,44025738.0,16151735.6
33,Jhimruk,12000,9,073/74,177862426.0,37215588.3,0.0,37215588.3,42155081.0,172922933.3
33,Jhimruk,12000,6,070/71,-4.53,30540208.2,12000000.0,42540208.2,13889627.0,28650576.67
33,Jhimruk,12000,10,074/75,7060499.0,34574076.2,12000000.0,46574076.2,42155081.0,11479494.2
33,Jhimruk,12000,7,071/72,28650576.67,36951233.3,12000000.0,48951233.3,64291081.0,13310728.97
33,Jhimruk,12000,8,072/73,13310728.97,35799391.62,12000000.0,47799391.62,77990246.0,-16880125.41
33,Jhimruk,12000,5,069/70,-577535.65,38633683.12,12000000.0,50633683.12,50056152.0,-4.53
33,Jhimruk,12000,3,068/69,-287826.0,34054474.37,12000000.0,46054474.37,46344184.0,-577535.63
33,Jhimruk,12000,1,066/67,0.0,28003797.21,12000000.0,40003797.21,39103803.0,899994.74
33,Jhimruk,12000,2,067/68,899999.74,33156534.01,12000000.0,45156534.010000005,45444359.0,612174.75
81,Jhyari Khola,2000,16,079/80,974896.0,0.0,200000.0,200000.0,0.0,1174896.0
81,Jhyari Khola,2000,14,077/78,574896.0,0.0,200000.0,200000.0,0.0,774896.0
81,Jhyari Khola,2000,17,080/81,1174896.0,0.0,200000.0,200000.0,0.0,1374896.0
81,Jhyari Khola,2000,15,078/79,774896.0,0.0,200000.0,200000.0,0.0,974896.0
81,Jhyari Khola,2000,18,081/82,1374896.0,0.0,200000.0,200000.0,0.0,1574896.0
81,Jhyari Khola,2000,12,076/77,624896.0,0.0,200000.0,200000.0,250000.0,574896.0
81,Jhyari Khola,2000,11,075/76,641606.0,302975.95,200000.0,502975.95,519686.0,624895.95
81,Jhyari Khola,2000,10,074/75,320803.0,120802.96,200000.0,320802.96,0.0,641605.96
81,Jhyari Khola,2000,9,073/74,0.0,120802.96,200000.0,320802.96,0.0,320802.96
54,Jiri Khola SHP,2400,18,081/82,244324.51,1059547.21,240000.0,1299547.21,1281007.72,262864.0
54,Jiri Khola SHP,2400,19,082/83,0.0,863559.36,0.0,863559.36,988728.5,-125169.14
54,Jiri Khola SHP,2400,17,080/81,505632.25,999761.55,240000.0,1239761.55,1501069.29,244324.51
54,Jiri Khola SHP,2400,16,079/80,538257.33,939493.5,240000.0,1179493.5,1212118.58,505632.25
54,Jiri Khola SHP,2400,15,078/79,1168249.45,781053.51,240000.0,1021053.51,1651045.63,538257.33
54,Jiri Khola SHP,2400,14,077/78,1442054.0,928249.45,240000.0,1168249.45,1442054.0,1168249.45
54,Jiri Khola SHP,2400,12,076/77,3803593.0,862956.21,240000.0,1102956.21,3464495.2,1442054.01
54,Jiri Khola SHP,2400,11,075/76,3349436.0,214156.42,240000.0,454156.42000000004,0.0,3803592.42
54,Jiri Khola SHP,2400,9,073/74,844248.0,890535.38,0.0,890535.38,0.0,1734783.38
54,Jiri Khola SHP,2400,10,074/75,2358322.0,751113.64,240000.0,991113.64,0.0,3349435.64
54,Jiri Khola SHP,2400,7,071/72,0.0,131322.3,240000.0,371322.3,0.0,371322.3
54,Jiri Khola SHP,2400,8,072/73,371322.3,616464.72,240000.0,856464.72,0.0,1227787.02
188,Jogmai Cascade HPP,5200,19,082/83,0.0,971076.88,0.0,971076.88,2011076.88,-1040000.0
188,Jogmai Cascade HPP,5200,18,081/82,0.0,0.0,520000.0,520000.0,0.0,520000.0
76,Jogmai Khola,7600,19,082/83,0.0,1429227.36,0.0,1429227.36,3078517.02,-1649289.66
76,Jogmai Khola,7600,17,080/81,350669.92,4040862.66,760000.0,4800862.66,4865435.03,286097.55
76,Jogmai Khola,7600,15,078/79,-14291.96,4856566.23,760000.0,5616566.23,5202766.19,399508.08
76,Jogmai Khola,7600,14,077/78,45.0,3688501.04,760000.0,4448501.04,4462838.0,-14291.96
76,Jogmai Khola,7600,16,079/80,399508.08,4146325.28,760000.0,4906325.279999999,4955163.44,350669.92
76,Jogmai Khola,7600,18,081/82,286097.55,3773067.47,760000.0,4533067.470000001,4458259.23,360905.79
76,Jogmai Khola,7600,11,075/76,4449376.0,3676461.73,760000.0,4436461.73,3512938.0,5372899.73
76,Jogmai Khola,7600,12,076/77,5372900.0,3843440.95,760000.0,4603440.95,9976296.35,44.6
76,Jogmai Khola,7600,10,074/75,862156.0,3689375.8,760000.0,4449375.8,862156.37,4449375.43
76,Jogmai Khola,7600,9,073/74,0.0,102156.0,760000.0,862156.0,0.0,862156.0
102,Kabeli B - 1,25000,19,082/83,0.0,12727077.92,0.0,12727077.92,12199923.17,527154.75
102,Kabeli B - 1,25000,18,081/82,4015907.34,10984760.85,2500000.0,13484760.85,16109780.98,1390887.21
102,Kabeli B - 1,25000,14,077/78,9210882.0,13833706.81,2500000.0,16333706.81,9210882.0,16333706.81
102,Kabeli B - 1,25000,17,080/81,1883157.43,4100351.12,2500000.0,6600351.12,4467601.21,4015907.34
102,Kabeli B - 1,25000,15,078/79,16333706.81,16585731.87,2500000.0,19085731.869999997,33253405.29,2166033.39
102,Kabeli B - 1,25000,16,079/80,2166033.39,12475840.29,2500000.0,14975840.29,15258716.25,1883157.43
102,Kabeli B - 1,25000,12,076/77,0.0,6710881.77,2500000.0,9210881.77,0.0,9210881.77
123,Kabeli B-1 Cascade,9940,18,081/82,393316.63,3645089.49,994000.0,4639089.49,4714467.86,317938.26
123,Kabeli B-1 Cascade,9940,19,082/83,0.0,3955891.04,0.0,3955891.04,5980937.43,-2025046.39
123,Kabeli B-1 Cascade,9940,17,080/81,1638176.56,903840.4,994000.0,1897840.4,3142700.33,393316.63
123,Kabeli B-1 Cascade,9940,15,078/79,0.0,986803.58,994000.0,1980803.58,1515244.05,465559.53
123,Kabeli B-1 Cascade,9940,16,079/80,465559.53,4209407.13,994000.0,5203407.13,4030790.1,1638176.56
196,Kabeli-3 Cascade HEP,21930,19,082/83,0.0,8013156.17,0.0,8013156.17,9425868.24,-1412712.07
145,Kalanga,15330,18,081/82,3583881.25,9914657.13,1533000.0,11447657.13,14424207.08,607331.3
145,Kalanga,15330,17,080/81,2563141.38,9596461.27,1533000.0,11129461.27,10108721.4,3583881.25
145,Kalanga,15330,19,082/83,0.0,9818118.17,0.0,9818118.17,11958449.47,-2140331.3
145,Kalanga,15330,16,079/80,0.0,2572825.38,1533000.0,4105825.38,1542684.0,2563141.38
19,Kaligandaki 'A' HP,144000,19,082/83,0.0,468661694.39,0.0,468661694.39,612661694.39,-144000000.0
19,Kaligandaki 'A' HP,144000,18,081/82,121638707.7,412300487.51,144000000.0,556300487.51,581653308.57,96285886.64
19,Kaligandaki 'A' HP,144000,17,080/81,-9620617.05,454513181.07,144000000.0,598513181.0699999,467253856.29,121638707.73
19,Kaligandaki 'A' HP,144000,14,077/78,-893025.0,443619186.73,144000000.0,587619186.73,591429363.56,-4703201.83
19,Kaligandaki 'A' HP,144000,16,079/80,56676692.18,449376850.25,144000000.0,593376850.25,659674159.48,-9620617.05
19,Kaligandaki 'A' HP,144000,15,078/79,-4703201.83,526208832.78,144000000.0,670208832.78,608828938.77,56676692.18
19,Kaligandaki 'A' HP,144000,12,076/77,105766.0,470627810.0,144000000.0,614627810.0,615626601.0,-893025.0
19,Kaligandaki 'A' HP,144000,11,075/76,502248.0,469871938.0,144000000.0,613871938.0,614268420.0,105766.0
19,Kaligandaki 'A' HP,144000,10,074/75,-536698.0,466880430.0,144000000.0,610880430.0,609841484.0,502248.0
19,Kaligandaki 'A' HP,144000,9,073/74,-3026533.0,90877480.0,14400000.0,105277480.0,102787645.0,-536698.0
19,Kaligandaki 'A' HP,144000,7,071/72,5885030.41,100397442.6,14400000.0,114797442.6,117969678.0,2712795.01
19,Kaligandaki 'A' HP,144000,8,072/73,2712795.06,81022057.8,14400000.0,95422057.8,125545922.0,-27411069.14
19,Kaligandaki 'A' HP,144000,5,069/70,25864982.4,91466466.36,14400000.0,105866466.36,126573841.0,5157607.76
19,Kaligandaki 'A' HP,144000,3,068/69,312796363.0,92953213.44,14400000.0,107353213.44,394284594.0,25864982.44
19,Kaligandaki 'A' HP,144000,6,070/71,5157607.81,93268315.56,14400000.0,107668315.56,106940893.0,5885030.37
19,Kaligandaki 'A' HP,144000,2,067/68,138752272.04,83679499.56,14400000.0,98079499.56,26767219.31,210064552.29
19,Kaligandaki 'A' HP,144000,1,066/67,95716411.6,82067968.8,14400000.0,96467968.8,53432108.36,138752272.04
90,Kapadigad HPP,3330,19,082/83,0.0,1342633.11,0.0,1342633.11,1673151.53,-330518.42
90,Kapadigad HPP,3330,18,081/82,322315.94,1408579.41,333000.0,1741579.41,1646621.13,417274.22
90,Kapadigad HPP,3330,17,080/81,470105.6,1411995.1,333000.0,1744995.1,1892784.76,322315.94
90,Kapadigad HPP,3330,16,079/80,458874.32,1910313.08,333000.0,2243313.08,2232081.8,470105.6
90,Kapadigad HPP,3330,15,078/79,2042162.37,2001826.0,333000.0,2334826.0,3918114.05,458874.32
90,Kapadigad HPP,3330,14,077/78,1821378.0,1709162.37,333000.0,2042162.37,1821378.0,2042162.37
90,Kapadigad HPP,3330,12,076/77,333000.0,1155378.28,333000.0,1488378.28,0.0,1821378.28
90,Kapadigad HPP,3330,11,075/76,0.0,0.0,333000.0,333000.0,0.0,333000.0
187,Karuwa Seti HPP,32000,19,082/83,0.0,10326638.97,0.0,10326638.97,14758116.41,-4431477.44
187,Karuwa Seti HPP,32000,18,081/82,0.0,1553099.48,3200000.0,4753099.48,321622.04,4431477.44
63,Khani Khola,2000,17,080/81,218947.81,734340.22,200000.0,934340.22,939405.94,213882.09
63,Khani Khola,2000,19,082/83,0.0,544504.65,0.0,544504.65,844735.96,-300231.31
63,Khani Khola,2000,18,081/82,213882.09,372541.5,200000.0,572541.5,385263.76,401159.83
63,Khani Khola,2000,15,078/79,816406.91,883412.6,200000.0,1083412.6,1699586.32,200233.19
63,Khani Khola,2000,16,079/80,200233.19,834629.52,200000.0,1034629.52,1015914.9,218947.81
63,Khani Khola,2000,14,077/78,784627.0,81779.91,200000.0,281779.91000000003,250000.0,816406.91
63,Khani Khola,2000,12,076/77,584627.0,0.0,200000.0,200000.0,0.0,784627.0
63,Khani Khola,2000,9,073/74,0.0,150786.86,0.0,150786.86,350787.0,-200000.14
63,Khani Khola,2000,11,075/76,259314.0,438815.08,200000.0,638815.0800000001,313502.0,584627.08
63,Khani Khola,2000,10,074/75,82104.0,277210.18,200000.0,477210.18,300000.0,259314.18
9,Khimti I HP,60000,19,082/83,0.0,61167410.0,0.0,61167410.0,56523638.0,4643772.0
9,Khimti I HP,60000,15,078/79,21990201.67,80657250.0,60000000.0,140657250.0,140657250.0,21990201.67
9,Khimti I HP,60000,17,080/81,64579059.67,73784964.0,60000000.0,133784964.0,141204750.0,57159273.67
9,Khimti I HP,60000,14,077/78,234077656.0,67717164.0,60000000.0,127717164.0,339804618.33,21990201.67
9,Khimti I HP,60000,16,079/80,21990201.67,79045462.0,60000000.0,139045462.0,96456604.0,64579059.67
9,Khimti I HP,60000,12,076/77,211950169.0,499363220.2,60000000.0,559363220.2,537235733.0,234077656.2
9,Khimti I HP,60000,18,081/82,57159273.67,77642846.0,60000000.0,137642846.0,147651058.0,47151061.67
9,Khimti I HP,60000,11,075/76,660456016.0,441303719.07,60000000.0,501303719.07,947366375.0,214393360.07
9,Khimti I HP,60000,10,074/75,371481524.0,403359957.81,60000000.0,463359957.81,174209875.0,660631606.81
9,Khimti I HP,60000,9,073/74,15759750.0,425753687.73,0.0,425753687.73,292134507.0,149378930.73
9,Khimti I HP,60000,6,070/71,51688317.56,71696018.02,6000000.0,77696018.02,67336083.0,62048252.58
9,Khimti I HP,60000,8,072/73,193375647.75,378706580.8,60000000.0,438706580.8,454219802.86,177862425.69
9,Khimti I HP,60000,7,071/72,62048258.0,148880119.75,60000000.0,208880119.75,77552730.0,193375647.75
9,Khimti I HP,60000,5,069/70,103269739.32,61375195.4,6000000.0,67375195.4,118956617.18,51688317.54
9,Khimti I HP,60000,3,068/69,40975997.07,56293742.26,6000000.0,62293742.26,0.0,103269739.33
9,Khimti I HP,60000,2,067/68,58869258.5,49896472.0,6000000.0,55896472.0,73789835.23,40975895.27
9,Khimti I HP,60000,1,066/67,71489163.0,48048447.5,6000000.0,54048447.5,66668352.0,58869258.5
14,Khudi HP,4000,18,081/82,5269884.23,8616886.58,4000000.0,12616886.58,9107014.74,8779756.07
14,Khudi HP,4000,19,082/83,0.0,5991028.56,0.0,5991028.56,16520861.58,-10529833.02
14,Khudi HP,4000,14,077/78,111242.0,1330752.64,400000.0,1730752.64,1509624.07,332370.57
14,Khudi HP,4000,16,079/80,5285871.97,8577731.84,4000000.0,12577731.84,9220253.97,8643349.84
14,Khudi HP,4000,15,078/79,332370.57,5467346.79,4000000.0,9467346.79,4513845.39,5285871.97
14,Khudi HP,4000,17,080/81,8643350.0,8763464.05,4000000.0,12763464.05,16136929.82,5269884.23
14,Khudi HP,4000,12,076/77,352912.0,1404654.14,400000.0,1804654.14,2046324.2,111241.94
14,Khudi HP,4000,11,075/76,445049.0,1926909.46,400000.0,2326909.46,2419046.0,352912.46
14,Khudi HP,4000,8,072/73,680615.93,1644135.3,399999.96,2044135.26,2366324.97,358426.22
14,Khudi HP,4000,10,074/75,205637.0,1761036.76,400000.0,2161036.76,1921625.0,445048.76
14,Khudi HP,4000,6,070/71,1203364.25,1925592.2,399999.96,2325592.16,2321822.0,1207134.41
14,Khudi HP,4000,5,069/70,1085990.67,1855722.3,399999.96,2255722.2600000002,2138348.72,1203364.21
14,Khudi HP,4000,7,071/72,1207134.45,2010288.48,399999.96,2410288.44,2936807.0,680615.89
14,Khudi HP,4000,9,073/74,3786527.0,1898236.38,0.0,1898236.38,2451023.65,3233739.73
14,Khudi HP,4000,3,068/69,1168315.24,1749983.88,399999.96,2149983.84,2232308.45,1085990.63
14,Khudi HP,4000,2,067/68,1168315.4,1794010.88,399999.96,2194010.84,2136970.32,1225355.92
14,Khudi HP,4000,1,066/67,642160.0,1572922.28,399999.96,1972922.24,1446769.6,1168315.36
27,Kulekhani-I  HP,60000,19,082/83,0.0,31303066.09,0.0,31303066.09,91303066.09,-60000000.0
27,Kulekhani-I  HP,60000,18,081/82,11194265.36,85540593.7,60000000.0,145540593.7,148647277.82,8087581.24
27,Kulekhani-I  HP,60000,17,080/81,-4889990.45,55695138.5,60000000.0,115695138.5,99610882.69,11194265.36
27,Kulekhani-I  HP,60000,12,076/77,10188.0,81168795.0,60000000.0,141168795.0,141341056.0,-162073.0
27,Kulekhani-I  HP,60000,15,078/79,-1120857.9,92791275.87,60000000.0,152791275.87,142414068.3,9256349.67
27,Kulekhani-I  HP,60000,16,079/80,9256349.67,68510103.05,60000000.0,128510103.05,142656443.17,-4889990.45
27,Kulekhani-I  HP,60000,14,077/78,-162073.0,105671709.18,60000000.0,165671709.18,166630494.08,-1120857.9
27,Kulekhani-I  HP,60000,11,075/76,35560.0,45273817.0,60000000.0,105273817.0,105299189.0,10188.0
27,Kulekhani-I  HP,60000,10,074/75,-231730.0,33249633.0,60000000.0,93249633.0,92982343.0,35560.0
27,Kulekhani-I  HP,60000,8,072/73,1315645.03,38236219.08,60000000.0,98236219.08,113903346.0,-14351481.89
27,Kulekhani-I  HP,60000,9,073/74,-1429572.0,39360964.0,60000000.0,99360964.0,98163122.0,-231730.0
27,Kulekhani-I  HP,60000,5,069/70,14736500.82,49896581.52,60000000.0,109896581.52000001,121791969.0,2841113.34
27,Kulekhani-I  HP,60000,7,071/72,3188815.88,48355862.16,60000000.0,108355862.16,110229033.0,1315645.04
27,Kulekhani-I  HP,60000,6,070/71,2841113.32,50491194.6,60000000.0,110491194.6,110143492.0,3188815.92
27,Kulekhani-I  HP,60000,3,068/69,154037933.0,77136753.84,60000000.0,137136753.84,276438186.0,14736500.84
27,Kulekhani-I  HP,60000,2,067/68,76682197.51,53141737.56,60000000.0,113141737.56,66090291.08,123733643.99
32,Kulekhani-II  HP,32000,19,082/83,0.0,15254701.43,0.0,15254701.43,47254701.43,-32000000.0
27,Kulekhani-I  HP,60000,1,066/67,100249956.38,46695619.65,60000000.0,106695619.65,130263378.48,76682197.55
32,Kulekhani-II  HP,32000,18,081/82,4913379.67,36548731.93,32000000.0,68548731.93,69969953.04,3492158.56
32,Kulekhani-II  HP,32000,17,080/81,-2444717.6,25478968.46,32000000.0,57478968.46,50120871.19,4913379.67
32,Kulekhani-II  HP,32000,16,079/80,4625924.34,32364014.16,32000000.0,64364014.16,71434656.1,-2444717.6
32,Kulekhani-II  HP,32000,11,075/76,18278.0,21885652.0,32000000.0,53885652.0,53899005.0,4925.0
32,Kulekhani-II  HP,32000,15,078/79,-547065.71,44578880.95,32000000.0,76578880.95,71405890.9,4625924.34
32,Kulekhani-II  HP,32000,14,077/78,-81105.0,51578002.56,32000000.0,83578002.56,84043963.27,-547065.71
32,Kulekhani-II  HP,32000,10,074/75,-119739.0,17091429.0,32000000.0,49091429.0,48953412.0,18278.0
32,Kulekhani-II  HP,32000,12,076/77,4925.0,40537271.0,32000000.0,72537271.0,72623301.0,-81105.0
32,Kulekhani-II  HP,32000,8,072/73,655556.9,19392172.08,32000000.04,51392172.12,58858769.0,-6811039.98
32,Kulekhani-II  HP,32000,7,071/72,1575757.43,24107744.52,32000000.04,56107744.56,57027945.0,655556.99
32,Kulekhani-II  HP,32000,9,073/74,-724610.0,20324364.0,32000000.0,52324364.0,51719493.0,-119739.0
32,Kulekhani-II  HP,32000,6,070/71,1269014.82,25085201.64,32000000.04,57085201.68,56778459.0,1575757.5
32,Kulekhani-II  HP,32000,3,068/69,79506226.0,38531556.48,32000000.04,70531556.52,142513325.0,7524457.52
32,Kulekhani-II  HP,32000,5,069/70,7524457.46,21344592.36,32000000.04,53344592.4,59600035.0,1269014.86
32,Kulekhani-II  HP,32000,2,067/68,37805118.72,27194858.16,32000000.04,59194858.2,35143485.83,61856491.09
32,Kulekhani-II  HP,32000,1,066/67,51862038.32,23416882.08,32000000.04,55416882.12,69473801.66,37805118.78
100,Kulekhani-III HP,14000,19,082/83,0.0,1497953.26,0.0,1497953.26,2897953.26,-1400000.0
100,Kulekhani-III HP,14000,17,080/81,-204132.76,2381913.72,1400000.0,3781913.72,9870192.14,-6292411.18
100,Kulekhani-III HP,14000,18,081/82,-6292411.18,3402002.76,1400000.0,4802002.76,4934866.3,-6425274.72
100,Kulekhani-III HP,14000,15,078/79,-55364.94,3884699.19,1400000.0,5284699.1899999995,4835446.96,393887.29
100,Kulekhani-III HP,14000,16,079/80,393887.29,2948677.22,1400000.0,4348677.220000001,4946697.27,-204132.76
100,Kulekhani-III HP,14000,14,077/78,0.0,5211664.19,1400000.0,6611664.19,6667029.13,-55364.94
182,Lankhuwa Khola HPP,5000,19,082/83,0.0,2054892.53,0.0,2054892.53,2975033.2,-920140.67
182,Lankhuwa Khola HPP,5000,18,081/82,0.0,378960.17,500000.0,878960.1699999999,378960.16,500000.01
162,Likhu 1,77000,18,081/82,9537324.69,32802119.65,7700000.0,40502119.65,32667268.4,17372175.94
162,Likhu 1,77000,19,082/83,0.0,32181638.45,0.0,32181638.45,49553814.38,-17372175.93
162,Likhu 1,77000,17,080/81,0.0,3254333.62,7700000.0,10954333.620000001,1417008.93,9537324.69
157,Likhu 2,55000,19,082/83,0.0,22586075.93,0.0,22586075.93,34844376.07,-12258300.14
157,Likhu 2,55000,18,081/82,6695509.43,23116787.75,5500000.0,28616787.75,23053997.04,12258300.14
157,Likhu 2,55000,17,080/81,0.0,12189150.7,5500000.0,17689150.7,10993641.27,6695509.43
128,Likhu Khola A,51000,19,082/83,0.0,15239998.76,0.0,15239998.76,28594085.47,-13354086.71
128,Likhu Khola A,51000,18,081/82,8156107.98,16278287.55,5100000.0,21378287.55,16180308.82,13354086.71
128,Likhu Khola A,51000,17,080/81,8749523.51,14301589.08,5100000.0,19401589.08,19995004.61,8156107.98
128,Likhu Khola A,51000,15,078/79,0.0,3334151.97,5100000.0,8434151.97,5297027.92,3137124.05
128,Likhu Khola A,51000,16,079/80,3137124.05,15042634.78,5100000.0,20142634.78,14530235.32,8749523.51
116,Likhu-4,52400,17,080/81,2837954.14,28725069.36,5240000.0,33965069.36,35466936.41,1336087.09
116,Likhu-4,52400,19,082/83,0.0,29735479.71,0.0,29735479.71,36769965.82,-7034486.11
116,Likhu-4,52400,18,081/82,1336087.09,31822715.91,5240000.0,37062715.91,36604316.89,1794486.11
116,Likhu-4,52400,16,079/80,1933391.54,30828504.14,5240000.0,36068504.14,35163941.54,2837954.14
116,Likhu-4,52400,15,078/79,0.0,15225201.73,5240000.0,20465201.73,18531810.19,1933391.54
46,Lower Chaku HP,1800,19,082/83,0.0,394861.75,0.0,394861.75,766085.53,-371223.78
46,Lower Chaku HP,1800,17,080/81,382265.59,297152.73,180000.0,477152.73,674415.47,185002.85
46,Lower Chaku HP,1800,18,081/82,185002.85,374401.02,180000.0,554401.02,368180.09,371223.78
46,Lower Chaku HP,1800,14,077/78,338851.15,187727.21,180000.0,367727.20999999996,338851.0,367727.36
46,Lower Chaku HP,1800,16,079/80,195731.0,386281.62,180000.0,566281.62,379747.03,382265.59
46,Lower Chaku HP,1800,15,078/79,367727.36,351343.46,180000.0,531343.46,703339.82,195731.0
46,Lower Chaku HP,1800,9,073/74,467280.0,273973.4,0.0,273973.4,0.0,741253.4
46,Lower Chaku HP,1800,11,075/76,2025264.0,382709.64,180000.0,562709.64,1743980.0,843993.64
46,Lower Chaku HP,1800,12,076/77,843994.0,545926.46,180000.0,725926.46,1231068.85,338851.61
46,Lower Chaku HP,1800,10,074/75,1747605.0,50244.82,180000.0,230244.82,0.0,1977849.82
46,Lower Chaku HP,1800,7,071/72,450920.54,264656.44,180000.0,444656.44,0.0,895576.98
46,Lower Chaku HP,1800,6,070/71,0.0,270920.54,180000.0,450920.54,0.0,450920.54
96,Lower Hewa,22100,16,079/80,6031814.48,11133656.54,2210000.0,13343656.54,16472531.98,2902939.04
96,Lower Hewa,22100,18,081/82,4999173.16,9054426.94,2210000.0,11264426.94,13629316.77,2634283.33
96,Lower Hewa,22100,17,080/81,2902939.04,7697409.4,2210000.0,9907409.4,7811175.28,4999173.16
96,Lower Hewa,22100,14,077/78,10186587.0,10310544.38,2210000.0,12520544.38,10186587.0,12520544.38
96,Lower Hewa,22100,19,082/83,0.0,7312160.14,0.0,7312160.14,9946443.48,-2634283.34
96,Lower Hewa,22100,15,078/79,12520544.38,12116220.62,2210000.0,14326220.62,20814950.52,6031814.48
96,Lower Hewa,22100,12,076/77,0.0,8026587.17,2160000.0,10186587.17,0.0,10186587.17
208,Lower Irkhuwa Khola HPP,14150,19,082/83,0.0,50195.44,0.0,50195.44,629099.32,-578903.88
119,Lower Jogmai Khola HPP,6200,18,081/82,825369.8,2760136.84,620000.0,3380136.84,3944456.8,261049.84
119,Lower Jogmai Khola HPP,6200,16,079/80,307905.68,2970367.01,0.0,2970367.01,3647624.57,-369351.88
119,Lower Jogmai Khola HPP,6200,19,082/83,0.0,1449551.12,0.0,1449551.12,1710549.12,-260998.0
119,Lower Jogmai Khola HPP,6200,15,078/79,0.0,1534902.43,620000.0,2154902.4299999997,1846996.75,307905.68
119,Lower Jogmai Khola HPP,6200,17,080/81,-369351.88,3223075.22,620000.0,3843075.22,2648353.54,825369.8
126,Lower Khare,11000,18,081/82,1294191.42,5329620.12,1100000.0,6429620.12,6310794.69,1413016.85
126,Lower Khare,11000,19,082/83,0.0,4616287.13,0.0,4616287.13,6029303.98,-1413016.85
126,Lower Khare,11000,15,078/79,0.0,1439103.77,1100000.0,2539103.77,2534539.69,4564.08
126,Lower Khare,11000,17,080/81,202200.59,5559300.14,1100000.0,6659300.14,5567309.31,1294191.42
126,Lower Khare,11000,16,079/80,4564.08,5515757.93,1100000.0,6615757.93,6418121.42,202200.59
137,Lower Likhu,28100,18,081/82,781089.31,15673883.0,2810000.0,18483883.0,18862618.7,402353.61
137,Lower Likhu,28100,19,082/83,0.0,14886154.35,0.0,14886154.35,19231562.83,-4345408.48
137,Lower Likhu,28100,17,080/81,1232299.64,14529232.91,2810000.0,17339232.91,17790443.24,781089.31
137,Lower Likhu,28100,16,079/80,0.0,7175105.07,2810000.0,9985105.07,8752805.43,1232299.64
120,Lower Modi Khola,20000,19,082/83,0.0,8229718.14,0.0,8229718.14,11144082.56,-2914364.42
120,Lower Modi Khola,20000,18,081/82,3112318.94,10490376.96,2000000.0,12490376.96,12688331.48,2914364.42
120,Lower Modi Khola,20000,16,079/80,2591190.08,7329591.27,2000000.0,9329591.27,6524815.12,5395966.23
120,Lower Modi Khola,20000,17,080/81,5395966.23,7884405.09,2000000.0,9884405.09,12168052.38,3112318.94
120,Lower Modi Khola,20000,15,078/79,0.0,6504343.79,2000000.0,8504343.79,5913153.71,2591190.08
39,Lower Modi-1 HP,10200,17,080/81,1782237.69,5826605.31,1020000.0,6846605.31,5067458.9,3561384.1
39,Lower Modi-1 HP,10200,19,082/83,0.0,5624991.22,0.0,5624991.22,6383791.15,-758799.93
39,Lower Modi-1 HP,10200,16,079/80,2406543.87,5862087.34,1020000.0,6882087.34,7506393.52,1782237.69
39,Lower Modi-1 HP,10200,18,081/82,3561384.1,5542357.97,1020000.0,6562357.97,8732917.32,1390824.75
39,Lower Modi-1 HP,10200,15,078/79,7717417.0,3814621.62,1020000.0,4834621.62,10145494.75,2406543.87
39,Lower Modi-1 HP,10200,14,077/78,3969820.0,5421844.87,1020000.0,6441844.87,2694247.87,7717417.0
39,Lower Modi-1 HP,10200,11,075/76,11803975.0,5414131.08,1020000.0,6434131.08,16200807.0,2037299.08
39,Lower Modi-1 HP,10200,12,076/77,2037299.0,9877450.5,1020000.0,10897450.5,8964928.75,3969820.75
39,Lower Modi-1 HP,10200,9,073/74,3807107.0,4677216.0,1020000.0,5697216.0,6140664.0,3363659.0
39,Lower Modi-1 HP,10200,10,074/75,9112929.0,5068165.48,1020000.0,6088165.48,3397119.0,11803975.48
39,Lower Modi-1 HP,10200,7,071/72,6471140.0,5120525.16,1020000.0,6140525.16,6471001.0,6140664.16
39,Lower Modi-1 HP,10200,6,070/71,3341830.22,5451000.78,1020000.0,6471000.78,3341691.0,6471140.0
39,Lower Modi-1 HP,10200,8,072/73,6140664.16,2395713.56,1020000.0,3415713.56,0.0,9556377.72
39,Lower Modi-1 HP,10200,5,069/70,0.0,2321830.22,1020000.0,3341830.22,0.0,3341830.22
122,Lower Tadi Khola,4996,19,082/83,0.0,3303724.97,0.0,3303724.97,3924623.29,-620898.32
122,Lower Tadi Khola,4996,16,079/80,712629.81,2745419.74,499600.0,3245019.74,2714061.57,1243587.98
122,Lower Tadi Khola,4996,15,078/79,0.0,484898.88,499600.0,984498.88,271869.07,712629.81
122,Lower Tadi Khola,4996,18,081/82,617772.14,2907102.05,499600.0,3406702.05,3403575.87,620898.32
122,Lower Tadi Khola,4996,17,080/81,1243587.98,3072714.89,499600.0,3572314.89,4198130.73,617772.14
190,Madhya Bhotekoshi HPP,102000,19,082/83,0.0,32289176.22,0.0,32289176.22,34437682.97,-2148506.75
83,Madkyu Khola,13000,18,081/82,1521595.82,5049692.92,1300000.0,6349692.92,7195614.79,675673.95
83,Madkyu Khola,13000,17,080/81,1900634.67,6033600.18,1300000.0,7333600.18,7712639.03,1521595.82
83,Madkyu Khola,13000,19,082/83,0.0,6271158.84,0.0,6271158.84,6981005.8,-709846.96
83,Madkyu Khola,13000,15,078/79,7063454.73,3478741.17,1300000.0,4778741.17,10402007.14,1440188.76
83,Madkyu Khola,13000,16,079/80,1440188.76,5824763.57,1300000.0,7124763.57,6664317.66,1900634.67
83,Madkyu Khola,13000,14,077/78,12895158.97,5763454.76,1300000.0,7063454.76,12895159.0,7063454.73
83,Madkyu Khola,13000,12,076/77,5096546.97,7798612.4,1300000.0,9098612.4,1300000.0,12895159.37
83,Madkyu Khola,13000,11,075/76,2144574.61,5041127.56,1300000.0,6341127.56,2100000.0,6385702.17
83,Madkyu Khola,13000,10,074/75,0.0,844574.61,1300000.0,2144574.61,0.0,2144574.61
203,Madme Khola HPP,24000,19,082/83,0.0,4190473.1,0.0,4190473.1,1625607.19,2564865.91
121,Mai Beni HPP,9510,17,080/81,407554.98,5015844.29,951000.0,5966844.29,5124797.53,1249601.74
121,Mai Beni HPP,9510,19,082/83,0.0,3968050.98,0.0,3968050.98,3549954.21,418096.77
121,Mai Beni HPP,9510,18,081/82,1249601.74,4631172.48,951000.0,5582172.48,6537154.64,294619.58
121,Mai Beni HPP,9510,15,078/79,0.0,1664989.13,951000.0,2615989.13,2149199.24,466789.89
121,Mai Beni HPP,9510,16,079/80,466789.89,5106607.01,951000.0,6057607.01,6116841.92,407554.98
51,Mai Cascade,7000,18,081/82,214283.96,3504643.27,700000.0,4204643.27,4521199.76,-102272.53
51,Mai Cascade,7000,19,082/83,0.0,2041979.13,0.0,2041979.13,2557059.7,-515080.57
51,Mai Cascade,7000,17,080/81,260332.3,3888880.35,700000.0,4588880.35,4634928.69,214283.96
51,Mai Cascade,7000,15,078/79,728576.53,4466758.02,700000.0,5166758.02,5540783.15,354551.4
51,Mai Cascade,7000,14,077/78,259071.0,4522420.0,700000.0,5222420.0,4752914.47,728576.53
51,Mai Cascade,7000,16,079/80,354551.4,3964749.75,700000.0,4664749.75,4758968.85,260332.3
51,Mai Cascade,7000,12,076/77,-1618876.0,3807167.85,700000.0,4507167.85,2629220.58,259071.27
51,Mai Cascade,7000,8,072/73,0.0,433158.72,699999.96,1133158.68,700000.0,433158.68
51,Mai Cascade,7000,11,075/76,566598.0,3661785.14,700000.0,4361785.140000001,6547259.0,-1618875.86
51,Mai Cascade,7000,10,074/75,670799.0,3550001.4,700000.0,4250001.4,4354202.08,566598.32
51,Mai Cascade,7000,9,073/74,88993.0,3644181.88,0.0,3644181.88,4106541.87,-373366.99
37,Mai Khola Small HP,4500,18,081/82,535023.31,748240.84,450000.0,1198240.8399999999,1176489.91,556774.24
37,Mai Khola Small HP,4500,19,082/83,0.0,637486.28,0.0,637486.28,743087.65,-105601.37
37,Mai Khola Small HP,4500,16,079/80,542654.92,1208388.67,450000.0,1658388.67,1633835.18,567208.41
37,Mai Khola Small HP,4500,15,078/79,1565309.63,1301278.88,450000.0,1751278.88,2773933.59,542654.92
37,Mai Khola Small HP,4500,17,080/81,567208.41,1314919.38,450000.0,1764919.38,1797104.48,535023.31
37,Mai Khola Small HP,4500,14,077/78,3084218.0,1115309.63,450000.0,1565309.63,3084218.0,1565309.63
37,Mai Khola Small HP,4500,12,076/77,1851210.0,1583008.13,450000.0,2033008.13,800000.0,3084218.13
37,Mai Khola Small HP,4500,11,075/76,8662603.0,1592945.35,450000.0,2042945.35,8854338.0,1851210.35
37,Mai Khola Small HP,4500,10,074/75,9670759.0,1541844.16,450000.0,1991844.16,3000000.0,8662603.16
37,Mai Khola Small HP,4500,9,073/74,2452036.0,1581593.6,0.0,1581593.6,0.0,4033629.6
37,Mai Khola Small HP,4500,7,071/72,3665943.54,1581593.6,450000.0,2031593.6,0.0,5697537.14
37,Mai Khola Small HP,4500,8,072/73,5697537.14,1339040.92,450000.0,1789040.92,0.0,7486578.06
37,Mai Khola Small HP,4500,5,069/70,2373438.26,1348674.5,450000.0,1798674.5,2373438.0,1798674.76
37,Mai Khola Small HP,4500,6,070/71,1798674.76,1417268.78,450000.0,1867268.78,0.0,3665943.54
37,Mai Khola Small HP,4500,3,068/69,710258.0,1213180.26,450000.0,1663180.26,0.0,2373438.26
37,Mai Khola Small HP,4500,2,067/68,0.0,260258.3,450000.0,710258.3,0.0,710258.3
84,Mai Sana Cascade HPP,8000,18,081/82,2111015.27,1165378.61,800000.0,1965378.61,2082965.66,1993428.22
84,Mai Sana Cascade HPP,8000,19,082/83,0.0,1284043.71,0.0,1284043.71,2477471.93,-1193428.22
84,Mai Sana Cascade HPP,8000,15,078/79,1837631.21,511094.06,800000.0,1311094.06,1148714.26,2000011.01
84,Mai Sana Cascade HPP,8000,14,077/78,4855762.36,1037630.85,800000.0,1837630.85,4855762.0,1837631.21
84,Mai Sana Cascade HPP,8000,16,079/80,2000011.01,734362.36,800000.0,1534362.3599999999,1463805.77,2070567.6
84,Mai Sana Cascade HPP,8000,17,080/81,2070567.6,1047076.55,800000.0,1847076.55,1806628.88,2111015.27
84,Mai Sana Cascade HPP,8000,12,076/77,3306399.36,2381415.95,800000.0,3181415.95,1632052.81,4855762.5
84,Mai Sana Cascade HPP,8000,11,075/76,851982.25,1654417.09,800000.0,2454417.09,0.0,3306399.34
84,Mai Sana Cascade HPP,8000,10,074/75,0.0,51982.25,800000.0,851982.25,0.0,851982.25
55,Mailung Khola,5000,19,082/83,0.0,1657800.41,0.0,1657800.41,2341683.36,-683882.95
55,Mailung Khola,5000,17,080/81,695889.71,2010934.29,500000.0,2510934.29,2664161.54,542662.46
55,Mailung Khola,5000,16,079/80,440121.29,2176249.56,500000.0,2676249.56,2420481.14,695889.71
55,Mailung Khola,5000,18,081/82,542662.46,1816372.53,500000.0,2316372.5300000003,3418244.29,-559209.3
55,Mailung Khola,5000,14,077/78,786701.0,1776935.24,500000.0,2276935.24,1541995.0,1521641.24
55,Mailung Khola,5000,15,078/79,1521641.24,2191901.62,500000.0,2691901.62,3773421.57,440121.29
55,Mailung Khola,5000,12,076/77,3152405.0,2513605.16,500000.0,3013605.16,5379309.02,786701.14
55,Mailung Khola,5000,11,075/76,1902657.0,2084217.92,500000.0,2584217.92,1334470.0,3152404.92
55,Mailung Khola,5000,10,074/75,1478041.0,961526.61,500000.0,1461526.6099999999,1035490.0,1904077.61
55,Mailung Khola,5000,7,071/72,0.0,1497587.08,500000.04,1997587.12,1495510.54,502076.58
55,Mailung Khola,5000,9,073/74,1227787.0,1601694.0,500000.0,2101694.0,1625729.0,1703752.0
55,Mailung Khola,5000,8,072/73,502076.54,0.0,500000.04,500000.04,0.0,1002076.58
135,Makarigad,10000,17,080/81,1104294.04,5574636.79,1000000.0,6574636.79,7262992.51,415938.32
135,Makarigad,10000,19,082/83,0.0,6441803.46,0.0,6441803.46,6977945.58,-536142.12
135,Makarigad,10000,18,081/82,415938.32,6896395.63,1000000.0,7896395.63,7669724.06,642609.89
135,Makarigad,10000,16,079/80,0.0,1420903.15,1000000.0,2420903.15,1316609.11,1104294.04
15,Mardi Khola,4800,15,078/79,-54717.2,2111166.23,480000.0,2591166.23,2027778.85,508670.18
15,Mardi Khola,4800,19,082/83,0.0,9497120.36,0.0,9497120.36,11756984.92,-2259864.56
15,Mardi Khola,4800,14,077/78,33157.0,1887900.8,480000.0,2367900.8,2455775.0,-54717.2
15,Mardi Khola,4800,16,079/80,508670.18,1784493.62,480000.0,2264493.62,2594775.4,178388.4
15,Mardi Khola,4800,17,080/81,178388.4,1984895.92,480000.0,2464895.92,2139677.51,503606.81
15,Mardi Khola,4800,18,081/82,503606.81,3992477.59,4800000.0,8792477.59,2411700.79,6884383.61
15,Mardi Khola,4800,12,076/77,2702795.0,2097253.31,480000.0,2577253.31,5246891.37,33156.94
15,Mardi Khola,4800,11,075/76,2571680.0,2167257.07,480000.0,2647257.07,2516142.0,2702795.07
15,Mardi Khola,4800,7,071/72,1974088.46,2171792.82,480000.0,2651792.82,1873979.45,2751901.83
15,Mardi Khola,4800,10,074/75,2571681.0,2036141.72,480000.0,2516141.7199999997,2591575.0,2496247.72
15,Mardi Khola,4800,9,073/74,7486578.0,2111574.36,0.0,2111574.36,2519915.0,7078237.36
15,Mardi Khola,4800,8,072/73,2751901.83,2039914.6,480000.0,2519914.6,2651795.62,2620020.81
15,Mardi Khola,4800,6,070/71,3870124.66,1494087.8,480000.0,1974087.8,3870124.0,1974088.46
15,Mardi Khola,4800,3,068/69,2264449.0,1609825.54,320000.04,1929825.58,2264477.0,1929797.58
15,Mardi Khola,4800,5,069/70,1929797.54,1620327.12,320000.04,1940327.1600000001,0.0,3870124.7
15,Mardi Khola,4800,1,066/67,0.0,147619.9,320000.04,467619.93999999994,0.0,787619.94
15,Mardi Khola,4800,2,067/68,787619.9,1330382.92,320000.04,1650382.96,0.0,2438002.86
22,Marsyangdi HP,69000,17,080/81,802310.84,239006442.4,69000000.0,308006442.4,238983528.32,69825224.92
22,Marsyangdi HP,69000,18,081/82,69825224.92,206737631.8,69000000.0,275737631.8,289069451.03,56493405.69
22,Marsyangdi HP,69000,16,079/80,25012822.47,232634144.06,69000000.0,301634144.06,325844655.69,802310.84
22,Marsyangdi HP,69000,19,082/83,0.0,258772120.85,0.0,258772120.85,327772120.85,-69000000.0
22,Marsyangdi HP,69000,15,078/79,-2294503.08,250180489.03,69000000.0,319180489.03,291873163.48,25012822.47
22,Marsyangdi HP,69000,14,077/78,-448143.0,216436437.18,69000000.0,285436437.18,287282797.26,-2294503.08
22,Marsyangdi HP,69000,11,075/76,257082.0,257441342.0,69000000.0,326441342.0,326640479.0,57945.0
22,Marsyangdi HP,69000,10,074/75,-1474479.0,240178243.0,69000000.0,309178243.0,307446682.0,257082.0
22,Marsyangdi HP,69000,12,076/77,57945.0,238467163.0,69000000.0,307467163.0,307973251.0,-448143.0
22,Marsyangdi HP,69000,9,073/74,-8817255.0,250171449.0,69000000.0,319171449.0,311828673.0,-1474479.0
22,Marsyangdi HP,69000,8,072/73,6914204.93,237032089.92,69000000.0,306032089.91999996,352281948.0,-39335653.15
22,Marsyangdi HP,69000,6,070/71,12755740.88,249081582.84,69000000.0,318081582.84000003,315181687.0,15655636.72
22,Marsyangdi HP,69000,7,071/72,15655636.66,255230648.28,69000000.0,324230648.28,332972080.0,6914204.94
22,Marsyangdi HP,69000,2,067/68,424878908.29,228189774.96,69000000.0,297189774.96000004,88899807.15,633168876.1
22,Marsyangdi HP,69000,3,068/69,503313408.0,240457528.8,69000000.0,309457528.8,765358387.0,47412549.8
22,Marsyangdi HP,69000,5,069/70,47412549.83,242770412.04,69000000.0,311770412.03999996,346427221.0,12755740.87
22,Marsyangdi HP,69000,1,066/67,287276431.45,218405362.11,69000000.0,287405362.11,149802885.26,424878908.3
206,Mathillo Thulo Khola A HEP,22500,19,082/83,0.0,1992739.48,0.0,1992739.48,0.0,1992739.48
153,Maya Khola,14900,19,082/83,0.0,5945915.0,0.0,5945915.0,6360910.46,-414995.46
153,Maya Khola,14900,18,081/82,5662325.41,5817777.26,3837968.33,9655745.59,7556943.04,7761127.96
153,Maya Khola,14900,16,079/80,0.0,0.0,1490000.0,1490000.0,0.0,1490000.0
153,Maya Khola,14900,17,080/81,1490000.0,2141181.81,3655207.93,5796389.74,1624064.33,5662325.41
141,Mid Solu Khola,9500,17,080/81,383190.03,5296477.2,950000.0,6246477.2,5673682.58,955984.65
141,Mid Solu Khola,9500,19,082/83,0.0,5295381.49,0.0,5295381.49,5068062.46,227319.03
141,Mid Solu Khola,9500,18,081/82,955984.65,6134582.71,950000.0,7084582.71,7256493.9,784073.46
141,Mid Solu Khola,9500,16,079/80,0.0,2282982.18,950000.0,3232982.18,2849792.15,383190.03
45,Middle Chaku HP,1800,19,082/83,0.0,599976.33,0.0,599976.33,946531.41,-346555.08
45,Middle Chaku HP,1800,14,077/78,162834.51,251638.42,180000.0,431638.42000000004,162835.0,431637.93
45,Middle Chaku HP,1800,15,078/79,431637.93,544121.06,180000.0,724121.06,978630.88,177128.11
45,Middle Chaku HP,1800,17,080/81,359444.42,518813.49,180000.0,698813.49,901140.94,157116.97
45,Middle Chaku HP,1800,18,081/82,157116.97,473757.7,180000.0,653757.7,464319.59,346555.08
45,Middle Chaku HP,1800,16,079/80,177128.11,587018.51,180000.0,767018.51,584702.2,359444.42
45,Middle Chaku HP,1800,11,075/76,2153727.0,526005.5,180000.0,706005.5,1952554.0,907178.5
45,Middle Chaku HP,1800,12,076/77,907179.0,233458.3,180000.0,413458.3,1157803.49,162833.81
45,Middle Chaku HP,1800,10,074/75,1923482.0,97658.79,180000.0,277658.79,0.0,2201140.79
45,Middle Chaku HP,1800,9,073/74,1293632.0,327820.02,0.0,327820.02,500000.0,1121452.02
45,Middle Chaku HP,1800,6,070/71,0.0,383379.84,180000.0,563379.8400000001,0.0,563379.84
45,Middle Chaku HP,1800,7,071/72,784204.0,327820.02,180000.0,507820.02,0.0,1292024.02
45,Middle Chaku HP,1800,8,072/73,1292024.02,318803.94,180000.0,498803.94,0.0,1790827.96
20,Middle Marsyangdi HP,70200,19,082/83,0.0,242531890.54,0.0,242531890.54,344321890.54,-101790000.0
20,Middle Marsyangdi HP,70200,18,081/82,-9009811.24,203805801.32,70200000.0,274005801.32,281197381.32,-16201391.24
20,Middle Marsyangdi HP,70200,14,077/78,-91069.0,43260447.71,7020000.0,50280447.71,50647978.9,-458600.19
20,Middle Marsyangdi HP,70200,16,079/80,5808941.75,46306745.68,7020000.0,53326745.68,59396615.28,-260927.85
20,Middle Marsyangdi HP,70200,15,078/79,-458600.19,50605798.94,7020000.0,57625798.94,51358257.0,5808941.75
20,Middle Marsyangdi HP,70200,17,080/81,-260927.85,128927186.93,70200000.0,199127186.93,207876070.32,-9009811.24
20,Middle Marsyangdi HP,70200,12,076/77,11558.0,48357542.0,7020000.0,55377542.0,55480169.0,-91069.0
20,Middle Marsyangdi HP,70200,9,073/74,-1746786.0,49053109.0,7020000.0,56073109.0,54615326.0,-289003.0
20,Middle Marsyangdi HP,70200,10,074/75,-289003.0,47187833.0,7020000.0,54207833.0,53868320.0,50510.0
20,Middle Marsyangdi HP,70200,11,075/76,50510.0,51349745.0,7020000.0,58369745.0,58408697.0,11558.0
20,Middle Marsyangdi HP,70200,8,072/73,1334677.85,46993505.16,7200000.0,54193505.16,61883078.0,-6354894.99
20,Middle Marsyangdi HP,70200,7,071/72,2951435.85,49338857.04,7200000.0,56538857.04,58155615.0,1334677.89
20,Middle Marsyangdi HP,70200,6,070/71,2533583.44,46828556.4,7200000.0,54028556.4,53610704.0,2951435.84
20,Middle Marsyangdi HP,70200,5,069/70,11448336.66,46188663.84,7200000.0,53388663.84,62303417.0,2533583.5
20,Middle Marsyangdi HP,70200,1,066/67,21816400.52,42067445.88,7200000.0,49267445.88,23116054.18,47967792.22
20,Middle Marsyangdi HP,70200,3,068/69,133686246.0,45906286.68,7200000.0,53106286.68,175344196.0,11448336.68
20,Middle Marsyangdi HP,70200,2,067/68,47967792.22,40671644.28,7200000.0,47871644.28,12485634.1,83353802.4
144,Middle Modi,18000,18,081/82,3628663.75,8460433.08,1800000.0,10260433.08,11415547.15,2473549.68
144,Middle Modi,18000,19,082/83,0.0,8311604.99,0.0,8311604.99,10785154.67,-2473549.68
144,Middle Modi,18000,16,079/80,0.0,3080464.98,1800000.0,4880464.98,1499802.84,3380662.14
144,Middle Modi,18000,17,080/81,3380662.14,5566480.1,1800000.0,7366480.1,7118478.49,3628663.75
168,Middle Tamor,73000,19,082/83,0.0,34536312.97,0.0,34536312.97,40140944.46,-5604631.49
168,Middle Tamor,73000,17,080/81,0.0,4656659.01,7300000.0,11956659.01,7922355.82,4034303.19
168,Middle Tamor,73000,18,081/82,4034303.19,37107200.23,7300000.0,44407200.23,43410232.47,5031270.95
75,Midim Khola(Karapu) HPP,3000,19,082/83,0.0,1363423.06,0.0,1363423.06,1929862.68,-566439.62
75,Midim Khola(Karapu) HPP,3000,17,080/81,406972.75,1385083.85,300000.0,1685083.85,1752537.52,339519.08
75,Midim Khola(Karapu) HPP,3000,18,081/82,339519.08,1447418.33,300000.0,1747418.33,1702013.04,384924.37
75,Midim Khola(Karapu) HPP,3000,16,079/80,124118.86,1461411.94,300000.0,1761411.94,1478558.05,406972.75
75,Midim Khola(Karapu) HPP,3000,14,077/78,718.67,1344197.97,300000.0,1644197.97,1644197.97,718.67
75,Midim Khola(Karapu) HPP,3000,15,078/79,718.67,1625727.98,300000.0,1925727.98,1802327.79,124118.86
75,Midim Khola(Karapu) HPP,3000,12,076/77,1746186.67,1556946.94,300000.0,1856946.94,3602414.64,718.97
75,Midim Khola(Karapu) HPP,3000,11,075/76,679597.06,1445465.62,300000.0,1745465.62,678876.0,1746186.68
75,Midim Khola(Karapu) HPP,3000,10,074/75,0.0,379597.06,300000.0,679597.06,0.0,679597.06
112,Mistry Khola,42000,17,080/81,9308510.29,17634401.06,4200000.0,21834401.06,21868133.43,9274777.92
112,Mistry Khola,42000,15,078/79,4200000.0,15059949.6,4200000.0,19259949.6,21009809.97,2450139.63
112,Mistry Khola,42000,16,079/80,2450139.63,19066312.69,4200000.0,23266312.69,16407942.03,9308510.29
112,Mistry Khola,42000,19,082/83,0.0,21857118.28,0.0,21857118.28,28063183.88,-6206065.6
112,Mistry Khola,42000,18,081/82,9274777.92,19012068.76,4200000.0,23212068.76,30480781.16,2006065.52
112,Mistry Khola,42000,14,077/78,0.0,0.0,4200000.0,4200000.0,0.0,4200000.0
18,Modi  HP,14800,17,080/81,-972905.77,39069824.39,14800000.0,53869824.39,42586809.99,10310108.63
18,Modi  HP,14800,19,082/83,0.0,41139809.41,0.0,41139809.41,55939809.41,-14800000.0
18,Modi  HP,14800,16,079/80,5162894.38,39920623.71,14800000.0,54720623.71,60856423.86,-972905.77
18,Modi  HP,14800,18,081/82,10310108.63,35747581.26,14800000.0,50547581.26,52726902.58,8130787.31
18,Modi  HP,14800,14,077/78,-68682.0,32557936.71,14800000.0,47357936.71,47634397.0,-345142.29
18,Modi  HP,14800,15,078/79,-345142.29,42884445.15,14800000.0,57684445.15,52176408.48,5162894.38
18,Modi  HP,14800,12,076/77,8410.0,36325644.0,14800000.0,51125644.0,51202736.0,-68682.0
18,Modi  HP,14800,11,075/76,38145.0,37365150.0,14800000.0,52165150.0,52194885.0,8410.0
18,Modi  HP,14800,9,073/74,-841616.0,37553726.0,14800000.0,52353726.0,51736391.0,-224281.0
18,Modi  HP,14800,10,074/75,-224281.0,35642654.0,14800000.0,50442654.0,50180228.0,38145.0
18,Modi  HP,14800,8,072/73,169580.68,7178051.47,14000000.04,21178051.509999998,8347880.0,12999752.19
18,Modi  HP,14800,5,069/70,2003011.09,3304083.96,1400000.04,4704084.0,6473808.0,233287.09
18,Modi  HP,14800,7,071/72,282314.25,6361545.48,1400000.04,7761545.5200000005,7874279.0,169580.77
18,Modi  HP,14800,6,070/71,233287.01,4488350.28,1400000.04,5888350.32,5839323.0,282314.33
18,Modi  HP,14800,2,067/68,9854638.65,6467806.44,1400000.04,7867806.48,2494819.8,15227625.33
18,Modi  HP,14800,3,068/69,27690594.0,3731067.12,1400000.04,5131067.16,30818650.0,2003011.16
18,Modi  HP,14800,1,066/67,8145750.64,5503676.28,1400000.04,6903676.32,5194788.31,9854638.65
78,Molun Khola SHP,7000,19,082/83,0.0,3577716.91,0.0,3577716.91,4069088.78,-491371.87
78,Molun Khola SHP,7000,18,081/82,875887.24,3069812.28,700000.0,3769812.28,3908332.08,737367.44
78,Molun Khola SHP,7000,17,080/81,974141.76,3286756.21,700000.0,3986756.21,4085010.73,875887.24
78,Molun Khola SHP,7000,16,079/80,840689.27,3496580.2,700000.0,4196580.2,4063127.71,974141.76
78,Molun Khola SHP,7000,15,078/79,2353676.24,2892851.41,700000.0,3592851.41,5105838.38,840689.27
78,Molun Khola SHP,7000,14,077/78,516078.71,2203161.53,700000.0,2903161.53,1065564.0,2353676.24
78,Molun Khola SHP,7000,12,076/77,-214230.29,3290056.48,700000.0,3990056.48,3259746.78,516079.41
78,Molun Khola SHP,7000,10,074/75,0.0,171825.75,700000.0,871825.75,700000.0,171825.75
78,Molun Khola SHP,7000,11,075/76,171825.75,2231668.97,700000.0,2931668.97,3317725.0,-214230.28
107,Namarjun Madi,12000,19,082/83,0.0,5021633.52,0.0,5021633.52,9068190.29,-4046556.77
107,Namarjun Madi,12000,15,078/79,3764546.85,1384991.67,1200000.0,2584991.67,3764547.0,2584991.52
107,Namarjun Madi,12000,18,081/82,3046462.07,6604722.27,1200000.0,7804722.27,9213179.42,1638004.92
107,Namarjun Madi,12000,17,080/81,3350622.97,6196752.76,1200000.0,7396752.76,7700913.66,3046462.07
107,Namarjun Madi,12000,14,077/78,0.0,2564546.85,1200000.0,3764546.85,0.0,3764546.85
107,Namarjun Madi,12000,16,079/80,2584991.52,5714598.37,1200000.0,6914598.37,6148966.92,3350622.97
61,Nau gad khola,8500,17,080/81,427301.27,4242220.18,850000.0,5092220.18,4415289.73,1104231.72
61,Nau gad khola,8500,19,082/83,0.0,4229603.76,0.0,4229603.76,5000662.22,-771058.46
61,Nau gad khola,8500,18,081/82,1104231.72,4442445.38,850000.0,5292445.38,6223872.16,172804.94
61,Nau gad khola,8500,16,079/80,141368.84,3781592.67,850000.0,4631592.67,4345660.24,427301.27
61,Nau gad khola,8500,15,078/79,47.52,4761326.1,850000.0,5611326.1,5470004.78,141368.84
61,Nau gad khola,8500,14,077/78,9178271.0,3991123.94,850000.0,4841123.9399999995,14019347.42,47.52
61,Nau gad khola,8500,12,076/77,9516797.0,3956820.61,850000.0,4806820.609999999,5145347.0,9178270.61
61,Nau gad khola,8500,11,075/76,5995347.0,3521449.9,850000.0,4371449.9,850000.0,9516796.9
61,Nau gad khola,8500,10,074/75,2613698.0,2531649.3,850000.0,3381649.3,0.0,5995347.3
61,Nau gad khola,8500,9,073/74,433159.0,2883307.96,0.0,2883307.96,3837257.0,-520790.04
61,Nau gad khola,8500,8,072/73,0.0,9338235.0,8499999.96,17838234.96,0.0,17838234.96
170,Nilgiri Khola,38000,19,082/83,0.0,13047329.44,0.0,13047329.44,22656657.42,-9609327.98
170,Nilgiri Khola,38000,18,081/82,0.0,11150644.49,3800000.0,14950644.49,9541439.06,5409205.43
164,Nilgiri Khola-II cascade Project,71000,19,082/83,0.0,24896124.12,0.0,24896124.12,43349553.1,-18453428.98
164,Nilgiri Khola-II cascade Project,71000,18,081/82,9347530.23,20433686.54,7100000.0,27533686.54,26630662.61,10250554.16
164,Nilgiri Khola-II cascade Project,71000,17,080/81,0.0,3488591.83,7100000.0,10588591.83,1241061.6,9347530.23
130,Nyadi,30000,19,082/83,0.0,12030509.18,0.0,12030509.18,13037856.03,-1007346.85
130,Nyadi,30000,18,081/82,4041822.04,13299133.34,3000000.0,16299133.34,19333608.53,1007346.85
130,Nyadi,30000,15,078/79,0.0,880536.18,3000000.0,3880536.18,3000000.0,880536.18
130,Nyadi,30000,17,080/81,4960330.74,11511224.98,3000000.0,14511224.98,15429733.68,4041822.04
130,Nyadi,30000,16,079/80,880536.18,11992913.99,3000000.0,14992913.99,10913119.43,4960330.74
103,Padam Khola SHP,4800,19,082/83,0.0,1731863.05,0.0,1731863.05,2132037.85,-400174.8
103,Padam Khola SHP,4800,17,080/81,603502.49,1602454.88,480000.0,2082454.88,2176582.39,509374.98
103,Padam Khola SHP,4800,18,081/82,509374.98,1635152.15,480000.0,2115152.15,2125266.14,499260.99
103,Padam Khola SHP,4800,16,079/80,172.49,1603620.43,480000.0,2083620.43,1480290.43,603502.49
103,Padam Khola SHP,4800,15,078/79,1666678.13,1973237.07,480000.0,2453237.0700000003,4119742.71,172.49
103,Padam Khola SHP,4800,14,077/78,1004821.0,1186678.13,480000.0,1666678.13,1004821.0,1666678.13
103,Padam Khola SHP,4800,12,076/77,0.0,524820.57,480000.0,1004820.57,0.0,1004820.57
23,Panauti HP,2400,19,082/83,0.0,0.0,0.0,0.0,2400000.0,-2400000.0
23,Panauti HP,2400,18,081/82,366079.6,501003.87,2400000.0,2901003.87,2985258.25,281825.22
23,Panauti HP,2400,17,080/81,-70131.15,1510472.0,2400000.0,3910472.0,3474261.25,366079.6
23,Panauti HP,2400,16,079/80,156888.24,1348291.56,2400000.0,3748291.56,3975310.95,-70131.15
23,Panauti HP,2400,10,074/75,-8229.0,593802.0,2400000.0,2993802.0,2984942.0,631.0
23,Panauti HP,2400,14,077/78,-3008.0,1592471.09,2400000.0,3992471.09,4006348.39,-16885.3
23,Panauti HP,2400,15,078/79,-16885.3,1747431.62,2400000.0,4147431.62,3973658.08,156888.24
23,Panauti HP,2400,11,075/76,631.0,1737565.0,2400000.0,4137565.0,4137805.0,391.0
23,Panauti HP,2400,12,076/77,391.0,1601579.0,2400000.0,4001579.0,4004978.0,-3008.0
23,Panauti HP,2400,8,072/73,24346.2,1110451.2,2400000.0,3510451.2,3397524.0,137273.4
23,Panauti HP,2400,9,073/74,-41016.0,1387973.0,2400000.0,3787973.0,3755186.0,-8229.0
23,Panauti HP,2400,6,070/71,49358.81,1134038.76,2400000.0,3534038.76,3512641.0,70756.57
23,Panauti HP,2400,7,071/72,70756.6,883117.56,2400000.0,3283117.56,3329528.0,24346.16
23,Panauti HP,2400,5,069/70,346391.76,776481.0,2400000.0,3176481.0,3473514.0,49358.76
23,Panauti HP,2400,3,068/69,4810614.0,623307.72,2400000.0,3023307.7199999997,7487530.0,346391.72
23,Panauti HP,2400,2,067/68,2071854.18,1406670.36,2400000.0,3806670.3600000003,2590200.15,3288324.39
82,Phawa khola,5000,18,081/82,584552.31,2043179.25,500000.0,2543179.25,2504581.91,623149.65
82,Phawa khola,5000,19,082/83,0.0,1473301.83,0.0,1473301.83,2096451.48,-623149.65
23,Panauti HP,2400,1,066/67,3324682.61,1557706.68,2400000.0,3957706.6799999997,5210535.14,2071854.15
82,Phawa khola,5000,15,078/79,1996022.78,2851806.42,500000.0,3351806.42,4661933.25,685895.95
82,Phawa khola,5000,17,080/81,809656.73,2186072.1,500000.0,2686072.1,2911176.52,584552.31
82,Phawa khola,5000,16,079/80,685895.95,2330890.56,500000.0,2830890.56,2707129.78,809656.73
82,Phawa khola,5000,12,076/77,1290986.25,2714912.26,500000.0,3214912.26,2736489.0,1769409.51
82,Phawa khola,5000,11,075/76,1532428.0,858558.26,500000.0,1358558.26,1600000.0,1290986.26
82,Phawa khola,5000,14,077/78,1769409.25,2463102.53,500000.0,2963102.53,2736489.0,1996022.78
82,Phawa khola,5000,10,074/75,0.0,1032428.36,500000.0,1532428.3599999999,0.0,1532428.36
91,Pikhuwa Khola,5000,17,080/81,498810.21,2234393.94,500000.0,2734393.94,2789499.83,443704.32
91,Pikhuwa Khola,5000,19,082/83,0.0,2670307.61,0.0,2670307.61,2902646.31,-232338.7
91,Pikhuwa Khola,5000,18,081/82,443704.32,2520211.61,500000.0,3020211.61,3347402.24,116513.69
91,Pikhuwa Khola,5000,16,079/80,-8432.84,2440459.57,500000.0,2940459.57,2433216.52,498810.21
91,Pikhuwa Khola,5000,14,077/78,2608141.48,2076819.15,500000.0,2576819.15,2608141.0,2576819.63
91,Pikhuwa Khola,5000,15,078/79,2576819.63,2328197.35,500000.0,2828197.35,5413449.82,-8432.84
91,Pikhuwa Khola,5000,12,076/77,503462.48,1604678.9,500000.0,2104678.9,0.0,2608141.38
91,Pikhuwa Khola,5000,11,075/76,0.0,3462.48,500000.0,503462.48,0.0,503462.48
5,Piluwa Khola HP,3200,19,082/83,0.0,5341823.48,0.0,5341823.48,9067007.6,-3725184.12
5,Piluwa Khola HP,3200,17,080/81,4000766.8,5257759.16,3200000.0,8457759.16,11613436.56,845089.4
5,Piluwa Khola HP,3200,16,079/80,7207.03,7272674.2,3200000.0,10472674.2,6479114.43,4000766.8
5,Piluwa Khola HP,3200,18,081/82,845089.4,7054033.92,3200000.0,10254033.92,10185248.98,913874.34
5,Piluwa Khola HP,3200,14,077/78,14069217.0,5399110.56,3200000.0,8599110.559999999,20569217.0,2099110.56
5,Piluwa Khola HP,3200,15,078/79,2099110.56,7421092.81,3200000.0,10621092.809999999,12712996.34,7207.03
5,Piluwa Khola HP,3200,11,075/76,381652.0,4641736.56,3200000.0,7841736.56,1500000.0,6723388.56
5,Piluwa Khola HP,3200,9,073/74,4395582.0,1108420.42,0.0,1108420.42,2742074.0,2761928.42
5,Piluwa Khola HP,3200,8,072/73,1957195.1,1247072.2,320000.04,1567072.24,1678545.0,1845722.34
5,Piluwa Khola HP,3200,10,074/75,532068.0,958660.74,320000.0,1278660.74,1578836.0,231892.74
5,Piluwa Khola HP,3200,12,076/77,6723389.0,6845828.28,3200000.0,10045828.280000001,2700000.0,14069217.28
5,Piluwa Khola HP,3200,7,071/72,1958714.0,1358545.1,320000.04,1678545.1400000001,1680064.0,1957195.14
5,Piluwa Khola HP,3200,6,070/71,1569142.29,1360063.76,320000.04,1680063.8,1290495.0,1958711.09
5,Piluwa Khola HP,3200,3,068/69,1498659.85,1441417.22,320000.04,1761417.26,1411237.0,1848840.11
5,Piluwa Khola HP,3200,1,066/67,1872293.0,1308402.9,320000.04,1628402.94,2479630.0,870608.94
5,Piluwa Khola HP,3200,5,069/70,1848840.07,1400302.22,320000.04,1720302.26,2000000.0,1569142.33
5,Piluwa Khola HP,3200,2,067/68,870608.9,1405229.42,320000.04,1725229.46,1097178.0,1498660.36
143,Puwa 2,4960,19,082/83,0.0,1559093.1,0.0,1559093.1,1794341.01,-235247.91
143,Puwa 2,4960,18,081/82,1169192.12,1952474.04,496000.0,2448474.04,2963947.32,653718.84
143,Puwa 2,4960,16,079/80,0.0,834737.47,496000.0,1330737.47,615258.77,715478.7
143,Puwa 2,4960,17,080/81,715478.7,2053283.13,496000.0,2549283.13,2095569.71,1169192.12
79,Puwa Khola-1,4000,18,081/82,189791.89,1525350.32,400000.0,1925350.32,2025232.68,89909.53
79,Puwa Khola-1,4000,19,082/83,0.0,441932.57,0.0,441932.57,531829.14,-89896.57
79,Puwa Khola-1,4000,17,080/81,-159185.91,1230796.34,400000.0,1630796.34,1281818.54,189791.89
79,Puwa Khola-1,4000,15,078/79,229500.11,1485463.16,400000.0,1885463.16,1840390.15,274573.12
79,Puwa Khola-1,4000,16,079/80,274573.12,1632353.67,400000.0,2032353.67,2466112.7,-159185.91
79,Puwa Khola-1,4000,14,077/78,1013712.98,226366.63,400000.0,626366.63,1410579.5,229500.11
79,Puwa Khola-1,4000,11,075/76,225144.0,1656769.97,400000.0,2056769.97,1517525.0,764388.97
79,Puwa Khola-1,4000,10,074/75,0.0,585143.84,400000.0,985143.84,760000.0,225143.84
79,Puwa Khola-1,4000,12,076/77,764388.98,1259903.99,400000.0,1659903.99,1410579.5,1013713.47
52,Radhi Small,4400,18,081/82,201058.45,2524700.8,440000.0,2964700.8,2588420.84,577338.41
52,Radhi Small,4400,19,082/83,0.0,2313661.54,0.0,2313661.54,3183555.67,-869894.13
52,Radhi Small,4400,17,080/81,341803.71,678965.13,440000.0,1118965.13,1259710.39,201058.45
52,Radhi Small,4400,16,079/80,-210264.62,2670619.49,440000.0,3110619.49,2558551.16,341803.71
52,Radhi Small,4400,14,077/78,628059.0,2785453.49,440000.0,3225453.49,3172627.55,680884.94
52,Radhi Small,4400,15,078/79,680884.94,2468460.24,440000.0,2908460.24,3799609.8,-210264.62
52,Radhi Small,4400,11,075/76,1258741.0,2466007.74,440000.0,2906007.74,3455829.0,708919.74
52,Radhi Small,4400,12,076/77,708920.0,3949982.36,440000.0,4389982.359999999,4470842.6,628059.76
52,Radhi Small,4400,7,071/72,0.0,1887126.36,320000.04,2207126.4,968375.0,1238751.4
52,Radhi Small,4400,8,072/73,1238751.36,2207435.0,440000.04,2647435.04,3538905.79,347280.61
52,Radhi Small,4400,10,074/75,1330001.0,2273998.28,440000.0,2713998.28,2785258.0,1258741.28
52,Radhi Small,4400,9,073/74,1002076.0,2197333.06,0.0,2197333.06,1774612.95,1424796.11
194,Rahughat Mangale,37000,19,082/83,0.0,12926482.96,0.0,12926482.96,16626482.96,-3700000.0
180,Rasuwagadhi HPP,111000,19,082/83,0.0,21568711.68,0.0,21568711.68,31112088.1,-9543376.42
180,Rasuwagadhi HPP,111000,18,081/82,0.0,19307101.73,11100000.0,30407101.73,25866127.97,4540973.76
106,Rawa Khola,3000,19,082/83,0.0,1739199.15,0.0,1739199.15,2211982.8,-472783.65
106,Rawa Khola,3000,18,081/82,605822.25,1874730.74,300000.0,2174730.74,2396919.54,383633.45
106,Rawa Khola,3000,15,078/79,380890.06,858561.74,300000.0,1158561.74,1239038.86,300412.94
106,Rawa Khola,3000,17,080/81,705206.9,1486828.31,300000.0,1786828.31,1886212.96,605822.25
106,Rawa Khola,3000,14,077/78,0.0,80890.06,300000.0,380890.06,0.0,380890.06
106,Rawa Khola,3000,16,079/80,300412.94,981421.63,300000.0,1281421.63,876627.67,705206.9
189,Rele Khola HPP,6000,18,081/82,0.0,0.0,600000.0,600000.0,0.0,600000.0
189,Rele Khola HPP,6000,19,082/83,0.0,3261406.14,0.0,3261406.14,3861406.13,-599999.99
114,Richet Khola SHP,5000,19,082/83,0.0,2049767.6,0.0,2049767.6,2625461.9,-575694.3
114,Richet Khola SHP,5000,18,081/82,571987.21,1451048.14,500000.0,1951048.14,1898818.49,624216.86
114,Richet Khola SHP,5000,16,079/80,3749.62,1927734.36,500000.0,2427734.3600000003,1798744.65,632739.33
114,Richet Khola SHP,5000,17,080/81,632739.33,1647053.37,500000.0,2147053.37,2207805.49,571987.21
114,Richet Khola SHP,5000,15,078/79,0.0,1640118.2,500000.0,2140118.2,2136368.58,3749.62
6,Ridi Khola HP,2400,19,082/83,0.0,4288576.93,0.0,4288576.93,8851611.9,-4563034.97
6,Ridi Khola HP,2400,16,079/80,74006.1,985241.02,240000.0,1225241.02,956901.59,342345.53
6,Ridi Khola HP,2400,14,077/78,1463739.0,1069198.24,240000.0,1309198.24,1463739.0,1309198.24
6,Ridi Khola HP,2400,18,081/82,286086.23,2584457.63,2400000.0,4984457.63,3587044.7,1683499.16
6,Ridi Khola HP,2400,15,078/79,1309198.24,1150294.94,240000.0,1390294.94,2625487.08,74006.1
6,Ridi Khola HP,2400,17,080/81,342345.53,981894.08,240000.0,1221894.08,1278153.38,286086.23
6,Ridi Khola HP,2400,12,076/77,1170091.0,992207.95,240000.0,1232207.95,938560.13,1463738.82
6,Ridi Khola HP,2400,10,074/75,6333103.0,887544.79,240000.0,1127544.79,5718206.0,1742441.79
6,Ridi Khola HP,2400,8,072/73,4110454.66,867751.82,240000.0,1107751.8199999998,0.0,5218206.48
6,Ridi Khola HP,2400,9,073/74,2500022.0,874897.0,240000.0,1114897.0,0.0,3614919.0
6,Ridi Khola HP,2400,11,075/76,1742442.0,848475.45,240000.0,1088475.45,1660826.0,1170091.45
6,Ridi Khola HP,2400,7,071/72,2733706.52,1136748.14,240000.0,1376748.14,0.0,4110454.66
6,Ridi Khola HP,2400,6,070/71,3729635.88,1088460.64,240000.0,1328460.64,2324390.0,2733706.52
6,Ridi Khola HP,2400,5,069/70,2324390.46,1165245.42,240000.0,1405245.42,0.0,3729635.88
6,Ridi Khola HP,2400,2,067/68,581941.7,1241703.72,240000.0,1481703.72,821942.0,1241703.42
6,Ridi Khola HP,2400,3,068/69,1241704.0,1082686.46,240000.0,1322686.46,240000.0,2324390.46
6,Ridi Khola HP,2400,1,066/67,0.0,581941.7,240000.0,821941.7,240000.0,581941.7
88,Rudi A,8800,19,082/83,0.0,5041027.25,0.0,5041027.25,6170811.04,-1129783.79
88,Rudi A,8800,14,077/78,630125.48,2367771.56,880000.0,3247771.56,3444857.22,433039.82
88,Rudi A,8800,16,079/80,273253.66,4722814.84,880000.0,5602814.84,5530878.63,345189.87
88,Rudi A,8800,12,076/77,1426308.48,4629948.85,880000.0,5509948.85,6306132.16,630125.17
88,Rudi A,8800,17,080/81,345189.87,4415344.11,880000.0,5295344.11,5558774.99,81758.99
88,Rudi A,8800,15,078/79,433039.82,4816375.39,880000.0,5696375.39,5856161.55,273253.66
88,Rudi A,8800,18,081/82,81758.99,4610353.14,880000.0,5490353.14,5360203.53,211908.6
88,Rudi A,8800,11,075/76,0.0,546308.48,880000.0,1426308.48,0.0,1426308.48
93,Rudi Khola-B,6600,17,080/81,250580.76,2937150.73,660000.0,3597150.73,3769747.94,77983.55
93,Rudi Khola-B,6600,15,078/79,471134.53,3053621.72,660000.0,3713621.72,4011971.72,172784.53
93,Rudi Khola-B,6600,18,081/82,77983.55,2940882.85,660000.0,3600882.85,3564304.52,114561.88
93,Rudi Khola-B,6600,19,082/83,0.0,3344578.91,0.0,3344578.91,3925140.75,-580561.84
93,Rudi Khola-B,6600,16,079/80,172784.53,1073678.63,660000.0,1733678.63,1655882.4,250580.76
93,Rudi Khola-B,6600,14,077/78,612616.0,1871597.57,660000.0,2531597.5700000003,2673079.04,471134.53
93,Rudi Khola-B,6600,12,076/77,0.0,612615.68,660000.0,1272615.6800000002,660000.0,612615.68
150,Rukum gad,5000,19,082/83,0.0,1430343.46,0.0,1430343.46,2415373.25,-985029.79
150,Rukum gad,5000,18,081/82,782359.97,1782087.65,500000.0,2282087.65,2276149.06,788298.56
150,Rukum gad,5000,17,080/81,50650.05,1295353.32,500000.0,1795353.32,1063643.4,782359.97
150,Rukum gad,5000,16,079/80,0.0,61260.64,500000.0,561260.64,510610.59,50650.05
71,Sabha Khola HPP,4000,19,082/83,0.0,1646917.27,0.0,1646917.27,2475109.85,-828192.58
71,Sabha Khola HPP,4000,15,078/79,1745392.77,1723545.12,400000.0,2123545.12,3283341.28,585596.61
71,Sabha Khola HPP,4000,16,079/80,585596.61,1720179.82,400000.0,2120179.8200000003,2486478.88,219297.55
71,Sabha Khola HPP,4000,18,081/82,404032.41,1841949.98,400000.0,2241949.98,1973724.54,672257.85
71,Sabha Khola HPP,4000,17,080/81,219297.55,1582301.12,400000.0,1982301.12,1797566.26,404032.41
71,Sabha Khola HPP,4000,14,077/78,3931768.29,1345392.48,400000.0,1745392.48,3931768.0,1745392.77
71,Sabha Khola HPP,4000,12,076/77,3292862.29,1548382.79,400000.0,1948382.79,1309477.0,3931768.08
71,Sabha Khola HPP,4000,11,075/76,1309477.0,1583385.3,400000.0,1983385.3,0.0,3292862.3
71,Sabha Khola HPP,4000,10,074/75,0.0,909476.97,400000.0,1309476.97,0.0,1309476.97
191,Sagu khola 1 HPP,5500,19,082/83,0.0,2580661.91,0.0,2580661.91,2151251.01,429410.9
192,Sagu Khola HEP,20000,19,082/83,0.0,6628809.89,0.0,6628809.89,4961632.15,1667177.74
50,Sanima Mai,22000,18,081/82,755724.48,10789373.81,2200000.0,12989373.81,12609388.11,1135710.18
50,Sanima Mai,22000,17,080/81,484667.68,11774281.44,2200000.0,13974281.44,13703224.64,755724.48
50,Sanima Mai,22000,19,082/83,0.0,5398128.14,0.0,5398128.14,9962912.45,-4564784.31
50,Sanima Mai,22000,16,079/80,862010.34,11358819.86,2200000.0,13558819.86,13936162.52,484667.68
50,Sanima Mai,22000,14,077/78,1872153.0,11759774.74,2200000.0,13959774.74,13972330.96,1859596.78
50,Sanima Mai,22000,15,078/79,1859596.78,12970895.51,2200000.0,15170895.51,16168481.95,862010.34
50,Sanima Mai,22000,12,076/77,2188065.0,14444895.68,2200000.0,16644895.68,16960807.65,1872153.03
50,Sanima Mai,22000,10,074/75,1916487.0,10505206.36,2200000.0,12705206.36,12000000.0,2621693.36
50,Sanima Mai,22000,11,075/76,2621693.0,10217932.76,2200000.0,12417932.76,12851561.0,2188064.76
50,Sanima Mai,22000,7,071/72,0.0,1283159.8,2199999.96,3483159.76,0.0,3483159.76
50,Sanima Mai,22000,9,073/74,2717647.0,10747007.42,0.0,10747007.42,12389145.34,1075509.08
50,Sanima Mai,22000,8,072/73,3483159.8,4979774.66,2199999.96,7179774.62,9304309.71,1358624.71
179,Sanjen,42500,18,081/82,0.0,8553365.58,4250000.0,12803365.58,11014643.66,1788721.92
179,Sanjen,42500,19,082/83,0.0,22354564.4,0.0,22354564.4,25047043.81,-2692479.41
181,Sanjen Khola HPP,78000,19,082/83,0.0,19974553.97,0.0,19974553.97,26862892.76,-6888338.79
181,Sanjen Khola HPP,78000,18,081/82,0.0,8035376.24,7800000.0,15835376.24,13501094.16,2334282.08
127,Sapsu Khola Small HP,7151,19,082/83,0.0,1578316.58,0.0,1578316.58,2541174.44,-962857.86
127,Sapsu Khola Small HP,7151,18,081/82,1856843.74,2665594.36,715100.0,3380694.36,2370157.13,2867380.97
127,Sapsu Khola Small HP,7151,17,080/81,1093907.53,2464826.57,715100.0,3179926.57,2416990.36,1856843.74
127,Sapsu Khola Small HP,7151,15,078/79,0.0,829969.5,715100.0,1545069.5,617710.16,927359.34
127,Sapsu Khola Small HP,7151,16,079/80,927359.34,2587977.63,715100.0,3303077.63,3136529.44,1093907.53
74,Sardi Khola HPP,4000,19,082/83,0.0,2259967.1,0.0,2259967.1,2750830.24,-490863.14
74,Sardi Khola HPP,4000,17,080/81,226290.19,2161818.9,400000.0,2561818.9,2712527.45,75581.64
74,Sardi Khola HPP,4000,18,081/82,75581.64,2136215.48,400000.0,2536215.48,2520933.98,90863.14
74,Sardi Khola HPP,4000,14,077/78,536769.47,1879312.86,400000.0,2279312.8600000003,2364310.59,451771.74
74,Sardi Khola HPP,4000,15,078/79,451771.74,2302866.92,400000.0,2702866.92,3006440.73,148197.93
74,Sardi Khola HPP,4000,16,079/80,148197.93,1896711.63,400000.0,2296711.63,2218619.37,226290.19
74,Sardi Khola HPP,4000,12,076/77,475150.47,2153384.1,400000.0,2553384.1,2491764.81,536769.76
74,Sardi Khola HPP,4000,11,075/76,352904.0,1774359.46,400000.0,2174359.46,2052113.0,475150.46
74,Sardi Khola HPP,4000,10,074/75,0.0,619144.56,400000.0,1019144.56,666241.0,352903.56
31,Seti  HP,1500,19,082/83,0.0,6369941.74,0.0,6369941.74,7869941.74,-1500000.0
31,Seti  HP,1500,17,080/81,1006831.43,6301178.48,1500000.0,7801178.48,5981454.73,2826555.18
31,Seti  HP,1500,15,078/79,-67054.81,5900806.01,1500000.0,7400806.01,6930522.77,403228.43
31,Seti  HP,1500,18,081/82,2826555.18,5603272.25,1500000.0,7103272.25,7454753.04,2475074.39
31,Seti  HP,1500,14,077/78,-11328.0,6323393.71,1500000.0,7823393.71,7879120.52,-67054.81
31,Seti  HP,1500,16,079/80,403228.43,6356606.64,1500000.0,7856606.64,7253003.64,1006831.43
31,Seti  HP,1500,12,076/77,1237.0,5920558.0,1500000.0,7420558.0,7433123.0,-11328.0
31,Seti  HP,1500,8,072/73,150608.22,5923528.08,1500000.0,7423528.08,7670597.0,-96460.7
31,Seti  HP,1500,9,073/74,-219545.0,4328974.0,1500000.0,5828974.0,5634534.0,-25105.0
31,Seti  HP,1500,11,075/76,5880.0,5494953.0,1500000.0,6994953.0,6999596.0,1237.0
31,Seti  HP,1500,10,074/75,-25105.0,5484939.0,1500000.0,6984939.0,6953954.0,5880.0
31,Seti  HP,1500,6,070/71,302565.07,5875195.08,1500000.0,7375195.08,7308384.0,369376.15
31,Seti  HP,1500,7,071/72,369376.15,5531211.12,1500000.0,7031211.12,7249979.0,150608.27
31,Seti  HP,1500,5,069/70,1203566.57,5679569.52,1500000.0,7179569.52,8080571.0,302565.09
31,Seti  HP,1500,3,068/69,13263967.0,5616656.52,1500000.0,7116656.52,19177057.0,1203566.52
31,Seti  HP,1500,2,067/68,11646172.94,6257038.32,1500000.0,7757038.32,2024425.52,17378785.74
31,Seti  HP,1500,1,066/67,7362941.43,6039816.0,1500000.0,7539816.0,3256584.46,11646172.97
175,Seti Khola HPP,3500,19,082/83,0.0,1228515.86,0.0,1228515.86,2121356.95,-892841.09
175,Seti Khola HPP,3500,17,080/81,0.0,0.0,350000.0,350000.0,0.0,350000.0
175,Seti Khola HPP,3500,18,081/82,350000.0,968902.89,350000.0,1318902.8900000001,1245247.97,423654.92
176,Seti Nadi hpp,25000,19,082/83,0.0,8584430.89,0.0,8584430.89,10347844.85,-1763413.96
176,Seti Nadi hpp,25000,18,081/82,0.0,7583271.61,2500000.0,10083271.61,8906933.67,1176337.94
113,Singati,25000,19,082/83,0.0,12683194.43,0.0,12683194.43,15478438.18,-2795243.75
113,Singati,25000,16,079/80,782351.28,13070377.91,2500000.0,15570377.91,12773619.85,3579109.34
113,Singati,25000,18,081/82,4882607.5,12445237.06,5692097.45,18137334.51,15762137.1,7257804.91
113,Singati,25000,17,080/81,3579109.34,11980514.3,5421045.19,17401559.490000002,16098061.33,4882607.5
113,Singati,25000,15,078/79,0.0,11121475.31,2500000.0,13621475.31,12839124.03,782351.28
41,Sipring Khola HP,10000,19,082/83,0.0,4124309.03,0.0,4124309.03,6705773.06,-2581464.03
41,Sipring Khola HP,10000,18,081/82,1003309.31,3508023.24,1000000.0,4508023.24,3929868.52,1581464.03
41,Sipring Khola HP,10000,14,077/78,665439.0,4042444.06,1000000.0,5042444.0600000005,5708025.21,-142.15
41,Sipring Khola HP,10000,16,079/80,378779.96,4182750.07,1000000.0,5182750.07,4092229.29,1469300.74
41,Sipring Khola HP,10000,15,078/79,-142.15,4003962.17,1000000.0,5003962.17,4625040.06,378779.96
41,Sipring Khola HP,10000,17,080/81,1469300.74,3305682.48,1000000.0,4305682.48,4771673.91,1003309.31
41,Sipring Khola HP,10000,12,076/77,8688934.0,6727703.06,1000000.0,7727703.06,15751198.07,665438.99
41,Sipring Khola HP,10000,11,075/76,4418434.0,3270499.9,1000000.0,4270499.9,0.0,8688933.9
41,Sipring Khola HP,10000,8,072/73,6813085.42,153931.54,999999.96,1153931.5,0.0,7967016.92
41,Sipring Khola HP,10000,10,074/75,3452095.0,3417916.64,1000000.0,4417916.640000001,3451578.0,4418433.64
41,Sipring Khola HP,10000,9,073/74,2735468.0,3451576.06,0.0,3451576.06,8966498.17,-2779454.11
41,Sipring Khola HP,10000,7,071/72,2508913.2,3304172.22,999999.96,4304172.18,0.0,6813085.38
41,Sipring Khola HP,10000,6,070/71,1772304.0,2508913.2,999999.96,3508913.16,2772304.0,2508913.16
41,Sipring Khola HP,10000,5,069/70,0.0,772304.0,999999.96,1772303.96,0.0,1772303.96
40,Siuri HP,5000,19,082/83,0.0,2543686.85,0.0,2543686.85,3184666.64,-640979.79
40,Siuri HP,5000,17,080/81,734217.07,2404750.65,500000.0,2904750.65,3042763.54,596204.18
40,Siuri HP,5000,16,079/80,211942.31,2527159.41,500000.0,3027159.41,2504884.65,734217.07
40,Siuri HP,5000,14,077/78,1692618.0,2051872.12,500000.0,2551872.12,1692618.0,2551872.12
40,Siuri HP,5000,15,078/79,2551872.12,2259819.33,500000.0,2759819.33,5099749.14,211942.31
40,Siuri HP,5000,18,081/82,596204.18,2253607.37,500000.0,2753607.37,2708831.76,640979.79
40,Siuri HP,5000,12,076/77,2128593.0,4286525.02,500000.0,4786525.02,5222499.95,1692618.07
40,Siuri HP,5000,11,075/76,3488722.0,2176516.44,500000.0,2676516.44,5517977.0,647261.44
40,Siuri HP,5000,7,071/72,4083472.46,2159754.84,500000.04,2659754.88,6408448.0,1266459.34
40,Siuri HP,5000,10,074/75,1014200.0,2130706.42,500000.0,2630706.42,0.0,3644906.42
40,Siuri HP,5000,8,072/73,1266459.3,2040648.78,500000.04,2540648.82,0.0,3807108.12
40,Siuri HP,5000,9,073/74,7967017.0,1974522.46,0.0,1974522.46,5267429.0,4674110.46
40,Siuri HP,5000,6,070/71,1474561.18,2108911.28,500000.04,2608911.32,0.0,4083472.5
40,Siuri HP,5000,5,069/70,0.0,974561.18,500000.04,1474561.22,0.0,1474561.22
105,Solu,23500,19,082/83,0.0,12260374.25,0.0,12260374.25,13984389.03,-1724014.78
105,Solu,23500,18,081/82,16248407.79,13109687.37,6035396.64,19145084.009999998,16467523.25,18925968.55
105,Solu,23500,16,079/80,13296044.8,12801849.42,2350000.0,15151849.42,13996478.3,14451415.92
105,Solu,23500,14,077/78,5893767.0,5833840.8,2350000.0,8183840.8,5893767.0,8183840.8
105,Solu,23500,15,078/79,8183840.8,6790596.58,2350000.0,9140596.58,4028392.58,13296044.8
105,Solu,23500,17,080/81,14451415.92,12560726.69,5747996.8,18308723.49,16511731.62,16248407.79
105,Solu,23500,12,076/77,0.0,1166148.24,4727618.47,5893766.71,0.0,5893766.71
139,Solu Khola (Dudhkoshi),86000,19,082/83,0.0,55366905.05,0.0,55366905.05,50977972.89,4388932.16
139,Solu Khola (Dudhkoshi),86000,16,079/80,0.0,8346865.73,8600000.0,16946865.73,4249017.48,12697848.25
139,Solu Khola (Dudhkoshi),86000,17,080/81,12697848.25,48359877.67,8600000.0,56959877.67,59017467.45,10640258.47
139,Solu Khola (Dudhkoshi),86000,18,081/82,10640258.47,51751612.29,8600000.0,60351612.29,68739045.68,2252825.08
26,Sunkoshi  HP,10050,17,080/81,227229.01,31309942.2,10050000.0,41359942.2,32317912.08,9269259.13
26,Sunkoshi  HP,10050,18,081/82,9269259.13,29608670.32,10050000.0,39658670.32,41405144.12,7522785.33
26,Sunkoshi  HP,10050,14,077/78,-64640.0,30277778.54,10050000.0,40327778.54,40584101.02,-320962.48
26,Sunkoshi  HP,10050,19,082/83,0.0,34537591.48,0.0,34537591.48,44587591.48,-10050000.0
26,Sunkoshi  HP,10050,15,078/79,-320962.48,34225059.57,10050000.0,44275059.57,40850868.02,3103229.07
26,Sunkoshi  HP,10050,16,079/80,3103229.07,29762871.55,10050000.0,39812871.55,42688871.61,227229.01
26,Sunkoshi  HP,10050,11,075/76,31760.0,33228123.0,10050000.0,43278123.0,43302404.0,7479.0
26,Sunkoshi  HP,10050,12,076/77,7479.0,33982329.0,10050000.0,44032329.0,44104448.0,-64640.0
26,Sunkoshi  HP,10050,10,074/75,-147774.0,29637067.0,10050000.0,39687067.0,39507533.0,31760.0
26,Sunkoshi  HP,10050,9,073/74,-711394.0,24900169.0,10050000.0,34950169.0,34386549.0,-147774.0
26,Sunkoshi  HP,10050,8,072/73,368596.59,19313494.44,10050000.0,29363494.44,25151779.0,4580312.03
26,Sunkoshi  HP,10050,7,071/72,2183765.61,12257199.0,10050000.0,22307199.0,24122368.0,368596.61
26,Sunkoshi  HP,10050,5,069/70,6938601.38,34121551.68,10050000.0,44171551.68,49305248.0,1804905.06
26,Sunkoshi  HP,10050,6,070/71,1804905.02,34718128.56,10050000.0,44768128.56,44389268.0,2183765.58
26,Sunkoshi  HP,10050,2,067/68,61591760.73,32398515.36,10050000.0,42448515.36,12944524.39,91095751.7
26,Sunkoshi  HP,10050,3,068/69,73209400.0,35637931.44,10050000.0,45687931.44,111958730.0,6938601.44
13,Sunkoshi Small HP,2600,19,082/83,0.0,5398951.04,0.0,5398951.04,7641841.29,-2242890.25
26,Sunkoshi  HP,10050,1,066/67,42577040.72,30783835.92,10050000.0,40833835.92,21819115.9,61591760.74
13,Sunkoshi Small HP,2600,18,081/82,229781.15,5392232.14,2600000.0,7992232.14,7912898.61,309114.68
13,Sunkoshi Small HP,2600,17,080/81,403800.27,5173545.48,2600000.0,7773545.48,7947564.6,229781.15
13,Sunkoshi Small HP,2600,16,079/80,442005.31,4964533.4,2600000.0,7564533.4,7602738.44,403800.27
13,Sunkoshi Small HP,2600,15,078/79,1035474.61,4518222.66,2600000.0,7118222.66,7711691.96,442005.31
13,Sunkoshi Small HP,2600,12,076/77,298526.0,2007772.64,2600000.0,4607772.64,1120045.61,3786253.03
13,Sunkoshi Small HP,2600,14,077/78,3786253.0,5124326.69,2600000.0,7724326.69,10475105.08,1035474.61
13,Sunkoshi Small HP,2600,11,075/76,306558.0,1145729.36,260000.0,1405729.36,1413761.0,298526.36
13,Sunkoshi Small HP,2600,9,073/74,1845722.0,845334.24,0.0,845334.24,1026965.07,1664091.17
13,Sunkoshi Small HP,2600,10,074/75,140643.0,1030740.74,260000.0,1290740.74,1124826.0,306557.74
13,Sunkoshi Small HP,2600,7,071/72,156388.0,184412.7,260000.04,444412.74,358060.0,242740.74
13,Sunkoshi Small HP,2600,8,072/73,242740.7,333073.92,260000.04,593073.96,773541.45,62273.21
13,Sunkoshi Small HP,2600,6,070/71,126200.88,1067784.36,260000.04,1327784.4000000001,1294733.83,159251.45
13,Sunkoshi Small HP,2600,5,069/70,-20711.42,521912.66,260000.04,781912.7,635000.36,126200.92
13,Sunkoshi Small HP,2600,2,067/68,-7949.0,1019944.6,260000.04,1279944.64,1125964.03,146031.61
13,Sunkoshi Small HP,2600,3,068/69,145835.7,985129.46,260000.04,1245129.5,1411302.58,-20711.38
13,Sunkoshi Small HP,2600,1,066/67,685489.0,969226.18,260000.04,1229226.22,1922278.0,-7948.96
160,Super Chepe,9050,19,082/83,0.0,5826246.54,0.0,5826246.54,6214421.34,-388174.8
160,Super Chepe,9050,17,080/81,0.0,2039265.03,905000.0,2944265.0300000003,1563569.66,1380695.37
160,Super Chepe,9050,18,081/82,1380695.37,5928182.7,905000.0,6833182.7,7617175.32,596702.75
151,Super Dordi Kha,54000,19,082/83,0.0,20070256.1,0.0,20070256.1,21634672.99,-1564416.89
151,Super Dordi Kha,54000,17,080/81,6672858.76,12716576.16,5400000.0,18116576.16,17800655.8,6988779.12
151,Super Dordi Kha,54000,16,079/80,0.0,1272858.76,5400000.0,6672858.76,0.0,6672858.76
151,Super Dordi Kha,54000,18,081/82,6988779.12,18995617.76,5400000.0,24395617.76,29819979.99,1564416.89
185,Super Hewa HPP,6000,19,082/83,0.0,2993392.05,0.0,2993392.05,3420986.41,-427594.36
185,Super Hewa HPP,6000,18,081/82,0.0,596914.16,600000.0,1196914.1600000001,596914.16,600000.0
178,Super Kabeli Khola A HEP,13500,19,082/83,0.0,6073941.78,0.0,6073941.78,7579141.06,-1505199.28
178,Super Kabeli Khola A HEP,13500,18,081/82,0.0,2816728.78,1350000.0,4166728.78,3348382.45,818346.33
183,Super Kabeli Khola HPP,12000,19,082/83,0.0,6321438.04,0.0,6321438.04,7637703.88,-1316265.84
183,Super Kabeli Khola HPP,12000,18,081/82,0.0,1778758.77,1200000.0,2978758.77,2164182.35,814576.42
149,Super Madi,44000,19,082/83,0.0,18232953.35,0.0,18232953.35,23125195.28,-4892241.93
149,Super Madi,44000,16,079/80,0.0,4095994.36,4400000.0,8495994.36,199810.12,8296184.24
149,Super Madi,44000,18,081/82,10850808.35,22182991.21,4400000.0,26582991.21,34759833.05,2673966.51
149,Super Madi,44000,17,080/81,8296184.24,25018919.01,4400000.0,29418919.01,26864294.9,10850808.35
92,Super Mai A,9600,17,080/81,1360610.57,5054384.37,960000.0,6014384.37,6211583.11,1163411.83
92,Super Mai A,9600,19,082/83,0.0,4199004.35,0.0,4199004.35,4802754.5,-603750.15
92,Super Mai A,9600,18,081/82,1163411.83,4711057.26,960000.0,5671057.26,5603723.88,1230745.21
92,Super Mai A,9600,15,078/79,1776928.67,5341305.71,960000.0,6301305.71,7713064.49,365169.89
92,Super Mai A,9600,16,079/80,365169.89,5085316.7,960000.0,6045316.7,5049876.02,1360610.57
92,Super Mai A,9600,14,077/78,960000.0,4495161.97,960000.0,5455161.97,4638233.3,1776928.67
92,Super Mai A,9600,12,076/77,0.0,0.0,960000.0,960000.0,0.0,960000.0
87,Super Mai HPP,7800,17,080/81,312169.99,4391196.77,780000.0,5171196.77,5252483.66,230883.1
87,Super Mai HPP,7800,18,081/82,230883.1,4063276.33,780000.0,4843276.33,4810721.61,263437.82
87,Super Mai HPP,7800,19,082/83,0.0,3219537.89,0.0,3219537.89,3965740.59,-746202.7
87,Super Mai HPP,7800,15,078/79,1533358.24,4864180.62,780000.0,5644180.62,6802394.5,375144.36
87,Super Mai HPP,7800,14,077/78,-315.46,4219493.12,780000.0,4999493.12,3465819.42,1533358.24
87,Super Mai HPP,7800,16,079/80,375144.36,4330253.4,780000.0,5110253.4,5173227.77,312169.99
87,Super Mai HPP,7800,12,076/77,857080.54,4102331.02,780000.0,4882331.02,5739686.44,-274.88
87,Super Mai HPP,7800,11,075/76,0.0,1675741.58,780000.0,2455741.58,1598661.0,857080.58
95,Super Mai Khola Cascade HPP,3000,19,082/83,0.0,659136.14,0.0,659136.14,953190.25,-294054.11
95,Super Mai Khola Cascade HPP,3000,18,081/82,676606.18,1289101.36,300000.0,1589101.36,1882329.16,383378.38
95,Super Mai Khola Cascade HPP,3000,16,079/80,122231.99,1474768.04,300000.0,1774768.04,1496016.18,400983.85
95,Super Mai Khola Cascade HPP,3000,12,076/77,0.0,0.0,300000.0,300000.0,0.0,300000.0
95,Super Mai Khola Cascade HPP,3000,15,078/79,2074635.33,1389296.92,300000.0,1689296.92,3641700.26,122231.99
95,Super Mai Khola Cascade HPP,3000,14,077/78,300000.0,2742398.36,300000.0,3042398.36,1267763.03,2074635.33
95,Super Mai Khola Cascade HPP,3000,17,080/81,400983.85,1395038.57,300000.0,1695038.57,1419416.24,676606.18
129,Suri Khola,7000,19,082/83,0.0,3479803.5,0.0,3479803.5,4330321.97,-850518.47
129,Suri Khola,7000,18,081/82,837762.04,3590992.05,700000.0,4290992.05,4278235.62,850518.47
129,Suri Khola,7000,16,079/80,130606.37,3284091.16,700000.0,3984091.16,3886773.64,227923.89
129,Suri Khola,7000,15,078/79,0.0,181709.09,700000.0,881709.09,751102.72,130606.37
129,Suri Khola,7000,17,080/81,227923.89,3418621.96,700000.0,4118621.96,3508783.81,837762.04
42,Tadikhola HP,5000,18,081/82,598297.94,2514146.31,500000.0,3014146.31,3430594.28,181849.97
42,Tadikhola HP,5000,15,078/79,5926723.42,3117051.22,500000.0,3617051.22,9306736.21,237038.43
42,Tadikhola HP,5000,19,082/83,0.0,2833908.55,0.0,2833908.55,3515758.52,-681849.97
42,Tadikhola HP,5000,17,080/81,743700.21,2549937.07,500000.0,3049937.07,3195339.34,598297.94
42,Tadikhola HP,5000,16,079/80,237038.43,2398329.13,500000.0,2898329.13,2391667.35,743700.21
42,Tadikhola HP,5000,14,077/78,3050501.0,2376222.42,500000.0,2876222.42,0.0,5926723.42
42,Tadikhola HP,5000,12,076/77,2948156.0,4327687.53,500000.0,4827687.53,4725343.16,3050500.37
42,Tadikhola HP,5000,11,075/76,3037058.0,2448106.28,500000.0,2948106.28,3037008.0,2948156.28
42,Tadikhola HP,5000,9,073/74,1510447.0,2701317.0,500000.0,3201317.0,2735470.0,1976294.0
42,Tadikhola HP,5000,10,074/75,3201315.0,2537046.2,500000.0,3037046.2,3201303.0,3037058.2
42,Tadikhola HP,5000,7,071/72,2670488.8,3096303.52,500000.04,3596303.56,2937827.0,3328965.36
42,Tadikhola HP,5000,8,072/73,3328965.32,2235469.9,500000.04,2735469.94,3328967.0,2735468.26
42,Tadikhola HP,5000,6,070/71,573389.38,1597099.42,500000.04,2097099.46,0.0,2670488.84
42,Tadikhola HP,5000,5,069/70,0.0,73389.38,500000.04,573389.4199999999,0.0,573389.42
110,Taksar Pikhuwa,8000,15,078/79,1036302.45,2170277.87,800000.0,2970277.87,4001034.68,5545.64
110,Taksar Pikhuwa,8000,19,082/83,0.0,4564218.11,0.0,4564218.11,5132350.89,-568132.78
110,Taksar Pikhuwa,8000,16,079/80,5545.64,3345746.21,800000.0,4145746.21,3084050.36,1067241.49
110,Taksar Pikhuwa,8000,18,081/82,807908.68,4238776.79,800000.0,5038776.79,4692652.0,1154033.47
110,Taksar Pikhuwa,8000,17,080/81,1067241.49,3587887.3,800000.0,4387887.3,4647220.11,807908.68
110,Taksar Pikhuwa,8000,14,077/78,0.0,236302.45,800000.0,1036302.45,0.0,1036302.45
21,Tatopani HP,2000,19,082/83,0.0,105994.88,0.0,105994.88,2105994.88,-2000000.0
21,Tatopani HP,2000,18,081/82,417384.59,0.0,2000000.0,2000000.0,2007862.52,409522.07
21,Tatopani HP,2000,16,079/80,14336.34,381955.74,2000000.0,2381955.74,2019614.17,376677.91
21,Tatopani HP,2000,17,080/81,376677.91,140955.49,2000000.0,2140955.49,2100248.81,417384.59
21,Tatopani HP,2000,15,078/79,-10258.72,374928.36,2000000.0,2374928.36,2350333.3,14336.34
21,Tatopani HP,2000,14,077/78,-2397.0,968080.22,2000000.0,2968080.2199999997,2975941.94,-10258.72
21,Tatopani HP,2000,11,075/76,1008.0,983002.0,2000000.0,2983002.0,2983789.0,221.0
21,Tatopani HP,2000,12,076/77,221.0,1233639.0,2000000.0,3233639.0,3236257.0,-2397.0
21,Tatopani HP,2000,10,074/75,-3152.0,939070.0,2000000.0,2939070.0,2934910.0,1008.0
21,Tatopani HP,2000,8,072/73,28.96,1267579.2,2000000.04,3267579.24,2001233.0,1266375.2
21,Tatopani HP,2000,9,073/74,-204552.0,720534.0,2000000.0,2720534.0,2519134.0,-3152.0
21,Tatopani HP,2000,7,071/72,1177.96,0.0,2000000.04,2000000.04,2001149.0,29.0
21,Tatopani HP,2000,6,070/71,19720.96,0.0,2000000.04,2000000.04,2018543.0,1178.0
21,Tatopani HP,2000,5,069/70,448650.96,0.0,2000000.04,2000000.04,2428930.0,19721.0
21,Tatopani HP,2000,1,066/67,1466801.8,1914252.72,2000000.04,3914252.76,2992112.62,2388941.94
21,Tatopani HP,2000,2,067/68,2388941.92,1898709.84,2000000.04,3898709.88,2187889.57,4099762.23
21,Tatopani HP,2000,3,068/69,4752173.0,2285908.92,2000000.04,4285908.96,8589431.0,448650.96
72,Thapa Khola HPP,13600,19,082/83,0.0,924986.99,0.0,924986.99,1309657.33,-384670.34
72,Thapa Khola HPP,13600,18,081/82,3722661.35,2260584.97,1360000.0,3620584.97,1913338.23,5429908.09
72,Thapa Khola HPP,13600,12,076/77,3932574.16,1647107.52,1360000.0,3007107.52,1539888.0,5399793.68
72,Thapa Khola HPP,13600,14,077/78,5399794.16,1219854.92,1360000.0,2579854.92,0.0,7979649.08
72,Thapa Khola HPP,13600,15,078/79,7979649.08,3247384.67,1360000.0,4607384.67,11389373.36,1197660.39
72,Thapa Khola HPP,13600,17,080/81,3153632.76,2539486.24,1360000.0,3899486.24,3330457.65,3722661.35
72,Thapa Khola HPP,13600,11,075/76,1539887.46,1032686.69,1360000.0,2392686.69,0.0,3932574.15
72,Thapa Khola HPP,13600,16,079/80,1197660.39,2652448.62,1360000.0,4012448.62,2056476.25,3153632.76
72,Thapa Khola HPP,13600,10,074/75,0.0,179887.44,1360000.0,1539887.44,0.0,1539887.44
85,Theule Khola HPP,1500,19,082/83,0.0,551161.49,0.0,551161.49,879045.5,-327884.01
85,Theule Khola HPP,1500,18,081/82,151112.41,513383.42,150000.0,663383.4199999999,486611.82,327884.01
85,Theule Khola HPP,1500,16,079/80,196836.58,524191.16,150000.0,674191.1599999999,704281.92,166745.82
85,Theule Khola HPP,1500,17,080/81,166745.82,515701.99,150000.0,665701.99,681335.4,151112.41
85,Theule Khola HPP,1500,15,078/79,507569.01,570629.19,150000.0,720629.19,1031361.62,196836.58
85,Theule Khola HPP,1500,14,077/78,828782.55,357569.46,150000.0,507569.46,828783.0,507569.01
85,Theule Khola HPP,1500,12,076/77,312009.55,516773.47,150000.0,666773.47,150000.0,828783.02
85,Theule Khola HPP,1500,11,075/76,0.0,312009.54,150000.0,462009.54,150000.0,312009.54
16,Thoppal Khola HP,1650,17,080/81,2047029.34,0.0,1650000.0,1650000.0,0.0,3697029.34
16,Thoppal Khola HP,1650,16,079/80,397029.34,0.0,1650000.0,1650000.0,0.0,2047029.34
16,Thoppal Khola HP,1650,14,077/78,844905.0,114151.48,165000.0,279151.48,844905.0,279151.48
16,Thoppal Khola HP,1650,18,081/82,3697029.34,0.0,1650000.0,1650000.0,0.0,5347029.34
16,Thoppal Khola HP,1650,15,078/79,279151.48,81317.46,165000.0,246317.46000000002,128439.6,397029.34
16,Thoppal Khola HP,1650,12,076/77,1177237.0,285921.96,165000.0,450921.96,783253.82,844905.14
16,Thoppal Khola HP,1650,11,075/76,3903675.0,291815.87,165000.0,456815.87,3183254.0,1177236.87
16,Thoppal Khola HP,1650,8,072/73,3308473.68,313053.56,165000.0,478053.56,0.0,3786527.24
16,Thoppal Khola HP,1650,6,070/71,2336729.62,236295.8,165000.0,401295.8,0.0,2738025.42
16,Thoppal Khola HP,1650,7,071/72,2738025.42,405448.26,165000.0,570448.26,0.0,3308473.68
16,Thoppal Khola HP,1650,10,074/75,4333029.0,282306.95,165000.0,447306.95,876661.0,3903674.95
16,Thoppal Khola HP,1650,9,073/74,5218206.0,381501.84,0.0,381501.84,0.0,5599707.84
16,Thoppal Khola HP,1650,5,069/70,1700956.4,470773.22,165000.0,635773.22,0.0,2336729.62
16,Thoppal Khola HP,1650,3,068/69,1103629.26,432327.14,165000.0,597327.14,0.0,1700956.4
202,Thulo Khola HPP,21300,19,082/83,0.0,6265651.14,0.0,6265651.14,6161637.63,104013.51
16,Thoppal Khola HP,1650,1,066/67,452895.53,357275.72,165000.0,522275.72,567710.0,407476.53
16,Thoppal Khola HP,1650,2,067/68,407476.53,531153.18,165000.0,696153.18,0.0,1103629.71
30,Tinau  HP,1024,19,082/83,0.0,0.0,0.0,0.0,1024000.0,-1024000.0
30,Tinau  HP,1024,18,081/82,188154.01,0.0,1024000.0,1024000.0,1024000.0,188154.01
30,Tinau  HP,1024,17,080/81,188154.01,0.0,1024000.0,1024000.0,1024000.0,188154.01
30,Tinau  HP,1024,16,079/80,3635.13,577593.24,1024000.0,1601593.24,1417074.36,188154.01
30,Tinau  HP,1024,14,077/78,-3307.0,902347.99,1024000.0,1926347.99,1932591.75,-9550.76
30,Tinau  HP,1024,15,078/79,-9550.76,940622.09,1024000.0,1964622.0899999999,1951436.2,3635.13
30,Tinau  HP,1024,11,075/76,1159.0,1101013.0,1024000.0,2125013.0,2125924.0,248.0
30,Tinau  HP,1024,12,076/77,248.0,1674927.0,1024000.0,2698927.0,2702482.0,-3307.0
30,Tinau  HP,1024,9,073/74,-271398.0,588957.0,1024000.0,1612957.0,1343499.0,-1940.0
30,Tinau  HP,1024,7,071/72,1022.43,0.0,1023999.96,1023999.96,1024996.0,26.39
30,Tinau  HP,1024,10,074/75,-1940.0,1077738.0,1024000.0,2101738.0,2098639.0,1159.0
30,Tinau  HP,1024,8,072/73,26.43,924179.52,1023999.96,1948179.48,1025069.0,923136.91
30,Tinau  HP,1024,6,070/71,17087.43,0.0,1023999.96,1023999.96,1040065.0,1022.39
30,Tinau  HP,1024,5,069/70,388715.43,0.0,1023999.96,1023999.96,1395628.0,17087.39
30,Tinau  HP,1024,2,067/68,4751416.99,1553984.64,1023999.96,2577984.5999999996,1224325.48,6105076.11
30,Tinau  HP,1024,3,068/69,5066708.0,1031151.48,1023999.96,2055151.44,6733144.0,388715.44
30,Tinau  HP,1024,1,066/67,3598078.0,2352500.64,1023999.96,3376500.6,2223161.66,4751416.94
24,Trisuli  HP,24000,19,082/83,0.0,43474099.98,0.0,43474099.98,67474099.98,-24000000.0
24,Trisuli  HP,24000,18,081/82,-40121014.35,108189319.58,24000000.0,132189319.58,76955919.28,15112385.95
24,Trisuli  HP,24000,16,079/80,5927351.57,7730862.95,24000000.0,31730862.95,96018889.17,-58360674.65
24,Trisuli  HP,24000,17,080/81,-58360674.65,63158682.53,24000000.0,87158682.53,68919022.23,-40121014.35
24,Trisuli  HP,24000,15,078/79,-697504.97,74031348.88,24000000.0,98031348.88,91406492.34,5927351.57
24,Trisuli  HP,24000,12,076/77,15127.0,70680243.0,24000000.0,94680243.0,94830244.0,-134874.0
24,Trisuli  HP,24000,14,077/78,-134874.0,65793059.87,24000000.0,89793059.87,90355690.84,-697504.97
24,Trisuli  HP,24000,11,075/76,70046.0,67206801.0,24000000.0,91206801.0,91261720.0,15127.0
24,Trisuli  HP,24000,10,074/75,-399564.0,65437769.0,24000000.0,89437769.0,88968159.0,70046.0
24,Trisuli  HP,24000,9,073/74,-2500512.0,67904232.0,24000000.0,91904232.0,89803284.0,-399564.0
24,Trisuli  HP,24000,5,069/70,14097800.52,67345908.96,21000000.0,88345908.96,98863640.0,3580069.48
24,Trisuli  HP,24000,6,070/71,3580069.46,60339336.84,21000000.0,81339336.84,81097571.0,3821835.3
24,Trisuli  HP,24000,7,071/72,3821835.25,67291365.36,21000000.0,88291365.36,90298080.0,1815120.61
24,Trisuli  HP,24000,8,072/73,1815120.55,67366353.36,21000000.0,88366353.36,95367316.0,-5185842.09
24,Trisuli  HP,24000,3,068/69,148462300.0,72692936.52,21000000.0,93692936.52,228057436.0,14097800.52
24,Trisuli  HP,24000,2,067/68,131161623.15,69131960.88,21000000.0,90131960.88,26869843.87,194423740.16
24,Trisuli  HP,24000,1,066/67,82842397.07,72911408.52,21000000.0,93911408.52,45592182.47,131161623.12
64,Tungun - Thosne Khola,4360,19,082/83,0.0,1262953.6,0.0,1262953.6,2000287.57,-737333.97
64,Tungun - Thosne Khola,4360,18,081/82,474332.59,929002.97,436000.0,1365002.97,966409.13,872926.43
64,Tungun - Thosne Khola,4360,15,078/79,1746380.79,2234500.91,436000.0,2670500.91,3980544.87,436336.83
64,Tungun - Thosne Khola,4360,17,080/81,503890.75,1950970.79,436000.0,2386970.79,2416528.95,474332.59
64,Tungun - Thosne Khola,4360,16,079/80,436336.83,2069661.77,436000.0,2505661.77,2438107.85,503890.75
64,Tungun - Thosne Khola,4360,14,077/78,1067317.0,1845007.79,436000.0,2281007.79,1601944.0,1746380.79
64,Tungun - Thosne Khola,4360,12,076/77,-260709.0,892026.2,436000.0,1328026.2,0.0,1067317.2
64,Tungun - Thosne Khola,4360,10,074/75,390597.0,1050814.58,436000.0,1486814.58,608917.0,1268494.58
64,Tungun - Thosne Khola,4360,11,075/76,1250374.0,846577.7,436000.0,1282577.7,2793661.0,-260709.3
64,Tungun - Thosne Khola,4360,9,073/74,0.0,488819.92,0.0,488819.92,842863.0,-354043.08
132,Uppallo Khimti,12000,19,082/83,0.0,4840928.29,0.0,4840928.29,6090778.0,-1249849.71
132,Uppallo Khimti,12000,17,080/81,2828401.63,2645324.51,1200000.0,3845324.51,4955041.76,1718684.38
132,Uppallo Khimti,12000,15,078/79,0.0,0.0,1200000.0,1200000.0,0.0,1200000.0
132,Uppallo Khimti,12000,18,081/82,1718684.38,4908952.71,1200000.0,6108952.71,4809908.1,3017728.99
132,Uppallo Khimti,12000,16,079/80,1200000.0,2738112.24,1200000.0,3938112.24,2309710.61,2828401.63
140,Upper Balephi A,36000,19,082/83,0.0,20422191.92,0.0,20422191.92,19717411.48,704780.44
140,Upper Balephi A,36000,18,081/82,5978576.34,16624462.3,3600000.0,20224462.3,24640104.54,1562934.1
140,Upper Balephi A,36000,17,080/81,5717122.71,18073310.85,3600000.0,21673310.85,21411857.22,5978576.34
140,Upper Balephi A,36000,16,079/80,0.0,9299433.51,3600000.0,12899433.51,7182310.8,5717122.71
7,Upper Bhotekoshi,45000,19,082/83,0.0,405944006.5,0.0,405944006.5,450944006.98,-45000000.48
7,Upper Bhotekoshi,45000,18,081/82,-497.36,381382634.33,45000000.0,426382634.33,426382634.17,-497.2
7,Upper Bhotekoshi,45000,16,079/80,-8224.78,348792011.05,45000000.0,393792011.05,379045766.34,14738019.93
7,Upper Bhotekoshi,45000,15,078/79,-285793.15,339227111.32,45000000.0,384227111.32,383949542.95,-8224.78
7,Upper Bhotekoshi,45000,17,080/81,14738019.93,357074180.14,45000000.0,402074180.14,416812697.43,-497.36
7,Upper Bhotekoshi,45000,11,075/76,96759750.0,0.0,45000000.0,45000000.0,122711251.0,19048499.0
7,Upper Bhotekoshi,45000,14,077/78,-1133108.0,308675859.32,45000000.0,353675859.32,352828544.47,-285793.15
7,Upper Bhotekoshi,45000,12,076/77,19048499.0,128825224.62,45000000.0,173825224.62,194006832.0,-1133108.38
7,Upper Bhotekoshi,45000,10,074/75,56259750.0,0.0,45000000.0,45000000.0,4500000.0,96759750.0
7,Upper Bhotekoshi,45000,9,073/74,6510159.0,0.0,45000000.0,45000000.0,4500000.0,47010159.0
7,Upper Bhotekoshi,45000,7,071/72,10446.0,18496869.35,4500000.0,22996869.35,22997565.0,9750.35
7,Upper Bhotekoshi,45000,6,070/71,179024.13,49485434.01,4500000.0,53985434.01,54154014.73,10443.41
7,Upper Bhotekoshi,45000,5,069/70,-293302.89,41349433.28,4500000.0,45849433.28,45377106.26,179024.13
7,Upper Bhotekoshi,45000,3,068/69,-14352.64,35601376.45,4500000.0,40101376.45,40380326.69,-293302.88
7,Upper Bhotekoshi,45000,2,067/68,19967.0,30180658.33,4500000.0,34680658.33,34714988.01,-14362.68
7,Upper Bhotekoshi,45000,1,066/67,-683882.0,28105054.98,4500000.0,32605054.98,31901210.0,19966.99
111,Upper Chaku A,22200,18,081/82,2774557.08,7607181.94,2220000.0,9827181.940000001,10109936.04,2491802.98
111,Upper Chaku A,22200,19,082/83,0.0,8107117.64,0.0,8107117.64,10598920.62,-2491802.98
111,Upper Chaku A,22200,17,080/81,4779917.47,7723180.79,2220000.0,9943180.79,11948541.18,2774557.08
111,Upper Chaku A,22200,14,077/78,0.0,1944.0,2220000.0,2221944.0,0.0,2221944.0
111,Upper Chaku A,22200,16,079/80,2221044.84,6473529.79,2220000.0,8693529.79,6134657.16,4779917.47
111,Upper Chaku A,22200,15,078/79,2221944.0,4396749.04,2220000.0,6616749.04,6617648.2,2221044.84
155,Upper Chameliya,40000,19,082/83,0.0,22577662.34,0.0,22577662.34,25044944.37,-2467282.03
155,Upper Chameliya,40000,17,080/81,0.0,16714944.83,4000000.0,20714944.83,13477540.76,7237404.07
155,Upper Chameliya,40000,18,081/82,7237404.07,22948281.17,4000000.0,26948281.17,31718403.21,2467282.03
125,Upper Chhandi Khola Small,4000,15,078/79,0.0,611577.9,400000.0,1011577.9,611301.83,400276.07
125,Upper Chhandi Khola Small,4000,17,080/81,993557.58,751066.26,400000.0,1151066.26,1337966.36,806657.48
125,Upper Chhandi Khola Small,4000,18,081/82,806657.48,1735699.05,400000.0,2135699.05,2427351.15,515005.38
125,Upper Chhandi Khola Small,4000,16,079/80,400276.07,834995.46,400000.0,1234995.46,641713.95,993557.58
125,Upper Chhandi Khola Small,4000,19,082/83,0.0,2157691.04,0.0,2157691.04,2354090.83,-196399.79
173,Upper Chirkhuwa Khola,4700,17,080/81,0.0,34548.48,470000.0,504548.48,0.0,504548.48
173,Upper Chirkhuwa Khola,4700,18,081/82,504548.48,2311803.56,470000.0,2781803.56,3195922.36,90429.68
173,Upper Chirkhuwa Khola,4700,19,082/83,0.0,2465912.84,0.0,2465912.84,2297020.67,168892.17
136,Upper Dordi A,25000,19,082/83,0.0,10825382.01,0.0,10825382.01,13462299.3,-2636917.29
136,Upper Dordi A,25000,18,081/82,2518936.72,12384773.72,2500000.0,14884773.72,12836247.2,4567463.24
136,Upper Dordi A,25000,17,080/81,4259384.8,10520226.37,2500000.0,13020226.37,14760674.45,2518936.72
136,Upper Dordi A,25000,16,079/80,0.0,6007451.11,2500000.0,8507451.11,4248066.31,4259384.8
200,Upper Gaddi Gad,1550,19,082/83,0.0,226340.57,0.0,226340.57,260780.4,-34439.83
133,Upper Hewa,8500,16,079/80,1101227.8,3996285.26,850000.0,4846285.26,5602750.28,344762.78
133,Upper Hewa,8500,15,078/79,0.0,523356.48,850000.0,1373356.48,272128.68,1101227.8
133,Upper Hewa,8500,19,082/83,0.0,4769702.97,0.0,4769702.97,4500029.12,269673.85
133,Upper Hewa,8500,18,081/82,883215.78,4394490.82,850000.0,5244490.82,5942383.49,185323.11
133,Upper Hewa,8500,17,080/81,344762.78,907369.22,850000.0,1757369.22,1218916.22,883215.78
48,Upper Hugdi,5000,19,082/83,0.0,2741810.84,0.0,2741810.84,3338089.35,-596278.51
48,Upper Hugdi,5000,18,081/82,81782.5,2800681.27,500000.0,3300681.27,3286185.26,96278.51
48,Upper Hugdi,5000,16,079/80,187198.17,2813929.31,500000.0,3313929.31,3358445.55,142681.93
48,Upper Hugdi,5000,15,078/79,16347.01,2878553.52,500000.0,3378553.52,3207702.36,187198.17
48,Upper Hugdi,5000,17,080/81,142681.93,2651416.79,500000.0,3151416.79,3212316.22,81782.5
48,Upper Hugdi,5000,14,077/78,16347.0,2552021.77,500000.0,3052021.77,3052021.76,16347.01
48,Upper Hugdi,5000,12,076/77,931776.0,2462296.72,500000.0,2962296.72,3877726.25,16346.47
48,Upper Hugdi,5000,10,074/75,869353.0,2045572.97,500000.0,2545572.9699999997,2488475.0,926450.97
48,Upper Hugdi,5000,11,075/76,926451.0,3106027.59,500000.0,3606027.59,3600703.0,931775.59
48,Upper Hugdi,5000,9,073/74,1514607.0,2042086.0,500000.0,2542086.0,2516980.7,1539712.3
48,Upper Hugdi,5000,8,072/73,675490.88,1514511.82,500000.04,2014511.86,1845754.53,844248.21
48,Upper Hugdi,5000,7,071/72,0.0,175490.88,500000.04,675490.9199999999,0.0,675490.92
165,Upper Ingwa Khola,9700,17,080/81,0.0,964386.48,970000.0,1934386.48,409195.68,1525190.8
165,Upper Ingwa Khola,9700,19,082/83,0.0,4590325.94,0.0,4590325.94,5007379.15,-417053.21
165,Upper Ingwa Khola,9700,18,081/82,1525190.8,5385928.73,970000.0,6355928.73,7236282.73,644836.8
146,Upper Kalangad,38460,19,082/83,0.0,20653845.08,0.0,20653845.08,26212539.51,-5558694.43
146,Upper Kalangad,38460,16,079/80,0.0,3653205.78,3846000.0,7499205.779999999,1053449.54,6445756.24
146,Upper Kalangad,38460,18,081/82,9602707.66,20879856.62,3846000.0,24725856.62,32615869.85,1712694.43
146,Upper Kalangad,38460,17,080/81,6445756.24,19495065.84,3846000.0,23341065.84,20184114.42,9602707.66
131,Upper Khimti II,7000,19,082/83,0.0,3432591.51,0.0,3432591.51,4123514.42,-690922.91
131,Upper Khimti II,7000,17,080/81,1309725.53,2828990.05,700000.0,3528990.05,4040125.87,798589.71
131,Upper Khimti II,7000,18,081/82,798589.71,3426046.9,700000.0,4126046.9,3148712.81,1775923.8
131,Upper Khimti II,7000,15,078/79,0.0,110526.72,700000.0,810526.72,0.0,810526.72
131,Upper Khimti II,7000,16,079/80,810526.72,2084455.78,700000.0,2784455.7800000003,2285256.97,1309725.53
94,Upper Khorunga HPP,7500,18,081/82,821237.24,3087267.53,750000.0,3837267.53,3752760.38,905744.39
94,Upper Khorunga HPP,7500,17,080/81,1745819.2,2536099.37,750000.0,3286099.37,4210681.33,821237.24
94,Upper Khorunga HPP,7500,19,082/83,0.0,3118053.5,0.0,3118053.5,4572822.53,-1454769.03
94,Upper Khorunga HPP,7500,16,079/80,974733.56,2477276.6,750000.0,3227276.6,2456190.96,1745819.2
94,Upper Khorunga HPP,7500,14,077/78,407925.0,1382222.05,750000.0,2132222.05,1157924.79,1382222.26
94,Upper Khorunga HPP,7500,15,078/79,1382222.26,2588293.09,750000.0,3338293.09,3745781.79,974733.56
94,Upper Khorunga HPP,7500,12,076/77,0.0,407924.79,750000.0,1157924.79,750000.0,407924.79
186,Upper Lohore SHP,4000,18,081/82,0.0,75592.76,400000.0,475592.76,400000.0,75592.76
186,Upper Lohore SHP,4000,19,082/83,0.0,1198363.89,0.0,1198363.89,1225430.86,-27066.97
147,Upper Machha Khola Small,4550,18,081/82,1356963.44,2975671.77,455000.0,3430671.77,4744983.73,42651.48
147,Upper Machha Khola Small,4550,19,082/83,0.0,3389668.49,0.0,3389668.49,3007277.0,382391.49
147,Upper Machha Khola Small,4550,16,079/80,0.0,909086.16,455000.0,1364086.1600000001,298643.64,1065442.52
147,Upper Machha Khola Small,4550,17,080/81,1065442.52,2679164.14,455000.0,3134164.14,2842643.22,1356963.44
65,Upper Madi,25000,18,081/82,2724520.89,15776123.3,2500000.0,18276123.3,19179832.53,1820811.66
65,Upper Madi,25000,19,082/83,0.0,12058999.07,0.0,12058999.07,18111387.68,-6052388.61
65,Upper Madi,25000,15,078/79,997356.73,12664355.21,2500000.0,15164355.21,14055513.05,2106198.89
65,Upper Madi,25000,17,080/81,1065337.79,15306438.41,2500000.0,17806438.41,16147255.31,2724520.89
65,Upper Madi,25000,16,079/80,2106198.89,15050620.85,2500000.0,17550620.85,18591481.95,1065337.79
65,Upper Madi,25000,14,077/78,1168187.0,14146261.89,2500000.0,16646261.89,16817092.16,997356.73
65,Upper Madi,25000,12,076/77,3419434.0,13319790.32,2500000.0,15819790.32,18071037.0,1168187.32
65,Upper Madi,25000,11,075/76,2811882.0,12196692.52,2500000.0,14696692.52,14089141.0,3419433.52
65,Upper Madi,25000,10,074/75,3980177.0,10092411.24,2500000.0,12592411.24,13760329.0,2812259.24
65,Upper Madi,25000,9,073/74,0.0,3980177.02,0.0,3980177.02,2500000.0,1480177.02
62,Upper Mai,12000,19,082/83,0.0,4029885.54,0.0,4029885.54,6614902.56,-2585017.02
62,Upper Mai,12000,16,079/80,289979.18,4444829.94,1200000.0,5644829.94,5621806.28,313002.84
62,Upper Mai,12000,17,080/81,313002.84,4446432.59,1200000.0,5646432.59,5830648.37,128787.06
62,Upper Mai,12000,18,081/82,128787.06,2623342.11,1200000.0,3823342.11,2567112.15,1385017.02
62,Upper Mai,12000,15,078/79,2794726.94,4385624.99,1200000.0,5585624.99,8090372.75,289979.18
62,Upper Mai,12000,14,077/78,3297427.0,2458069.98,1200000.0,3658069.98,4160770.04,2794726.94
62,Upper Mai,12000,12,076/77,-405642.0,4135615.64,1200000.0,5335615.640000001,1632546.73,3297426.91
62,Upper Mai,12000,11,075/76,4065091.0,4227346.34,1200000.0,5427346.34,11653025.0,-2160587.66
62,Upper Mai,12000,9,073/74,0.0,4225569.53,0.0,4225569.53,3476791.0,748778.53
62,Upper Mai,12000,10,074/75,1948779.0,2864537.69,1200000.0,4064537.69,1948226.0,4065090.69
70,Upper Mai -C,6100,19,082/83,0.0,2720546.44,0.0,2720546.44,4071819.14,-1351272.7
70,Upper Mai -C,6100,17,080/81,171798.44,2815424.79,610000.0,3425424.79,3507046.71,90176.52
70,Upper Mai -C,6100,16,079/80,176211.62,2895455.19,610000.0,3505455.19,3509868.37,171798.44
70,Upper Mai -C,6100,18,081/82,90176.52,2351907.8,610000.0,2961907.8,2325881.52,726202.8
70,Upper Mai -C,6100,15,078/79,2118554.91,2722254.29,610000.0,3332254.29,5274597.58,176211.62
70,Upper Mai -C,6100,14,077/78,5290226.5,2819166.17,610000.0,3429166.17,6600837.76,2118554.91
70,Upper Mai -C,6100,12,076/77,3176229.5,2684603.58,610000.0,3294603.58,1180607.09,5290225.99
70,Upper Mai -C,6100,11,075/76,2904530.0,2551097.5,610000.0,3161097.5,2889398.0,3176229.5
70,Upper Mai -C,6100,10,074/75,0.0,2294530.06,610000.0,2904530.06,0.0,2904530.06
167,Upper Mailun Khola,14300,19,082/83,0.0,7370230.53,0.0,7370230.53,8434588.1,-1064357.57
167,Upper Mailun Khola,14300,17,080/81,0.0,1523219.57,1430000.0,2953219.5700000003,2546613.29,406606.28
167,Upper Mailun Khola,14300,18,081/82,406606.28,7428373.08,1430000.0,8858373.08,8781128.63,483850.73
97,Upper Mardi,7000,19,082/83,0.0,2930140.4,0.0,2930140.4,3801007.15,-870866.75
97,Upper Mardi,7000,18,081/82,859703.94,3223935.11,700000.0,3923935.11,3972580.43,811058.62
97,Upper Mardi,7000,17,080/81,1022352.34,3089279.27,700000.0,3789279.27,3951927.67,859703.94
97,Upper Mardi,7000,14,077/78,2582462.0,2528597.43,700000.0,3228597.43,3352138.0,2458921.43
97,Upper Mardi,7000,15,078/79,2458921.43,3716854.7,700000.0,4416854.7,5965598.6,910177.53
97,Upper Mardi,7000,16,079/80,910177.53,3397258.07,700000.0,4097258.07,3985083.26,1022352.34
97,Upper Mardi,7000,12,076/77,0.0,1882462.44,700000.0,2582462.44,0.0,2582462.44
67,Upper Marsyangdi A,50000,17,080/81,1565989.75,85534601.22,5000000.0,90534601.22,90109851.68,1990739.29
67,Upper Marsyangdi A,50000,19,082/83,0.0,87415970.33,0.0,87415970.33,101400966.4,-13984996.07
67,Upper Marsyangdi A,50000,18,081/82,1990739.29,92231339.43,5000000.0,97231339.43,89886935.04,9335143.68
67,Upper Marsyangdi A,50000,15,078/79,19225892.05,33397482.12,5000000.0,38397482.120000005,57005168.3,618205.87
67,Upper Marsyangdi A,50000,16,079/80,618205.87,80772550.04,5000000.0,85772550.04,84824766.16,1565989.75
67,Upper Marsyangdi A,50000,14,077/78,434768.0,67100718.74,5000000.0,72100718.74000001,53309594.69,19225892.05
67,Upper Marsyangdi A,50000,12,076/77,17627889.0,64312365.52,5000000.0,69312365.52000001,86505487.01,434767.51
67,Upper Marsyangdi A,50000,9,073/74,0.0,24809724.0,5000000.0,29809724.0,5000000.0,24809724.0
67,Upper Marsyangdi A,50000,11,075/76,19164856.0,60827107.88,5000000.0,65827107.88,67365006.0,17626957.88
67,Upper Marsyangdi A,50000,10,074/75,24809724.0,54157226.98,5000000.0,59157226.98,64802095.1,19164855.88
163,Upper Midim Khola SHP,7500,19,082/83,0.0,3386129.13,0.0,3386129.13,3600275.0,-214145.87
163,Upper Midim Khola SHP,7500,18,081/82,153160.6,2382489.31,750000.0,3132489.31,3065109.46,220540.45
163,Upper Midim Khola SHP,7500,17,080/81,0.0,184077.62,750000.0,934077.62,780917.02,153160.6
101,Upper Naugad Gad,8000,19,082/83,0.0,3816199.46,0.0,3816199.46,4610501.97,-794302.51
101,Upper Naugad Gad,8000,18,081/82,926090.8,4232085.45,800000.0,5032085.45,5803875.79,154300.46
101,Upper Naugad Gad,8000,17,080/81,255523.55,3763664.73,800000.0,4563664.73,3893097.48,926090.8
101,Upper Naugad Gad,8000,14,077/78,2755232.0,3216634.38,800000.0,4016634.38,6761494.06,10372.32
101,Upper Naugad Gad,8000,15,078/79,10372.32,4762748.35,800000.0,5562748.35,5407825.47,165295.2
101,Upper Naugad Gad,8000,16,079/80,165295.2,4030052.75,800000.0,4830052.75,4739824.4,255523.55
101,Upper Naugad Gad,8000,12,076/77,0.0,1955232.15,800000.0,2755232.15,0.0,2755232.15
166,Upper Phawa HPP,5800,19,082/83,0.0,2544399.66,0.0,2544399.66,2824444.08,-280044.42
166,Upper Phawa HPP,5800,17,080/81,0.0,268625.52,580000.0,848625.52,85990.8,762634.72
166,Upper Phawa HPP,5800,18,081/82,762634.72,1727148.37,580000.0,2307148.37,2172341.54,897441.55
197,Upper Piluwa 3 HPP,4950,19,082/83,0.0,1247088.04,0.0,1247088.04,1530598.12,-283510.08
148,Upper Piluwa Khola 2,4720,16,079/80,0.0,402030.08,472000.0,874030.0800000001,176700.73,697329.35
148,Upper Piluwa Khola 2,4720,18,081/82,944371.52,337977.96,472000.0,809977.96,1119423.16,634926.32
148,Upper Piluwa Khola 2,4720,19,082/83,0.0,2518809.15,0.0,2518809.15,2917793.98,-398984.83
148,Upper Piluwa Khola 2,4720,17,080/81,697329.35,0.0,472000.0,472000.0,224957.83,944371.52
53,Upper Puwa-1,3000,19,082/83,0.0,166566.13,0.0,166566.13,535936.32,-369370.19
53,Upper Puwa-1,3000,18,081/82,327948.35,514360.74,300000.0,814360.74,472768.26,669540.83
53,Upper Puwa-1,3000,16,079/80,358429.53,276355.73,300000.0,576355.73,313129.12,621656.14
53,Upper Puwa-1,3000,17,080/81,621656.14,361365.26,300000.0,661365.26,955073.05,327948.35
53,Upper Puwa-1,3000,15,078/79,787858.38,1233574.79,300000.0,1533574.79,1963003.64,358429.53
53,Upper Puwa-1,3000,14,077/78,502443.0,487858.38,300000.0,787858.38,502443.0,787858.38
53,Upper Puwa-1,3000,12,076/77,1480835.0,526152.86,300000.0,826152.86,1804504.32,502483.54
53,Upper Puwa-1,3000,11,075/76,1766188.0,335060.02,300000.0,635060.02,920413.0,1480835.02
53,Upper Puwa-1,3000,10,074/75,2899804.0,875806.26,300000.0,1175806.26,2309422.0,1766188.26
53,Upper Puwa-1,3000,8,072/73,343647.34,870600.84,300000.0,1170600.8399999999,0.0,1514248.18
53,Upper Puwa-1,3000,9,073/74,1358625.0,1085197.0,300000.0,1385197.0,0.0,2743822.0
53,Upper Puwa-1,3000,7,071/72,0.0,43647.34,300000.0,343647.33999999997,0.0,343647.34
199,Upper Rahughat,48500,19,082/83,0.0,13354538.02,0.0,13354538.02,18204538.02,-4850000.0
177,Upper Richet Khola SHP,2000,19,082/83,0.0,806654.24,0.0,806654.24,946157.75,-139503.51
177,Upper Richet Khola SHP,2000,18,081/82,0.0,424329.09,200000.0,624329.0900000001,400448.9,223880.19
159,Upper Sanigad,10700,19,082/83,0.0,5540844.95,0.0,5540844.95,6315575.19,-774730.24
159,Upper Sanigad,10700,17,080/81,0.0,3780798.97,1070000.0,4850798.970000001,3368372.4,1482426.57
159,Upper Sanigad,10700,18,081/82,1482426.57,5311143.47,1070000.0,6381143.47,6577026.62,1286543.42
158,Upper Sanjen,14800,19,082/83,0.0,6795694.47,0.0,6795694.47,8614819.36,-1819124.89
158,Upper Sanjen,14800,18,081/82,553563.92,5460213.02,1480000.0,6940213.02,6881319.39,612457.55
158,Upper Sanjen,14800,17,080/81,0.0,3434960.74,1480000.0,4914960.74,4361396.82,553563.92
152,Upper Solu Khola,19800,19,082/83,0.0,10755988.42,0.0,10755988.42,17661345.19,-6905356.77
152,Upper Solu Khola,19800,18,081/82,4895217.73,9733879.44,1980000.0,11713879.44,9703740.4,6905356.77
152,Upper Solu Khola,19800,16,079/80,0.0,0.0,1980000.0,1980000.0,0.0,1980000.0
152,Upper Solu Khola,19800,17,080/81,1980000.0,5876905.23,1980000.0,7856905.23,4941687.5,4895217.73
161,Upper Suri,7000,19,082/83,0.0,3901232.93,0.0,3901232.93,4871746.43,-970513.5
161,Upper Suri,7000,17,080/81,0.0,1284123.03,700000.0,1984123.03,1760445.45,223677.58
161,Upper Suri,7000,18,081/82,223677.58,4199895.88,700000.0,4899895.88,4153059.96,970513.5
124,Upper Syange Khola Small,2400,19,082/83,0.0,1230636.68,0.0,1230636.68,1429708.56,-199071.88
124,Upper Syange Khola Small,2400,17,080/81,119021.58,1165106.59,240000.0,1405106.59,1463597.99,60530.18
124,Upper Syange Khola Small,2400,18,081/82,60530.18,960508.76,240000.0,1200508.76,1202158.95,58879.99
124,Upper Syange Khola Small,2400,16,079/80,301504.8,589791.75,240000.0,829791.75,1012274.97,119021.58
124,Upper Syange Khola Small,2400,15,078/79,0.0,290656.26,240000.0,530656.26,229151.46,301504.8
193,Upper Tadi,11000,19,082/83,0.0,4247283.19,0.0,4247283.19,4247283.2,-0.01
115,Upper Tamakoshi HPP,456000,16,079/80,15343529.64,150872188.52,45600000.0,196472188.52,206581134.71,5234583.45
115,Upper Tamakoshi HPP,456000,17,080/81,5234583.45,172940790.54,45600000.0,218540790.54,209039662.98,14735711.01
115,Upper Tamakoshi HPP,456000,19,082/83,0.0,163592840.64,0.0,163592840.64,253385091.26,-89792250.62
115,Upper Tamakoshi HPP,456000,15,078/79,0.0,118409781.6,45600000.0,164009781.6,148666251.96,15343529.64
115,Upper Tamakoshi HPP,456000,18,081/82,14735711.01,137215394.53,45600000.0,182815394.53,179217251.7,18333853.84
99,Upper Trishuli 3A,60000,19,082/83,0.0,41202210.51,0.0,41202210.51,47202210.51,-6000000.0
99,Upper Trishuli 3A,60000,18,081/82,-118399761.1,35266438.58,6000000.0,41266438.58,43842219.91,-120975542.43
99,Upper Trishuli 3A,60000,17,080/81,-368332.98,46177368.78,6000000.0,52177368.78,170208796.94,-118399761.14
99,Upper Trishuli 3A,60000,16,079/80,4964923.0,47222450.94,6000000.0,53222450.94,58555706.92,-368332.98
99,Upper Trishuli 3A,60000,14,077/78,-59994.0,34083504.58,6000000.0,40083504.58,40384951.69,-361441.11
99,Upper Trishuli 3A,60000,15,078/79,-361441.11,46738315.45,6000000.0,52738315.45,47411951.34,4964923.0
99,Upper Trishuli 3A,60000,12,076/77,0.0,28269245.0,6000000.0,34269245.0,34329239.0,-59994.0
169,Yambaling Khola,7271,18,081/82,799183.35,3110786.35,727100.0,3837886.35,4517078.82,119990.88
169,Yambaling Khola,7271,17,080/81,0.0,304917.98,727100.0,1032017.98,232834.63,799183.35
169,Yambaling Khola,7271,19,082/83,0.0,3337612.41,0.0,3337612.41,3750414.58,-412802.17
