PlantId,FiscalId,Previous Due,Energy Royalty,Capacity Royalty,Received,Balance,Plant,FiscalYear
1,1,"5,779,463.47","17,636,115.86","2,210,000.04","23,774,086.00","1,851,493.37","Chilime Plant , 22100 kW",066/67
1,10,"2,515,139.00","27,617,829.00","2,210,000.00","24,965,711.00","7,377,257.00","Chilime Plant , 22100 kW",074/75
1,11,"7,377,257.00","23,472,431.18","22,100,000.00","104,955,156.00","-52,005,467.82","Chilime Plant , 22100 kW",075/76
1,12,"20,006,402.00","114,978,806.92","22,100,000.00","149,803,960.92","7,281,248.00","Chilime Plant , 22100 kW",076/77
1,14,"7,281,248.00","111,655,831.48","22,100,000.00","133,753,369.08","7,283,710.40","Chilime Plant , 22100 kW",077/78
1,15,"7,283,710.40","117,726,708.61","22,100,000.00","147,104,859.61","5,559.40","Chilime Plant , 22100 kW",078/79
1,16,"5,559.40","113,003,585.94","22,100,000.00","115,132,750.82","19,976,394.52","Chilime Plant , 22100 kW",079/80
1,17,"19,976,394.52","112,513,525.65","22,100,000.00","142,189,759.41","12,400,160.76","Chilime Plant , 22100 kW",080/81
1,18,"12,400,160.76","114,146,452.90","22,100,000.00","137,223,377.92","11,423,235.74","Chilime Plant , 22100 kW",081/82
1,19,0.00,"91,632,759.78",0.00,"136,914,976.72","-45,282,216.94","Chilime Plant , 22100 kW",082/83
1,2,"1,691,905.26","17,580,294.92","2,210,000.04","19,696,688.91","1,785,511.31","Chilime Plant , 22100 kW",067/68
1,20,,,,,,"Chilime Plant , 22100 kW",083/84
1,3,"1,856,681.35","17,843,075.98","2,210,000.04","20,068,612.45","1,841,144.92","Chilime Plant , 22100 kW",068/69
1,5,"2,077,353.00","19,197,153.14","2,210,000.04","21,394,966.29","2,089,539.89","Chilime Plant , 22100 kW",069/70
1,6,"2,089,539.85","19,688,223.24","2,210,000.04","19,597,216.00","4,390,547.13","Chilime Plant , 22100 kW",070/71
1,7,"4,390,547.09","20,350,457.64","2,210,000.04","24,585,948.00","2,365,056.77","Chilime Plant , 22100 kW",071/72
1,8,"2,365,056.73","23,293,703.28","2,210,000.04","25,392,642.52","2,476,117.53","Chilime Plant , 22100 kW",072/73
1,9,"62,274.00","23,870,285.54",0.00,"26,041,263.91","-2,108,704.37","Chilime Plant , 22100 kW",073/74
10,1,"14,817,540.00","3,639,715.76","750,000.00",0.00,"19,207,255.76","Indrawati 3 , 7500 kW",066/67
10,10,"4,341,203.00","12,665,357.15","7,500,000.00","4,341,203.00","20,165,357.15","Indrawati 3 , 7500 kW",074/75
10,11,"20,165,357.00","20,466,926.60","7,500,000.00","23,700,000.00","24,432,283.60","Indrawati 3 , 7500 kW",075/76
10,12,"24,432,283.00","21,411,855.70","7,500,000.00","20,500,000.00","32,844,138.70","Indrawati 3 , 7500 kW",076/77
10,14,"32,844,139.00","18,331,635.83","7,500,000.00","32,844,139.00","25,831,635.83","Indrawati 3 , 7500 kW",077/78
10,15,"25,831,635.83","15,395,643.50","7,500,000.00","41,227,309.50","7,499,969.83","Indrawati 3 , 7500 kW",078/79
10,16,"7,499,969.83","19,473,179.47","7,500,000.00","16,922,350.21","17,550,799.09","Indrawati 3 , 7500 kW",079/80
10,17,"17,550,799.09","19,138,554.28","7,500,000.00","35,410,857.60","8,778,495.77","Indrawati 3 , 7500 kW",080/81
10,18,"8,778,495.77","16,309,538.19","7,500,000.00","21,178,219.75","11,409,814.21","Indrawati 3 , 7500 kW",081/82
10,19,0.00,"13,583,396.28",0.00,"19,405,167.88","-5,821,771.60","Indrawati 3 , 7500 kW",082/83
10,2,"19,207,255.76","3,848,022.50","750,000.00","12,500,000.00","11,305,278.26","Indrawati 3 , 7500 kW",067/68
10,20,,,,,,"Indrawati 3 , 7500 kW",083/84
10,3,"11,096,972.00","3,647,369.00","750,000.00","5,000,000.00","10,494,341.00","Indrawati 3 , 7500 kW",068/69
10,5,"10,494,341.00","3,864,168.46","750,000.00",0.00,"15,108,509.46","Indrawati 3 , 7500 kW",069/70
10,6,"15,108,509.46","3,691,073.38","750,000.00",0.00,"19,549,582.84","Indrawati 3 , 7500 kW",070/71
10,7,"19,549,582.84","3,930,206.54","750,000.00",0.00,"24,229,789.38","Indrawati 3 , 7500 kW",071/72
10,8,"24,229,789.38","3,419,952.82","750,000.00","6,781,073.34","21,618,668.86","Indrawati 3 , 7500 kW",072/73
10,9,"2,476,117.00","3,591,210.42",0.00,"6,510,159.20","-442,831.78","Indrawati 3 , 7500 kW",073/74
100,14,0.00,"5,211,664.19","1,400,000.00","6,667,029.13","-55,364.94","Kulekhani-III HP , 14000 kW",077/78
100,15,"-55,364.94","3,884,699.19","1,400,000.00","4,835,446.96","393,887.29","Kulekhani-III HP , 14000 kW",078/79
100,16,"393,887.29","2,948,677.22","1,400,000.00","4,946,697.27","-204,132.76","Kulekhani-III HP , 14000 kW",079/80
100,17,"-204,132.76","2,381,913.72","1,400,000.00","9,870,192.14","-6,292,411.18","Kulekhani-III HP , 14000 kW",080/81
100,18,"-6,292,411.18","3,402,002.76","1,400,000.00","4,934,866.30","-6,425,274.72","Kulekhani-III HP , 14000 kW",081/82
100,19,0.00,"1,497,953.26",0.00,"2,897,953.26","-1,400,000.00","Kulekhani-III HP , 14000 kW",082/83
100,20,,,,,,"Kulekhani-III HP , 14000 kW",083/84
101,12,0.00,"1,955,232.15","800,000.00",0.00,"2,755,232.15","Upper Naugad Gad  , 8000 kW",076/77
101,14,"2,755,232.00","3,216,634.38","800,000.00","6,761,494.06","10,372.32","Upper Naugad Gad  , 8000 kW",077/78
101,15,"10,372.32","4,762,748.35","800,000.00","5,407,825.47","165,295.20","Upper Naugad Gad  , 8000 kW",078/79
101,16,"165,295.20","4,030,052.75","800,000.00","4,739,824.40","255,523.55","Upper Naugad Gad  , 8000 kW",079/80
101,17,"255,523.55","3,763,664.73","800,000.00","3,893,097.48","926,090.80","Upper Naugad Gad  , 8000 kW",080/81
101,18,"926,090.80","4,232,085.45","800,000.00","5,803,875.79","154,300.46","Upper Naugad Gad  , 8000 kW",081/82
101,19,0.00,"3,816,199.46",0.00,"4,610,501.97","-794,302.51","Upper Naugad Gad  , 8000 kW",082/83
101,20,,,,,,"Upper Naugad Gad  , 8000 kW",083/84
102,12,0.00,"6,710,881.77","2,500,000.00",0.00,"9,210,881.77","Kabeli B - 1 , 25000 kW",076/77
102,14,"9,210,882.00","13,833,706.81","2,500,000.00","9,210,882.00","16,333,706.81","Kabeli B - 1 , 25000 kW",077/78
102,15,"16,333,706.81","16,585,731.87","2,500,000.00","33,253,405.29","2,166,033.39","Kabeli B - 1 , 25000 kW",078/79
102,16,"2,166,033.39","12,475,840.29","2,500,000.00","15,258,716.25","1,883,157.43","Kabeli B - 1 , 25000 kW",079/80
102,17,"1,883,157.43","4,100,351.12","2,500,000.00","4,467,601.21","4,015,907.34","Kabeli B - 1 , 25000 kW",080/81
102,18,"4,015,907.34","10,984,760.85","2,500,000.00","16,109,780.98","1,390,887.21","Kabeli B - 1 , 25000 kW",081/82
102,19,0.00,"12,727,077.92",0.00,"14,117,965.13","-1,390,887.21","Kabeli B - 1 , 25000 kW",082/83
102,20,,,,,,"Kabeli B - 1 , 25000 kW",083/84
103,12,0.00,"524,820.57","480,000.00",0.00,"1,004,820.57","Padam Khola SHP , 4800 kW",076/77
103,14,"1,004,821.00","1,186,678.13","480,000.00","1,004,821.00","1,666,678.13","Padam Khola SHP , 4800 kW",077/78
103,15,"1,666,678.13","1,973,237.07","480,000.00","4,119,742.71",172.49,"Padam Khola SHP , 4800 kW",078/79
103,16,172.49,"1,603,620.43","480,000.00","1,480,290.43","603,502.49","Padam Khola SHP , 4800 kW",079/80
103,17,"603,502.49","1,602,454.88","480,000.00","2,176,582.39","509,374.98","Padam Khola SHP , 4800 kW",080/81
103,18,"509,374.98","1,635,152.15","480,000.00","2,125,266.14","499,260.99","Padam Khola SHP , 4800 kW",081/82
103,19,0.00,"1,731,863.05",0.00,"2,468,134.74","-736,271.69","Padam Khola SHP , 4800 kW",082/83
103,20,,,,,,"Padam Khola SHP , 4800 kW",083/84
104,12,0.00,"405,040.10","500,000.00",0.00,"905,040.10","Ghalemdi Khola , 5000 kW",076/77
104,14,"905,040.00","1,207,527.44","500,000.00","905,040.00","1,707,527.44","Ghalemdi Khola , 5000 kW",077/78
104,15,"1,707,527.44","1,983,668.47","500,000.00","3,404,414.53","786,781.38","Ghalemdi Khola , 5000 kW",078/79
104,16,"786,781.38","1,852,551.22","500,000.00","1,649,142.52","1,490,190.08","Ghalemdi Khola , 5000 kW",079/80
104,17,"1,490,190.08","1,950,959.65","500,000.00","3,149,095.92","792,053.81","Ghalemdi Khola , 5000 kW",080/81
104,18,"792,053.81","2,409,589.55","500,000.00","2,907,569.20","794,074.16","Ghalemdi Khola , 5000 kW",081/82
104,19,0.00,"2,430,097.10",0.00,"3,224,171.26","-794,074.16","Ghalemdi Khola , 5000 kW",082/83
104,20,,,,,,"Ghalemdi Khola , 5000 kW",083/84
105,12,0.00,"1,166,148.24","4,727,618.47",0.00,"5,893,766.71","Solu , 23500 kW",076/77
105,14,"5,893,767.00","5,833,840.80","2,350,000.00","5,893,767.00","8,183,840.80","Solu , 23500 kW",077/78
105,15,"8,183,840.80","6,790,596.58","2,350,000.00","4,028,392.58","13,296,044.80","Solu , 23500 kW",078/79
105,16,"13,296,044.80","12,801,849.42","2,350,000.00","13,996,478.30","14,451,415.92","Solu , 23500 kW",079/80
105,17,"14,451,415.92","12,560,726.69","5,747,996.80","16,511,731.62","16,248,407.79","Solu , 23500 kW",080/81
105,18,"16,248,407.79","13,109,687.37","6,035,396.64","16,467,523.25","18,925,968.55","Solu , 23500 kW",081/82
105,19,0.00,"12,260,374.25",0.00,"14,870,646.36","-2,610,272.11","Solu , 23500 kW",082/83
105,20,,,,,,"Solu , 23500 kW",083/84
106,14,0.00,"80,890.06","300,000.00",0.00,"380,890.06","Rawa Khola , 3000 kW",077/78
106,15,"380,890.06","858,561.74","300,000.00","1,239,038.86","300,412.94","Rawa Khola , 3000 kW",078/79
106,16,"300,412.94","981,421.63","300,000.00","876,627.67","705,206.90","Rawa Khola , 3000 kW",079/80
106,17,"705,206.90","1,486,828.31","300,000.00","1,886,212.96","605,822.25","Rawa Khola , 3000 kW",080/81
106,18,"605,822.25","1,874,730.74","300,000.00","2,396,919.54","383,633.45","Rawa Khola , 3000 kW",081/82
106,19,0.00,"1,739,199.15",0.00,"2,462,209.26","-723,010.11","Rawa Khola , 3000 kW",082/83
106,20,,,,,,"Rawa Khola , 3000 kW",083/84
107,14,0.00,"2,564,546.85","1,200,000.00",0.00,"3,764,546.85","Namarjun Madi , 12000 kW",077/78
107,15,"3,764,546.85","1,384,991.67","1,200,000.00","3,764,547.00","2,584,991.52","Namarjun Madi , 12000 kW",078/79
107,16,"2,584,991.52","5,714,598.37","1,200,000.00","6,148,966.92","3,350,622.97","Namarjun Madi , 12000 kW",079/80
107,17,"3,350,622.97","6,196,752.76","1,200,000.00","7,700,913.66","3,046,462.07","Namarjun Madi , 12000 kW",080/81
107,18,"3,046,462.07","6,604,722.27","1,200,000.00","9,213,179.42","1,638,004.92","Namarjun Madi , 12000 kW",081/82
107,19,0.00,"5,021,633.52",0.00,"9,068,190.29","-4,046,556.77","Namarjun Madi , 12000 kW",082/83
107,20,,,,,,"Namarjun Madi , 12000 kW",083/84
108,14,0.00,"700,946.40","500,000.00",0.00,"1,200,946.40","Ghatte Khola , 5000 kW",077/78
108,15,"1,200,946.40","1,788,702.17","500,000.00","3,488,607.01","1,041.56","Ghatte Khola , 5000 kW",078/79
108,16,"1,041.56","2,045,317.78","500,000.00","1,823,112.81","723,246.53","Ghatte Khola , 5000 kW",079/80
108,17,"723,246.53","2,137,802.74","500,000.00","2,857,212.67","503,836.60","Ghatte Khola , 5000 kW",080/81
108,18,"503,836.60","2,304,811.20","500,000.00","2,585,284.40","723,363.40","Ghatte Khola , 5000 kW",081/82
108,19,0.00,"2,556,608.16",0.00,"3,279,971.56","-723,363.40","Ghatte Khola , 5000 kW",082/83
108,20,,,,,,"Ghatte Khola , 5000 kW",083/84
109,14,0.00,"487,256.83","450,000.00",0.00,"937,256.83","Bijaypur Khola 2 HPP , 4500 kW",077/78
109,15,"937,256.83","2,227,690.02","450,000.00","3,273,634.33","341,312.52","Bijaypur Khola 2 HPP , 4500 kW",078/79
109,16,"341,312.52","2,166,937.58","450,000.00","2,067,873.55","890,376.55","Bijaypur Khola 2 HPP , 4500 kW",079/80
109,17,"890,376.55","2,298,556.64","450,000.00","3,028,517.94","610,415.25","Bijaypur Khola 2 HPP , 4500 kW",080/81
109,18,"610,415.25","1,902,683.07","450,000.00","2,425,901.82","537,196.50","Bijaypur Khola 2 HPP , 4500 kW",081/82
109,19,0.00,"2,190,401.86",0.00,"2,727,598.36","-537,196.50","Bijaypur Khola 2 HPP , 4500 kW",082/83
109,20,,,,,,"Bijaypur Khola 2 HPP , 4500 kW",083/84
110,14,0.00,"236,302.45","800,000.00",0.00,"1,036,302.45","Taksar Pikhuwa , 8000 kW",077/78
110,15,"1,036,302.45","2,170,277.87","800,000.00","4,001,034.68","5,545.64","Taksar Pikhuwa , 8000 kW",078/79
110,16,"5,545.64","3,345,746.21","800,000.00","3,084,050.36","1,067,241.49","Taksar Pikhuwa , 8000 kW",079/80
110,17,"1,067,241.49","3,587,887.30","800,000.00","4,647,220.11","807,908.68","Taksar Pikhuwa , 8000 kW",080/81
110,18,"807,908.68","4,238,776.79","800,000.00","4,692,652.00","1,154,033.47","Taksar Pikhuwa , 8000 kW",081/82
110,19,0.00,"4,564,218.11",0.00,"5,718,251.58","-1,154,033.47","Taksar Pikhuwa , 8000 kW",082/83
110,20,,,,,,"Taksar Pikhuwa , 8000 kW",083/84
111,14,0.00,"1,944.00","2,220,000.00",0.00,"2,221,944.00","Upper Chaku A , 22200 kW",077/78
111,15,"2,221,944.00","4,396,749.04","2,220,000.00","6,617,648.20","2,221,044.84","Upper Chaku A , 22200 kW",078/79
111,16,"2,221,044.84","6,473,529.79","2,220,000.00","6,134,657.16","4,779,917.47","Upper Chaku A , 22200 kW",079/80
111,17,"4,779,917.47","7,723,180.79","2,220,000.00","11,948,541.18","2,774,557.08","Upper Chaku A , 22200 kW",080/81
111,18,"2,774,557.08","7,607,181.94","2,220,000.00","10,109,936.04","2,491,802.98","Upper Chaku A , 22200 kW",081/82
111,19,0.00,"8,107,117.64",0.00,"10,598,920.62","-2,491,802.98","Upper Chaku A , 22200 kW",082/83
111,20,,,,,,"Upper Chaku A , 22200 kW",083/84
112,14,0.00,0.00,"4,200,000.00",0.00,"4,200,000.00","Mistry Khola , 42000 kW",077/78
112,15,"4,200,000.00","15,059,949.60","4,200,000.00","21,009,809.97","2,450,139.63","Mistry Khola , 42000 kW",078/79
112,16,"2,450,139.63","19,066,312.69","4,200,000.00","16,407,942.03","9,308,510.29","Mistry Khola , 42000 kW",079/80
112,17,"9,308,510.29","17,634,401.06","4,200,000.00","21,868,133.43","9,274,777.92","Mistry Khola , 42000 kW",080/81
112,18,"9,274,777.92","19,012,068.76","4,200,000.00","30,480,781.16","2,006,065.52","Mistry Khola , 42000 kW",081/82
112,19,0.00,"21,857,118.28",0.00,"28,063,183.88","-6,206,065.60","Mistry Khola , 42000 kW",082/83
112,20,,,,,,"Mistry Khola , 42000 kW",083/84
113,15,0.00,"11,121,475.31","2,500,000.00","12,839,124.03","782,351.28","Singati , 25000 kW",078/79
113,16,"782,351.28","13,070,377.91","2,500,000.00","12,773,619.85","3,579,109.34","Singati , 25000 kW",079/80
113,17,"3,579,109.34","11,980,514.30","5,421,045.19","16,098,061.33","4,882,607.50","Singati , 25000 kW",080/81
113,18,"4,882,607.50","12,445,237.06","5,692,097.45","15,762,137.10","7,257,804.91","Singati , 25000 kW",081/82
113,19,0.00,"12,683,194.43",0.00,"16,842,029.68","-4,158,835.25","Singati , 25000 kW",082/83
113,20,,,,,,"Singati , 25000 kW",083/84
114,15,0.00,"1,640,118.20","500,000.00","2,136,368.58","3,749.62","Richet Khola SHP , 5000 kW",078/79
114,16,"3,749.62","1,927,734.36","500,000.00","1,798,744.65","632,739.33","Richet Khola SHP , 5000 kW",079/80
114,17,"632,739.33","1,647,053.37","500,000.00","2,207,805.49","571,987.21","Richet Khola SHP , 5000 kW",080/81
114,18,"571,987.21","1,451,048.14","500,000.00","1,898,818.49","624,216.86","Richet Khola SHP , 5000 kW",081/82
114,19,0.00,"2,049,767.60",0.00,"2,856,438.60","-806,671.00","Richet Khola SHP , 5000 kW",082/83
114,20,,,,,,"Richet Khola SHP , 5000 kW",083/84
115,15,0.00,"118,409,781.60","45,600,000.00","148,666,251.96","15,343,529.64","Upper Tamakoshi HPP , 456000 kW",078/79
115,16,"15,343,529.64","150,872,188.52","45,600,000.00","206,581,134.71","5,234,583.45","Upper Tamakoshi HPP , 456000 kW",079/80
115,17,"5,234,583.45","172,940,790.54","45,600,000.00","209,039,662.98","14,735,711.01","Upper Tamakoshi HPP , 456000 kW",080/81
115,18,"14,735,711.01","137,215,394.53","45,600,000.00","179,217,251.70","18,333,853.84","Upper Tamakoshi HPP , 456000 kW",081/82
115,19,0.00,"163,592,840.64",0.00,"253,385,091.26","-89,792,250.62","Upper Tamakoshi HPP , 456000 kW",082/83
115,20,,,,,,"Upper Tamakoshi HPP , 456000 kW",083/84
116,15,0.00,"15,225,201.73","5,240,000.00","18,531,810.19","1,933,391.54","Likhu-4 , 52400 kW",078/79
116,16,"1,933,391.54","30,828,504.14","5,240,000.00","35,163,941.54","2,837,954.14","Likhu-4 , 52400 kW",079/80
116,17,"2,837,954.14","28,725,069.36","5,240,000.00","35,466,936.41","1,336,087.09","Likhu-4 , 52400 kW",080/81
116,18,"1,336,087.09","31,822,715.91","5,240,000.00","36,604,316.89","1,794,486.11","Likhu-4 , 52400 kW",081/82
116,19,0.00,"29,735,479.71",0.00,"36,769,965.82","-7,034,486.11","Likhu-4 , 52400 kW",082/83
116,20,,,,,,"Likhu-4 , 52400 kW",083/84
119,15,0.00,"1,534,902.43","620,000.00","1,846,996.75","307,905.68","Lower Jogmai Khola HPP , 6200 kW",078/79
119,16,"307,905.68","2,970,367.01",0.00,"3,647,624.57","-369,351.88","Lower Jogmai Khola HPP , 6200 kW",079/80
119,17,"-369,351.88","3,223,075.22","620,000.00","2,648,353.54","825,369.80","Lower Jogmai Khola HPP , 6200 kW",080/81
119,18,"825,369.80","2,760,136.84","620,000.00","3,944,456.80","261,049.84","Lower Jogmai Khola HPP , 6200 kW",081/82
119,19,0.00,"1,449,551.12",0.00,"1,710,549.12","-260,998.00","Lower Jogmai Khola HPP , 6200 kW",082/83
119,20,,,,,,"Lower Jogmai Khola HPP , 6200 kW",083/84
12,1,"2,879,953.00","549,891.38","159,999.96","2,118,526.00","1,471,318.34","Chaku Khola  Small HP , 3200 kW",066/67
12,10,"5,452,621.00","173,407.00","320,000.00","1,900,000.00","4,046,028.00","Chaku Khola  Small HP , 3200 kW",074/75
12,11,"4,046,028.00","841,026.21","320,000.00","5,377,760.00","-170,705.79","Chaku Khola  Small HP , 3200 kW",075/76
12,12,"-170,706.00","238,575.22","3,200,000.00","92,777.99","3,175,091.23","Chaku Khola  Small HP , 3200 kW",076/77
12,14,"3,175,091.01","2,012,117.92","3,200,000.00","3,175,091.00","5,212,117.93","Chaku Khola  Small HP , 3200 kW",077/78
12,15,"5,212,117.93","4,064,578.57","3,200,000.00","2,017,562.46","10,459,134.04","Chaku Khola  Small HP , 3200 kW",078/79
12,16,"10,459,134.04","3,722,059.81","3,200,000.00","4,700,735.16","12,680,458.69","Chaku Khola  Small HP , 3200 kW",079/80
12,17,"12,680,458.69","3,515,167.05","3,200,000.00","9,887,363.73","9,508,262.01","Chaku Khola  Small HP , 3200 kW",080/81
12,18,"9,508,262.01","3,724,082.84","3,200,000.00","3,696,020.21","12,736,324.64","Chaku Khola  Small HP , 3200 kW",081/82
12,19,0.00,"4,301,349.02",0.00,"7,407,127.89","-3,105,778.87","Chaku Khola  Small HP , 3200 kW",082/83
12,2,"1,471,318.38","429,368.26","159,999.96","1,471,319.00","589,367.60","Chaku Khola  Small HP , 3200 kW",067/68
12,20,,,,,,"Chaku Khola  Small HP , 3200 kW",083/84
12,3,"589,367.00","457,027.72","159,999.96",0.00,"1,206,394.68","Chaku Khola  Small HP , 3200 kW",068/69
12,5,"1,206,394.72","86,860.72","320,000.04",0.00,"1,613,255.48","Chaku Khola  Small HP , 3200 kW",069/70
12,6,"1,613,255.44","699,112.80","320,000.04",0.00,"2,632,368.28","Chaku Khola  Small HP , 3200 kW",070/71
12,7,"2,632,368.24","586,536.42","320,000.04",0.00,"3,538,904.70","Chaku Khola  Small HP , 3200 kW",071/72
12,8,"3,538,904.66","536,677.12","320,000.04",0.00,"4,395,581.82","Chaku Khola  Small HP , 3200 kW",072/73
12,9,"358,425.00","737,037.32",0.00,0.00,"1,095,462.32","Chaku Khola  Small HP , 3200 kW",073/74
120,15,0.00,"6,504,343.79","2,000,000.00","5,913,153.71","2,591,190.08","Lower Modi Khola , 20000 kW",078/79
120,16,"2,591,190.08","7,329,591.27","2,000,000.00","6,524,815.12","5,395,966.23","Lower Modi Khola , 20000 kW",079/80
120,17,"5,395,966.23","7,884,405.09","2,000,000.00","12,168,052.38","3,112,318.94","Lower Modi Khola , 20000 kW",080/81
120,18,"3,112,318.94","10,490,376.96","2,000,000.00","12,688,331.48","2,914,364.42","Lower Modi Khola , 20000 kW",081/82
120,19,0.00,"8,229,718.14",0.00,"11,144,082.56","-2,914,364.42","Lower Modi Khola , 20000 kW",082/83
120,20,,,,,,"Lower Modi Khola , 20000 kW",083/84
121,15,0.00,"1,664,989.13","951,000.00","2,149,199.24","466,789.89","Mai Beni HPP , 9510 kW",078/79
121,16,"466,789.89","5,106,607.01","951,000.00","6,116,841.92","407,554.98","Mai Beni HPP , 9510 kW",079/80
121,17,"407,554.98","5,015,844.29","951,000.00","5,124,797.53","1,249,601.74","Mai Beni HPP , 9510 kW",080/81
121,18,"1,249,601.74","4,631,172.48","951,000.00","6,537,154.64","294,619.58","Mai Beni HPP , 9510 kW",081/82
121,19,0.00,"3,968,050.98",0.00,"4,262,670.56","-294,619.58","Mai Beni HPP , 9510 kW",082/83
121,20,,,,,,"Mai Beni HPP , 9510 kW",083/84
122,15,0.00,"484,898.88","499,600.00","271,869.07","712,629.81","Lower Tadi Khola , 4996 kW",078/79
122,16,"712,629.81","2,745,419.74","499,600.00","2,714,061.57","1,243,587.98","Lower Tadi Khola , 4996 kW",079/80
122,17,"1,243,587.98","3,072,714.89","499,600.00","4,198,130.73","617,772.14","Lower Tadi Khola , 4996 kW",080/81
122,18,"617,772.14","2,907,102.05","499,600.00","3,403,575.87","620,898.32","Lower Tadi Khola , 4996 kW",081/82
122,19,0.00,"3,303,724.97",0.00,"3,924,623.29","-620,898.32","Lower Tadi Khola , 4996 kW",082/83
122,20,,,,,,"Lower Tadi Khola , 4996 kW",083/84
123,15,0.00,"986,803.58","994,000.00","1,515,244.05","465,559.53","Kabeli B-1 Cascade , 9940 kW",078/79
123,16,"465,559.53","4,209,407.13","994,000.00","4,030,790.10","1,638,176.56","Kabeli B-1 Cascade , 9940 kW",079/80
123,17,"1,638,176.56","903,840.40","994,000.00","3,142,700.33","393,316.63","Kabeli B-1 Cascade , 9940 kW",080/81
123,18,"393,316.63","3,645,089.49","994,000.00","4,714,467.86","317,938.26","Kabeli B-1 Cascade , 9940 kW",081/82
123,19,0.00,"3,955,891.04",0.00,"6,622,355.37","-2,666,464.33","Kabeli B-1 Cascade , 9940 kW",082/83
123,20,,,,,,"Kabeli B-1 Cascade , 9940 kW",083/84
124,15,0.00,"290,656.26","240,000.00","229,151.46","301,504.80","Upper Syange Khola Small , 2400 kW",078/79
124,16,"301,504.80","589,791.75","240,000.00","1,012,274.97","119,021.58","Upper Syange Khola Small , 2400 kW",079/80
124,17,"119,021.58","1,165,106.59","240,000.00","1,463,597.99","60,530.18","Upper Syange Khola Small , 2400 kW",080/81
124,18,"60,530.18","960,508.76","240,000.00","1,202,158.95","58,879.99","Upper Syange Khola Small , 2400 kW",081/82
124,19,0.00,"1,230,636.68",0.00,"1,577,126.44","-346,489.76","Upper Syange Khola Small , 2400 kW",082/83
124,20,,,,,,"Upper Syange Khola Small , 2400 kW",083/84
125,15,0.00,"611,577.90","400,000.00","611,301.83","400,276.07","Upper Chhandi Khola Small , 4000 kW",078/79
125,16,"400,276.07","834,995.46","400,000.00","641,713.95","993,557.58","Upper Chhandi Khola Small , 4000 kW",079/80
125,17,"993,557.58","751,066.26","400,000.00","1,337,966.36","806,657.48","Upper Chhandi Khola Small , 4000 kW",080/81
125,18,"806,657.48","1,735,699.05","400,000.00","2,427,351.15","515,005.38","Upper Chhandi Khola Small , 4000 kW",081/82
125,19,0.00,"2,157,691.04",0.00,"2,672,696.42","-515,005.38","Upper Chhandi Khola Small , 4000 kW",082/83
125,20,,,,,,"Upper Chhandi Khola Small , 4000 kW",083/84
126,15,0.00,"1,439,103.77","1,100,000.00","2,534,539.69","4,564.08","Lower Khare , 11000 kW",078/79
126,16,"4,564.08","5,515,757.93","1,100,000.00","6,418,121.42","202,200.59","Lower Khare , 11000 kW",079/80
126,17,"202,200.59","5,559,300.14","1,100,000.00","5,567,309.31","1,294,191.42","Lower Khare , 11000 kW",080/81
126,18,"1,294,191.42","5,329,620.12","1,100,000.00","6,310,794.69","1,413,016.85","Lower Khare , 11000 kW",081/82
126,19,0.00,"4,616,287.13",0.00,"6,029,303.98","-1,413,016.85","Lower Khare , 11000 kW",082/83
126,20,,,,,,"Lower Khare , 11000 kW",083/84
127,15,0.00,"829,969.50","715,100.00","617,710.16","927,359.34","Sapsu Khola Small HP , 7151 kW",078/79
127,16,"927,359.34","2,587,977.63","715,100.00","3,136,529.44","1,093,907.53","Sapsu Khola Small HP , 7151 kW",079/80
127,17,"1,093,907.53","2,464,826.57","715,100.00","2,416,990.36","1,856,843.74","Sapsu Khola Small HP , 7151 kW",080/81
127,18,"1,856,843.74","2,665,594.36","715,100.00","2,370,157.13","2,867,380.97","Sapsu Khola Small HP , 7151 kW",081/82
127,19,0.00,"1,578,316.58",0.00,"2,541,174.44","-962,857.86","Sapsu Khola Small HP , 7151 kW",082/83
127,20,,,,,,"Sapsu Khola Small HP , 7151 kW",083/84
128,15,0.00,"3,334,151.97","5,100,000.00","5,297,027.92","3,137,124.05","Likhu Khola A , 51000 kW",078/79
128,16,"3,137,124.05","15,042,634.78","5,100,000.00","14,530,235.32","8,749,523.51","Likhu Khola A , 51000 kW",079/80
128,17,"8,749,523.51","14,301,589.08","5,100,000.00","19,995,004.61","8,156,107.98","Likhu Khola A , 51000 kW",080/81
128,18,"8,156,107.98","16,278,287.55","5,100,000.00","16,180,308.82","13,354,086.71","Likhu Khola A , 51000 kW",081/82
128,19,0.00,"15,239,998.76",0.00,"28,594,085.47","-13,354,086.71","Likhu Khola A , 51000 kW",082/83
128,20,,,,,,"Likhu Khola A , 51000 kW",083/84
129,15,0.00,"181,709.09","700,000.00","751,102.72","130,606.37","Suri Khola , 7000 kW",078/79
129,16,"130,606.37","3,284,091.16","700,000.00","3,886,773.64","227,923.89","Suri Khola , 7000 kW",079/80
129,17,"227,923.89","3,418,621.96","700,000.00","3,508,783.81","837,762.04","Suri Khola , 7000 kW",080/81
129,18,"837,762.04","3,590,992.05","700,000.00","4,278,235.62","850,518.47","Suri Khola , 7000 kW",081/82
129,19,0.00,"3,479,803.50",0.00,"4,330,321.97","-850,518.47","Suri Khola , 7000 kW",082/83
129,20,,,,,,"Suri Khola , 7000 kW",083/84
13,1,"685,489.00","969,226.18","260,000.04","1,922,278.00","-7,948.96","Sunkoshi Small HP , 2600 kW",066/67
13,10,"140,643.00","1,030,740.74","260,000.00","1,124,826.00","306,557.74","Sunkoshi Small HP , 2600 kW",074/75
13,11,"306,558.00","1,145,729.36","260,000.00","1,413,761.00","298,526.36","Sunkoshi Small HP , 2600 kW",075/76
13,12,"298,526.00","2,007,772.64","2,600,000.00","1,120,045.61","3,786,253.03","Sunkoshi Small HP , 2600 kW",076/77
13,14,"3,786,253.00","5,124,326.69","2,600,000.00","10,475,105.08","1,035,474.61","Sunkoshi Small HP , 2600 kW",077/78
13,15,"1,035,474.61","4,518,222.66","2,600,000.00","7,711,691.96","442,005.31","Sunkoshi Small HP , 2600 kW",078/79
13,16,"442,005.31","4,964,533.40","2,600,000.00","7,602,738.44","403,800.27","Sunkoshi Small HP , 2600 kW",079/80
13,17,"403,800.27","5,173,545.48","2,600,000.00","7,947,564.60","229,781.15","Sunkoshi Small HP , 2600 kW",080/81
13,18,"229,781.15","5,392,232.14","2,600,000.00","7,912,898.61","309,114.68","Sunkoshi Small HP , 2600 kW",081/82
13,19,0.00,"5,398,951.04",0.00,"8,308,579.53","-2,909,628.49","Sunkoshi Small HP , 2600 kW",082/83
13,2,"-7,949.00","1,019,944.60","260,000.04","1,125,964.03","146,031.61","Sunkoshi Small HP , 2600 kW",067/68
13,20,,,,,,"Sunkoshi Small HP , 2600 kW",083/84
13,3,"145,835.70","985,129.46","260,000.04","1,411,302.58","-20,711.38","Sunkoshi Small HP , 2600 kW",068/69
13,5,"-20,711.42","521,912.66","260,000.04","635,000.36","126,200.92","Sunkoshi Small HP , 2600 kW",069/70
13,6,"126,200.88","1,067,784.36","260,000.04","1,294,733.83","159,251.45","Sunkoshi Small HP , 2600 kW",070/71
13,7,"156,388.00","184,412.70","260,000.04","358,060.00","242,740.74","Sunkoshi Small HP , 2600 kW",071/72
13,8,"242,740.70","333,073.92","260,000.04","773,541.45","62,273.21","Sunkoshi Small HP , 2600 kW",072/73
13,9,"1,845,722.00","845,334.24",0.00,"1,026,965.07","1,664,091.17","Sunkoshi Small HP , 2600 kW",073/74
130,15,0.00,"880,536.18","3,000,000.00","3,000,000.00","880,536.18","Nyadi , 30000 kW",078/79
130,16,"880,536.18","11,992,913.99","3,000,000.00","10,913,119.43","4,960,330.74","Nyadi , 30000 kW",079/80
130,17,"4,960,330.74","11,511,224.98","3,000,000.00","15,429,733.68","4,041,822.04","Nyadi , 30000 kW",080/81
130,18,"4,041,822.04","13,299,133.34","3,000,000.00","19,333,608.53","1,007,346.85","Nyadi , 30000 kW",081/82
130,19,0.00,"12,030,509.18",0.00,"13,037,856.03","-1,007,346.85","Nyadi , 30000 kW",082/83
130,20,,,,,,"Nyadi , 30000 kW",083/84
131,15,0.00,"110,526.72","700,000.00",0.00,"810,526.72","Upper Khimti II , 7000 kW",078/79
131,16,"810,526.72","2,084,455.78","700,000.00","2,285,256.97","1,309,725.53","Upper Khimti II , 7000 kW",079/80
131,17,"1,309,725.53","2,828,990.05","700,000.00","4,040,125.87","798,589.71","Upper Khimti II , 7000 kW",080/81
131,18,"798,589.71","3,426,046.90","700,000.00","3,148,712.81","1,775,923.80","Upper Khimti II , 7000 kW",081/82
131,19,0.00,"3,432,591.51",0.00,"4,503,980.74","-1,071,389.23","Upper Khimti II , 7000 kW",082/83
131,20,,,,,,"Upper Khimti II , 7000 kW",083/84
132,15,0.00,0.00,"1,200,000.00",0.00,"1,200,000.00","Uppallo Khimti , 12000 kW",078/79
132,16,"1,200,000.00","2,738,112.24","1,200,000.00","2,309,710.61","2,828,401.63","Uppallo Khimti , 12000 kW",079/80
132,17,"2,828,401.63","2,645,324.51","1,200,000.00","4,955,041.76","1,718,684.38","Uppallo Khimti , 12000 kW",080/81
132,18,"1,718,684.38","4,908,952.71","1,200,000.00","4,809,908.10","3,017,728.99","Uppallo Khimti , 12000 kW",081/82
132,19,0.00,"4,840,928.29",0.00,"6,636,481.11","-1,795,552.82","Uppallo Khimti , 12000 kW",082/83
132,20,,,,,,"Uppallo Khimti , 12000 kW",083/84
133,15,0.00,"523,356.48","850,000.00","272,128.68","1,101,227.80","Upper Hewa , 8500 kW",078/79
133,16,"1,101,227.80","3,996,285.26","850,000.00","5,602,750.28","344,762.78","Upper Hewa , 8500 kW",079/80
133,17,"344,762.78","907,369.22","850,000.00","1,218,916.22","883,215.78","Upper Hewa , 8500 kW",080/81
133,18,"883,215.78","4,394,490.82","850,000.00","5,942,383.49","185,323.11","Upper Hewa , 8500 kW",081/82
133,19,0.00,"4,769,702.97",0.00,"5,138,041.41","-368,338.44","Upper Hewa , 8500 kW",082/83
133,20,,,,,,"Upper Hewa , 8500 kW",083/84
134,16,0.00,"6,453,590.30","2,700,000.00","5,031,703.35","4,121,886.95","Dordi Khola , 27000 kW",079/80
134,17,"4,121,886.95","9,059,719.81","2,700,000.00","12,237,189.24","3,644,417.52","Dordi Khola , 27000 kW",080/81
134,18,"3,644,417.52","12,774,227.49","2,700,000.00","12,672,779.70","6,445,865.31","Dordi Khola , 27000 kW",081/82
134,19,0.00,"10,665,909.23",0.00,"17,111,774.54","-6,445,865.31","Dordi Khola , 27000 kW",082/83
134,20,,,,,,"Dordi Khola , 27000 kW",083/84
135,16,0.00,"1,420,903.15","1,000,000.00","1,316,609.11","1,104,294.04","Makarigad , 10000 kW",079/80
135,17,"1,104,294.04","5,574,636.79","1,000,000.00","7,262,992.51","415,938.32","Makarigad , 10000 kW",080/81
135,18,"415,938.32","6,896,395.63","1,000,000.00","7,669,724.06","642,609.89","Makarigad , 10000 kW",081/82
135,19,0.00,"6,441,803.46",0.00,"8,084,413.35","-1,642,609.89","Makarigad , 10000 kW",082/83
135,20,,,,,,"Makarigad , 10000 kW",083/84
136,16,0.00,"6,007,451.11","2,500,000.00","4,248,066.31","4,259,384.80","Upper Dordi A , 25000 kW",079/80
136,17,"4,259,384.80","10,520,226.37","2,500,000.00","14,760,674.45","2,518,936.72","Upper Dordi A , 25000 kW",080/81
136,18,"2,518,936.72","12,384,773.72","2,500,000.00","12,836,247.20","4,567,463.24","Upper Dordi A , 25000 kW",081/82
136,19,0.00,"10,825,382.01",0.00,"15,412,110.29","-4,586,728.28","Upper Dordi A , 25000 kW",082/83
136,20,,,,,,"Upper Dordi A , 25000 kW",083/84
137,16,0.00,"7,175,105.07","2,810,000.00","8,752,805.43","1,232,299.64","Lower Likhu , 28100 kW",079/80
137,17,"1,232,299.64","14,529,232.91","2,810,000.00","17,790,443.24","781,089.31","Lower Likhu , 28100 kW",080/81
137,18,"781,089.31","15,673,883.00","2,810,000.00","18,862,618.70","402,353.61","Lower Likhu , 28100 kW",081/82
137,19,0.00,"14,886,154.35",0.00,"19,231,562.83","-4,345,408.48","Lower Likhu , 28100 kW",082/83
137,20,,,,,,"Lower Likhu , 28100 kW",083/84
138,16,0.00,"3,263,603.96",0.00,"3,233,982.66","29,621.30","Chepe Khola , 8630 kW",079/80
138,17,"29,621.30","5,409,366.61","863,000.00","5,905,877.41","396,110.50","Chepe Khola , 8630 kW",080/81
138,18,"396,110.50","5,434,585.36","863,000.00","6,191,027.89","502,667.97","Chepe Khola , 8630 kW",081/82
138,19,0.00,"4,791,306.83",0.00,"6,231,329.90","-1,440,023.07","Chepe Khola , 8630 kW",082/83
138,20,,,,,,"Chepe Khola , 8630 kW",083/84
139,16,0.00,"8,346,865.73","8,600,000.00","4,249,017.48","12,697,848.25","Solu Khola (Dudhkoshi) , 86000 kW",079/80
139,17,"12,697,848.25","48,359,877.67","8,600,000.00","59,017,467.45","10,640,258.47","Solu Khola (Dudhkoshi) , 86000 kW",080/81
139,18,"10,640,258.47","51,751,612.29","8,600,000.00","68,739,045.68","2,252,825.08","Solu Khola (Dudhkoshi) , 86000 kW",081/82
139,19,0.00,"55,366,905.05",0.00,"57,619,730.13","-2,252,825.08","Solu Khola (Dudhkoshi) , 86000 kW",082/83
139,20,,,,,,"Solu Khola (Dudhkoshi) , 86000 kW",083/84
14,1,"642,160.00","1,572,922.28","399,999.96","1,446,769.60","1,168,315.36","Khudi HP , 4000 kW",066/67
14,10,"205,637.00","1,761,036.76","400,000.00","1,921,625.00","445,048.76","Khudi HP , 4000 kW",074/75
14,11,"445,049.00","1,926,909.46","400,000.00","2,419,046.00","352,912.46","Khudi HP , 4000 kW",075/76
14,12,"352,912.00","1,404,654.14","400,000.00","2,046,324.20","111,241.94","Khudi HP , 4000 kW",076/77
14,14,"111,242.00","1,330,752.64","400,000.00","1,509,624.07","332,370.57","Khudi HP , 4000 kW",077/78
14,15,"332,370.57","5,467,346.79","4,000,000.00","4,513,845.39","5,285,871.97","Khudi HP , 4000 kW",078/79
14,16,"5,285,871.97","8,577,731.84","4,000,000.00","9,220,253.97","8,643,349.84","Khudi HP , 4000 kW",079/80
14,17,"8,643,350.00","8,763,464.05","4,000,000.00","16,136,929.82","5,269,884.23","Khudi HP , 4000 kW",080/81
14,18,"5,269,884.23","8,616,886.58","4,000,000.00","9,107,014.74","8,779,756.07","Khudi HP , 4000 kW",081/82
14,19,0.00,"5,991,028.56",0.00,"17,365,555.46","-11,374,526.90","Khudi HP , 4000 kW",082/83
14,2,"1,168,315.40","1,794,010.88","399,999.96","2,136,970.32","1,225,355.92","Khudi HP , 4000 kW",067/68
14,20,,,,,,"Khudi HP , 4000 kW",083/84
14,3,"1,168,315.24","1,749,983.88","399,999.96","2,232,308.45","1,085,990.63","Khudi HP , 4000 kW",068/69
14,5,"1,085,990.67","1,855,722.30","399,999.96","2,138,348.72","1,203,364.21","Khudi HP , 4000 kW",069/70
14,6,"1,203,364.25","1,925,592.20","399,999.96","2,321,822.00","1,207,134.41","Khudi HP , 4000 kW",070/71
14,7,"1,207,134.45","2,010,288.48","399,999.96","2,936,807.00","680,615.89","Khudi HP , 4000 kW",071/72
14,8,"680,615.93","1,644,135.30","399,999.96","2,366,324.97","358,426.22","Khudi HP , 4000 kW",072/73
14,9,"3,786,527.00","1,898,236.38",0.00,"2,451,023.65","3,233,739.73","Khudi HP , 4000 kW",073/74
140,16,0.00,"9,299,433.51","3,600,000.00","7,182,310.80","5,717,122.71","Upper Balephi A , 36000 kW",079/80
140,17,"5,717,122.71","18,073,310.85","3,600,000.00","21,411,857.22","5,978,576.34","Upper Balephi A , 36000 kW",080/81
140,18,"5,978,576.34","16,624,462.30","3,600,000.00","24,640,104.54","1,562,934.10","Upper Balephi A , 36000 kW",081/82
140,19,0.00,"20,422,191.92",0.00,"21,985,126.03","-1,562,934.11","Upper Balephi A , 36000 kW",082/83
140,20,,,,,,"Upper Balephi A , 36000 kW",083/84
141,16,0.00,"2,282,982.18","950,000.00","2,849,792.15","383,190.03","Mid Solu Khola  , 9500 kW",079/80
141,17,"383,190.03","5,296,477.20","950,000.00","5,673,682.58","955,984.65","Mid Solu Khola  , 9500 kW",080/81
141,18,"955,984.65","6,134,582.71","950,000.00","7,256,493.90","784,073.46","Mid Solu Khola  , 9500 kW",081/82
141,19,0.00,"5,295,381.49",0.00,"6,079,454.95","-784,073.46","Mid Solu Khola  , 9500 kW",082/83
141,20,,,,,,"Mid Solu Khola  , 9500 kW",083/84
142,16,0.00,"3,019,231.37","1,200,000.00","3,517,479.14","701,752.23","Dordi 1 , 12000 kW",079/80
142,17,"701,752.23","4,517,129.50","1,200,000.00","4,738,300.00","1,680,581.73","Dordi 1 , 12000 kW",080/81
142,18,"1,680,581.73","5,429,065.13","1,200,000.00","6,674,070.81","1,635,576.05","Dordi 1 , 12000 kW",081/82
142,19,0.00,"4,947,213.95",0.00,"6,592,900.78","-1,645,686.83","Dordi 1 , 12000 kW",082/83
142,20,,,,,,"Dordi 1 , 12000 kW",083/84
143,16,0.00,"834,737.47","496,000.00","615,258.77","715,478.70","Puwa 2 , 4960 kW",079/80
143,17,"715,478.70","2,053,283.13","496,000.00","2,095,569.71","1,169,192.12","Puwa 2 , 4960 kW",080/81
143,18,"1,169,192.12","1,952,474.04","496,000.00","2,963,947.32","653,718.84","Puwa 2 , 4960 kW",081/82
143,19,0.00,"1,559,093.10",0.00,"2,212,811.94","-653,718.84","Puwa 2 , 4960 kW",082/83
143,20,,,,,,"Puwa 2 , 4960 kW",083/84
144,16,0.00,"3,080,464.98","1,800,000.00","1,499,802.84","3,380,662.14","Middle Modi , 18000 kW",079/80
144,17,"3,380,662.14","5,566,480.10","1,800,000.00","7,118,478.49","3,628,663.75","Middle Modi , 18000 kW",080/81
144,18,"3,628,663.75","8,460,433.08","1,800,000.00","11,415,547.15","2,473,549.68","Middle Modi , 18000 kW",081/82
144,19,0.00,"8,311,604.99",0.00,"10,785,154.67","-2,473,549.68","Middle Modi , 18000 kW",082/83
144,20,,,,,,"Middle Modi , 18000 kW",083/84
145,16,0.00,"2,572,825.38","1,533,000.00","1,542,684.00","2,563,141.38","Kalanga , 15330 kW",079/80
145,17,"2,563,141.38","9,596,461.27","1,533,000.00","10,108,721.40","3,583,881.25","Kalanga , 15330 kW",080/81
145,18,"3,583,881.25","9,914,657.13","1,533,000.00","14,424,207.08","607,331.30","Kalanga , 15330 kW",081/82
145,19,0.00,"9,818,118.17",0.00,"11,958,449.47","-2,140,331.30","Kalanga , 15330 kW",082/83
145,20,,,,,,"Kalanga , 15330 kW",083/84
146,16,0.00,"3,653,205.78","3,846,000.00","1,053,449.54","6,445,756.24","Upper Kalangad , 38460 kW",079/80
146,17,"6,445,756.24","19,495,065.84","3,846,000.00","20,184,114.42","9,602,707.66","Upper Kalangad , 38460 kW",080/81
146,18,"9,602,707.66","20,879,856.62","3,846,000.00","32,615,869.85","1,712,694.43","Upper Kalangad , 38460 kW",081/82
146,19,0.00,"20,653,845.08",0.00,"26,212,539.51","-5,558,694.43","Upper Kalangad , 38460 kW",082/83
146,20,,,,,,"Upper Kalangad , 38460 kW",083/84
147,16,0.00,"909,086.16","455,000.00","298,643.64","1,065,442.52","Upper Machha Khola Small , 4550 kW",079/80
147,17,"1,065,442.52","2,679,164.14","455,000.00","2,842,643.22","1,356,963.44","Upper Machha Khola Small , 4550 kW",080/81
147,18,"1,356,963.44","2,975,671.77","455,000.00","4,744,983.73","42,651.48","Upper Machha Khola Small , 4550 kW",081/82
147,19,0.00,"3,389,668.49",0.00,"3,682,726.61","-293,058.12","Upper Machha Khola Small , 4550 kW",082/83
147,20,,,,,,"Upper Machha Khola Small , 4550 kW",083/84
148,16,0.00,"402,030.08","472,000.00","176,700.73","697,329.35","Upper Piluwa Khola 2 , 4720 kW",079/80
148,17,"697,329.35",0.00,"472,000.00","224,957.83","944,371.52","Upper Piluwa Khola 2 , 4720 kW",080/81
148,18,"944,371.52","337,977.96","472,000.00","1,119,423.16","634,926.32","Upper Piluwa Khola 2 , 4720 kW",081/82
148,19,0.00,"2,518,809.15",0.00,"3,153,735.47","-634,926.32","Upper Piluwa Khola 2 , 4720 kW",082/83
148,20,,,,,,"Upper Piluwa Khola 2 , 4720 kW",083/84
149,16,0.00,"4,095,994.36","4,400,000.00","199,810.12","8,296,184.24","Super Madi , 44000 kW",079/80
149,17,"8,296,184.24","25,018,919.01","4,400,000.00","26,864,294.90","10,850,808.35","Super Madi , 44000 kW",080/81
149,18,"10,850,808.35","22,182,991.21","4,400,000.00","34,759,833.05","2,673,966.51","Super Madi , 44000 kW",081/82
149,19,0.00,"18,232,953.35",0.00,"26,700,975.40","-8,468,022.05","Super Madi , 44000 kW",082/83
149,20,,,,,,"Super Madi , 44000 kW",083/84
15,1,0.00,"147,619.90","320,000.04",0.00,"787,619.94","Mardi Khola , 4800 kW",066/67
15,10,"2,571,681.00","2,036,141.72","480,000.00","2,591,575.00","2,496,247.72","Mardi Khola , 4800 kW",074/75
15,11,"2,571,680.00","2,167,257.07","480,000.00","2,516,142.00","2,702,795.07","Mardi Khola , 4800 kW",075/76
15,12,"2,702,795.00","2,097,253.31","480,000.00","5,246,891.37","33,156.94","Mardi Khola , 4800 kW",076/77
15,14,"33,157.00","1,887,900.80","480,000.00","2,455,775.00","-54,717.20","Mardi Khola , 4800 kW",077/78
15,15,"-54,717.20","2,111,166.23","480,000.00","2,027,778.85","508,670.18","Mardi Khola , 4800 kW",078/79
15,16,"508,670.18","1,784,493.62","480,000.00","2,594,775.40","178,388.40","Mardi Khola , 4800 kW",079/80
15,17,"178,388.40","1,984,895.92","480,000.00","2,139,677.51","503,606.81","Mardi Khola , 4800 kW",080/81
15,18,"503,606.81","3,992,477.59","4,800,000.00","2,411,700.79","6,884,383.61","Mardi Khola , 4800 kW",081/82
15,19,0.00,"9,497,120.36",0.00,"11,756,984.92","-2,259,864.56","Mardi Khola , 4800 kW",082/83
15,2,"787,619.90","1,330,382.92","320,000.04",0.00,"2,438,002.86","Mardi Khola , 4800 kW",067/68
15,20,,,,,,"Mardi Khola , 4800 kW",083/84
15,3,"2,264,449.00","1,609,825.54","320,000.04","2,264,477.00","1,929,797.58","Mardi Khola , 4800 kW",068/69
15,5,"1,929,797.54","1,620,327.12","320,000.04",0.00,"3,870,124.70","Mardi Khola , 4800 kW",069/70
15,6,"3,870,124.66","1,494,087.80","480,000.00","3,870,124.00","1,974,088.46","Mardi Khola , 4800 kW",070/71
15,7,"1,974,088.46","2,171,792.82","480,000.00","1,873,979.45","2,751,901.83","Mardi Khola , 4800 kW",071/72
15,8,"2,751,901.83","2,039,914.60","480,000.00","2,651,795.62","2,620,020.81","Mardi Khola , 4800 kW",072/73
15,9,"7,486,578.00","2,111,574.36",0.00,"2,519,915.00","7,078,237.36","Mardi Khola , 4800 kW",073/74
150,16,0.00,"61,260.64","500,000.00","510,610.59","50,650.05","Rukum gad , 5000 kW",079/80
150,17,"50,650.05","1,295,353.32","500,000.00","1,063,643.40","782,359.97","Rukum gad , 5000 kW",080/81
150,18,"782,359.97","1,782,087.65","500,000.00","2,276,149.06","788,298.56","Rukum gad , 5000 kW",081/82
150,19,0.00,"1,430,343.46",0.00,"2,415,373.25","-985,029.79","Rukum gad , 5000 kW",082/83
150,20,,,,,,"Rukum gad , 5000 kW",083/84
151,16,0.00,"1,272,858.76","5,400,000.00",0.00,"6,672,858.76","Super Dordi Kha , 54000 kW",079/80
151,17,"6,672,858.76","12,716,576.16","5,400,000.00","17,800,655.80","6,988,779.12","Super Dordi Kha , 54000 kW",080/81
151,18,"6,988,779.12","18,995,617.76","5,400,000.00","29,819,979.99","1,564,416.89","Super Dordi Kha , 54000 kW",081/82
151,19,0.00,"20,070,256.10",0.00,"21,634,672.99","-1,564,416.89","Super Dordi Kha , 54000 kW",082/83
151,20,,,,,,"Super Dordi Kha , 54000 kW",083/84
152,16,0.00,0.00,"1,980,000.00",0.00,"1,980,000.00","Upper Solu Khola , 19800 kW",079/80
152,17,"1,980,000.00","5,876,905.23","1,980,000.00","4,941,687.50","4,895,217.73","Upper Solu Khola , 19800 kW",080/81
152,18,"4,895,217.73","9,733,879.44","1,980,000.00","9,703,740.40","6,905,356.77","Upper Solu Khola , 19800 kW",081/82
152,19,0.00,"10,755,988.42",0.00,"17,661,345.19","-6,905,356.77","Upper Solu Khola , 19800 kW",082/83
152,20,,,,,,"Upper Solu Khola , 19800 kW",083/84
153,16,0.00,0.00,"1,490,000.00",0.00,"1,490,000.00","Maya Khola , 14900 kW",079/80
153,17,"1,490,000.00","2,141,181.81","3,655,207.93","1,624,064.33","5,662,325.41","Maya Khola , 14900 kW",080/81
153,18,"5,662,325.41","5,817,777.26","3,837,968.33","7,556,943.04","7,761,127.96","Maya Khola , 14900 kW",081/82
153,19,0.00,"5,945,915.00",0.00,"7,203,870.01","-1,257,955.01","Maya Khola , 14900 kW",082/83
153,20,,,,,,"Maya Khola , 14900 kW",083/84
154,17,0.00,"2,654,278.92","2,800,000.00","3,855,726.20","1,598,552.72","Ghar Khola , 14000 kW",080/81
154,18,"1,598,552.72","4,004,200.08","1,400,000.00","6,818,185.74","184,567.06","Ghar Khola , 14000 kW",081/82
154,19,0.00,"5,139,074.98",0.00,"7,583,522.97","-2,444,447.99","Ghar Khola , 14000 kW",082/83
154,20,,,,,,"Ghar Khola , 14000 kW",083/84
155,17,0.00,"16,714,944.83","4,000,000.00","13,477,540.76","7,237,404.07","Upper Chameliya , 40000 kW",080/81
155,18,"7,237,404.07","22,948,281.17","4,000,000.00","31,718,403.21","2,467,282.03","Upper Chameliya , 40000 kW",081/82
155,19,0.00,"22,577,662.34",0.00,"25,044,944.37","-2,467,282.03","Upper Chameliya , 40000 kW",082/83
155,20,,,,,,"Upper Chameliya , 40000 kW",083/84
156,17,0.00,"3,133,807.37","1,030,000.00","2,965,936.58","1,197,870.79","Down Piluwa , 10300 kW",080/81
156,18,"1,197,870.79","4,580,965.20","1,030,000.00","5,530,431.01","1,278,404.98","Down Piluwa , 10300 kW",081/82
156,19,0.00,"3,560,624.60",0.00,"6,147,303.74","-2,586,679.14","Down Piluwa , 10300 kW",082/83
156,20,,,,,,"Down Piluwa , 10300 kW",083/84
157,17,0.00,"12,189,150.70","5,500,000.00","10,993,641.27","6,695,509.43","Likhu 2 , 55000 kW",080/81
157,18,"6,695,509.43","23,116,787.75","5,500,000.00","23,053,997.04","12,258,300.14","Likhu 2 , 55000 kW",081/82
157,19,0.00,"22,586,075.93",0.00,"34,844,376.07","-12,258,300.14","Likhu 2 , 55000 kW",082/83
157,20,,,,,,"Likhu 2 , 55000 kW",083/84
158,17,0.00,"3,434,960.74","1,480,000.00","4,361,396.82","553,563.92","Upper Sanjen , 14800 kW",080/81
158,18,"553,563.92","5,460,213.02","1,480,000.00","6,881,319.39","612,457.55","Upper Sanjen , 14800 kW",081/82
158,19,0.00,"6,795,694.47",0.00,"9,633,338.20","-2,837,643.73","Upper Sanjen , 14800 kW",082/83
158,20,,,,,,"Upper Sanjen , 14800 kW",083/84
159,17,0.00,"3,780,798.97","1,070,000.00","3,368,372.40","1,482,426.57","Upper Sanigad , 10700 kW",080/81
159,18,"1,482,426.57","5,311,143.47","1,070,000.00","6,577,026.62","1,286,543.42","Upper Sanigad , 10700 kW",081/82
159,19,0.00,"5,540,844.95",0.00,"6,827,388.36","-1,286,543.41","Upper Sanigad , 10700 kW",082/83
159,20,,,,,,"Upper Sanigad , 10700 kW",083/84
16,1,"452,895.53","357,275.72","165,000.00","567,710.00","407,476.53","Thoppal Khola HP , 1650 kW",066/67
16,10,"4,333,029.00","282,306.95","165,000.00","876,661.00","3,903,674.95","Thoppal Khola HP , 1650 kW",074/75
16,11,"3,903,675.00","291,815.87","165,000.00","3,183,254.00","1,177,236.87","Thoppal Khola HP , 1650 kW",075/76
16,12,"1,177,237.00","285,921.96","165,000.00","783,253.82","844,905.14","Thoppal Khola HP , 1650 kW",076/77
16,14,"844,905.00","114,151.48","165,000.00","844,905.00","279,151.48","Thoppal Khola HP , 1650 kW",077/78
16,15,"279,151.48","81,317.46","165,000.00","128,439.60","397,029.34","Thoppal Khola HP , 1650 kW",078/79
16,16,"397,029.34",0.00,"1,650,000.00",0.00,"2,047,029.34","Thoppal Khola HP , 1650 kW",079/80
16,17,"2,047,029.34",0.00,"1,650,000.00",0.00,"3,697,029.34","Thoppal Khola HP , 1650 kW",080/81
16,18,"3,697,029.34",0.00,"1,650,000.00",0.00,"5,347,029.34","Thoppal Khola HP , 1650 kW",081/82
16,19,,,,,,"Thoppal Khola HP , 1650 kW",082/83
16,2,"407,476.53","531,153.18","165,000.00",0.00,"1,103,629.71","Thoppal Khola HP , 1650 kW",067/68
16,20,,,,,,"Thoppal Khola HP , 1650 kW",083/84
16,3,"1,103,629.26","432,327.14","165,000.00",0.00,"1,700,956.40","Thoppal Khola HP , 1650 kW",068/69
16,5,"1,700,956.40","470,773.22","165,000.00",0.00,"2,336,729.62","Thoppal Khola HP , 1650 kW",069/70
16,6,"2,336,729.62","236,295.80","165,000.00",0.00,"2,738,025.42","Thoppal Khola HP , 1650 kW",070/71
16,7,"2,738,025.42","405,448.26","165,000.00",0.00,"3,308,473.68","Thoppal Khola HP , 1650 kW",071/72
16,8,"3,308,473.68","313,053.56","165,000.00",0.00,"3,786,527.24","Thoppal Khola HP , 1650 kW",072/73
16,9,"5,218,206.00","381,501.84",0.00,0.00,"5,599,707.84","Thoppal Khola HP , 1650 kW",073/74
160,17,0.00,"2,039,265.03","905,000.00","1,563,569.66","1,380,695.37","Super Chepe , 9050 kW",080/81
160,18,"1,380,695.37","5,928,182.70","905,000.00","7,617,175.32","596,702.75","Super Chepe , 9050 kW",081/82
160,19,0.00,"5,826,246.54",0.00,"7,327,949.29","-1,501,702.75","Super Chepe , 9050 kW",082/83
160,20,,,,,,"Super Chepe , 9050 kW",083/84
161,17,0.00,"1,284,123.03","700,000.00","1,760,445.45","223,677.58","Upper Suri , 7000 kW",080/81
161,18,"223,677.58","4,199,895.88","700,000.00","4,153,059.96","970,513.50","Upper Suri , 7000 kW",081/82
161,19,0.00,"3,901,232.93",0.00,"4,871,746.43","-970,513.50","Upper Suri , 7000 kW",082/83
161,20,,,,,,"Upper Suri , 7000 kW",083/84
162,17,0.00,"3,254,333.62","7,700,000.00","1,417,008.93","9,537,324.69","Likhu 1 , 77000 kW",080/81
162,18,"9,537,324.69","32,802,119.65","7,700,000.00","32,667,268.40","17,372,175.94","Likhu 1 , 77000 kW",081/82
162,19,0.00,"32,181,638.45",0.00,"49,553,814.38","-17,372,175.93","Likhu 1 , 77000 kW",082/83
162,20,,,,,,"Likhu 1 , 77000 kW",083/84
163,17,0.00,"184,077.62","750,000.00","780,917.02","153,160.60","Upper Midim Khola SHP , 7500 kW",080/81
163,18,"153,160.60","2,382,489.31","750,000.00","3,065,109.46","220,540.45","Upper Midim Khola SHP , 7500 kW",081/82
163,19,0.00,"3,386,129.13",0.00,"4,093,058.35","-706,929.22","Upper Midim Khola SHP , 7500 kW",082/83
163,20,,,,,,"Upper Midim Khola SHP , 7500 kW",083/84
164,17,0.00,"3,488,591.83","7,100,000.00","1,241,061.60","9,347,530.23","Nilgiri Khola-II cascade Project , 71000 kW",080/81
164,18,"9,347,530.23","20,433,686.54","7,100,000.00","26,630,662.61","10,250,554.16","Nilgiri Khola-II cascade Project , 71000 kW",081/82
164,19,0.00,"24,896,124.12",0.00,"46,188,118.63","-21,291,994.51","Nilgiri Khola-II cascade Project , 71000 kW",082/83
164,20,,,,,,"Nilgiri Khola-II cascade Project , 71000 kW",083/84
165,17,0.00,"964,386.48","970,000.00","409,195.68","1,525,190.80","Upper Ingwa Khola , 9700 kW",080/81
165,18,"1,525,190.80","5,385,928.73","970,000.00","7,236,282.73","644,836.80","Upper Ingwa Khola , 9700 kW",081/82
165,19,0.00,"4,590,325.94",0.00,"6,150,660.34","-1,560,334.40","Upper Ingwa Khola , 9700 kW",082/83
165,20,,,,,,"Upper Ingwa Khola , 9700 kW",083/84
166,17,0.00,"268,625.52","580,000.00","85,990.80","762,634.72","Upper Phawa HPP , 5800 kW",080/81
166,18,"762,634.72","1,727,148.37","580,000.00","2,172,341.54","897,441.55","Upper Phawa HPP , 5800 kW",081/82
166,19,0.00,"2,544,399.66",0.00,"3,254,213.47","-709,813.81","Upper Phawa HPP , 5800 kW",082/83
166,20,,,,,,"Upper Phawa HPP , 5800 kW",083/84
167,17,0.00,"1,523,219.57","1,430,000.00","2,546,613.29","406,606.28","Upper Mailun Khola , 14300 kW",080/81
167,18,"406,606.28","7,428,373.08","1,430,000.00","8,781,128.63","483,850.73","Upper Mailun Khola , 14300 kW",081/82
167,19,0.00,"7,370,230.53",0.00,"9,283,901.98","-1,913,671.45","Upper Mailun Khola , 14300 kW",082/83
167,20,,,,,,"Upper Mailun Khola , 14300 kW",083/84
168,17,0.00,"4,656,659.01","7,300,000.00","7,922,355.82","4,034,303.19","Middle Tamor	 , 73000 kW",080/81
168,18,"4,034,303.19","37,107,200.23","7,300,000.00","43,410,232.47","5,031,270.95","Middle Tamor	 , 73000 kW",081/82
168,19,0.00,"34,536,312.97",0.00,"46,867,583.92","-12,331,270.95","Middle Tamor	 , 73000 kW",082/83
168,20,,,,,,"Middle Tamor	 , 73000 kW",083/84
169,17,0.00,"304,917.98","727,100.00","232,834.63","799,183.35","Yambaling Khola , 7271 kW",080/81
169,18,"799,183.35","3,110,786.35","727,100.00","4,517,078.82","119,990.88","Yambaling Khola , 7271 kW",081/82
169,19,0.00,"3,337,612.41",0.00,"3,750,414.58","-412,802.17","Yambaling Khola , 7271 kW",082/83
169,20,,,,,,"Yambaling Khola , 7271 kW",083/84
17,1,"4,035,634.88","3,239,096.88","620,000.04","2,300,549.11","5,594,182.69","Ilam Puwa Khola HP , 6200 kW",066/67
17,10,"-116,137.00","19,337,174.00","6,200,000.00","25,400,336.00","20,701.00","Ilam Puwa Khola HP , 6200 kW",074/75
17,11,"20,701.00","18,971,263.00","6,200,000.00","25,187,694.00","4,270.00","Ilam Puwa Khola HP , 6200 kW",075/76
17,12,"4,270.00","18,903,329.00","6,200,000.00","25,143,447.00","-35,848.00","Ilam Puwa Khola HP , 6200 kW",076/77
17,14,"-35,848.00","18,703,949.48","6,200,000.00","25,066,417.86","-198,316.38","Ilam Puwa Khola HP , 6200 kW",077/78
17,15,"-198,316.38","20,346,869.34","6,200,000.00","23,903,928.83","2,444,624.13","Ilam Puwa Khola HP , 6200 kW",078/79
17,16,"2,444,624.13","17,801,453.52","6,200,000.00","26,830,323.58","-384,245.93","Ilam Puwa Khola HP , 6200 kW",079/80
17,17,"-384,245.93","18,271,560.88","6,200,000.00","19,194,898.19","4,892,416.76","Ilam Puwa Khola HP , 6200 kW",080/81
17,18,"4,892,416.76","16,352,866.51","6,200,000.00","23,572,057.22","3,873,226.05","Ilam Puwa Khola HP , 6200 kW",081/82
17,19,0.00,"20,905,765.62",0.00,"27,105,765.62","-6,200,000.00","Ilam Puwa Khola HP , 6200 kW",082/83
17,2,"5,594,182.61","3,401,151.24","620,000.04","1,141,554.00","8,473,779.89","Ilam Puwa Khola HP , 6200 kW",067/68
17,20,,,,,,"Ilam Puwa Khola HP , 6200 kW",083/84
17,3,"13,191,340.00","3,060,100.56","620,000.04","15,835,473.00","1,035,967.60","Ilam Puwa Khola HP , 6200 kW",068/69
17,5,"1,035,967.50","3,288,426.24","620,000.04","4,754,303.00","190,090.78","Ilam Puwa Khola HP , 6200 kW",069/70
17,6,"190,090.80","3,199,160.28","620,000.04","3,806,602.00","202,649.12","Ilam Puwa Khola HP , 6200 kW",070/71
17,7,"202,649.02","7,356,194.46","2,154,500.01","9,520,407.00","192,936.49","Ilam Puwa Khola HP , 6200 kW",071/72
17,8,"192,936.49","18,282,618.96","6,200,000.04","10,059,231.00","14,616,324.49","Ilam Puwa Khola HP , 6200 kW",072/73
17,9,"-667,785.00","19,677,934.00","6,200,000.00","25,326,286.00","-116,137.00","Ilam Puwa Khola HP , 6200 kW",073/74
170,18,0.00,"11,150,644.49","3,800,000.00","9,541,439.06","5,409,205.43","Nilgiri Khola  , 38000 kW",081/82
170,19,0.00,"13,047,329.44",0.00,"24,081,854.34","-11,034,524.90","Nilgiri Khola  , 38000 kW",082/83
170,20,,,,,,"Nilgiri Khola  , 38000 kW",083/84
171,17,0.00,0.00,"700,000.00",0.00,"700,000.00","Chepe A HEP , 7000 kW",080/81
171,18,"700,000.00","2,692,311.06","700,000.00","3,123,443.49","968,867.57","Chepe A HEP , 7000 kW",081/82
171,19,0.00,"3,538,167.56",0.00,"4,927,263.73","-1,389,096.17","Chepe A HEP , 7000 kW",082/83
171,20,,,,,,"Chepe A HEP , 7000 kW",083/84
172,18,0.00,"5,396,849.74","1,200,000.00","5,075,144.98","1,521,704.76","Dudhkunda Khola HEP , 12000 kW",081/82
172,19,0.00,"6,012,682.74",0.00,"8,348,963.92","-2,336,281.18","Dudhkunda Khola HEP , 12000 kW",082/83
172,20,,,,,,"Dudhkunda Khola HEP , 12000 kW",083/84
173,17,0.00,"34,548.48","470,000.00",0.00,"504,548.48","Upper Chirkhuwa Khola , 4700 kW",080/81
173,18,"504,548.48","2,311,803.56","470,000.00","3,195,922.36","90,429.68","Upper Chirkhuwa Khola , 4700 kW",081/82
173,19,0.00,"2,465,912.84",0.00,"2,556,342.52","-90,429.68","Upper Chirkhuwa Khola , 4700 kW",082/83
173,20,,,,,,"Upper Chirkhuwa Khola , 4700 kW",083/84
174,17,0.00,"29,074.49","320,000.00",0.00,"349,074.49","Gelun Khola HPP , 3200 kW",080/81
174,18,"349,074.49","84,547.69","320,000.00","462,696.18","290,926.00","Gelun Khola HPP , 3200 kW",081/82
174,19,0.00,"558,941.50",0.00,"558,941.50",0.00,"Gelun Khola HPP , 3200 kW",082/83
174,20,,,,,,"Gelun Khola HPP , 3200 kW",083/84
175,17,0.00,0.00,"350,000.00",0.00,"350,000.00","Seti Khola HPP , 3500 kW",080/81
175,18,"350,000.00","968,902.89","350,000.00","1,245,247.97","423,654.92","Seti Khola HPP , 3500 kW",081/82
175,19,0.00,"1,228,515.86",0.00,"2,121,356.95","-892,841.09","Seti Khola HPP , 3500 kW",082/83
175,20,,,,,,"Seti Khola HPP , 3500 kW",083/84
176,18,0.00,"7,583,271.61","2,500,000.00","8,906,933.67","1,176,337.94","Seti Nadi hpp , 25000 kW",081/82
176,19,0.00,"8,584,430.89",0.00,"13,024,141.61","-4,439,710.72","Seti Nadi hpp , 25000 kW",082/83
176,20,,,,,,"Seti Nadi hpp , 25000 kW",083/84
177,18,0.00,"424,329.09","200,000.00","400,448.90","223,880.19","Upper Richet Khola SHP , 2000 kW",081/82
177,19,0.00,"806,654.24",0.00,"1,030,534.43","-223,880.19","Upper Richet Khola SHP , 2000 kW",082/83
177,20,,,,,,"Upper Richet Khola SHP , 2000 kW",083/84
178,18,0.00,"2,816,728.78","1,350,000.00","3,348,382.45","818,346.33","Super Kabeli Khola A HEP , 13500 kW",081/82
178,19,0.00,"6,073,941.78",0.00,"8,645,578.31","-2,571,636.53","Super Kabeli Khola A HEP , 13500 kW",082/83
178,20,,,,,,"Super Kabeli Khola A HEP , 13500 kW",083/84
179,18,0.00,"8,553,365.58","4,250,000.00","11,014,643.66","1,788,721.92","Sanjen , 42500 kW",081/82
179,19,0.00,"22,354,564.40",0.00,"28,393,286.32","-6,038,721.92","Sanjen , 42500 kW",082/83
179,20,,,,,,"Sanjen , 42500 kW",083/84
18,1,"8,145,750.64","5,503,676.28","1,400,000.04","5,194,788.31","9,854,638.65","Modi  HP , 14800 kW",066/67
18,10,"-224,281.00","35,642,654.00","14,800,000.00","50,180,228.00","38,145.00","Modi  HP , 14800 kW",074/75
18,11,"38,145.00","37,365,150.00","14,800,000.00","52,194,885.00","8,410.00","Modi  HP , 14800 kW",075/76
18,12,"8,410.00","36,325,644.00","14,800,000.00","51,202,736.00","-68,682.00","Modi  HP , 14800 kW",076/77
18,14,"-68,682.00","32,557,936.71","14,800,000.00","47,634,397.00","-345,142.29","Modi  HP , 14800 kW",077/78
18,15,"-345,142.29","42,884,445.15","14,800,000.00","52,176,408.48","5,162,894.38","Modi  HP , 14800 kW",078/79
18,16,"5,162,894.38","39,920,623.71","14,800,000.00","60,856,423.86","-972,905.77","Modi  HP , 14800 kW",079/80
18,17,"-972,905.77","39,069,824.39","14,800,000.00","42,586,809.99","10,310,108.63","Modi  HP , 14800 kW",080/81
18,18,"10,310,108.63","35,747,581.26","14,800,000.00","52,726,902.58","8,130,787.31","Modi  HP , 14800 kW",081/82
18,19,0.00,"41,139,809.41",0.00,"55,939,809.41","-14,800,000.00","Modi  HP , 14800 kW",082/83
18,2,"9,854,638.65","6,467,806.44","1,400,000.04","2,494,819.80","15,227,625.33","Modi  HP , 14800 kW",067/68
18,20,,,,,,"Modi  HP , 14800 kW",083/84
18,3,"27,690,594.00","3,731,067.12","1,400,000.04","30,818,650.00","2,003,011.16","Modi  HP , 14800 kW",068/69
18,5,"2,003,011.09","3,304,083.96","1,400,000.04","6,473,808.00","233,287.09","Modi  HP , 14800 kW",069/70
18,6,"233,287.01","4,488,350.28","1,400,000.04","5,839,323.00","282,314.33","Modi  HP , 14800 kW",070/71
18,7,"282,314.25","6,361,545.48","1,400,000.04","7,874,279.00","169,580.77","Modi  HP , 14800 kW",071/72
18,8,"169,580.68","7,178,051.47","14,000,000.04","8,347,880.00","12,999,752.19","Modi  HP , 14800 kW",072/73
18,9,"-841,616.00","37,553,726.00","14,800,000.00","51,736,391.00","-224,281.00","Modi  HP , 14800 kW",073/74
180,18,0.00,"19,307,101.73","11,100,000.00","25,866,127.97","4,540,973.76","Rasuwagadhi HPP , 111000 kW",081/82
180,19,0.00,"21,568,711.68",0.00,"38,024,788.80","-16,456,077.12","Rasuwagadhi HPP , 111000 kW",082/83
180,20,,,,,,"Rasuwagadhi HPP , 111000 kW",083/84
181,18,0.00,"8,035,376.24","7,800,000.00","13,501,094.16","2,334,282.08","Sanjen Khola HPP , 78000 kW",081/82
181,19,0.00,"19,974,553.97",0.00,"31,807,128.85","-11,832,574.88","Sanjen Khola HPP , 78000 kW",082/83
181,20,,,,,,"Sanjen Khola HPP , 78000 kW",083/84
182,18,0.00,"378,960.17","500,000.00","378,960.16","500,000.01","Lankhuwa Khola HPP , 5000 kW",081/82
182,19,0.00,"2,054,892.53",0.00,"2,975,033.20","-920,140.67","Lankhuwa Khola HPP , 5000 kW",082/83
182,20,,,,,,"Lankhuwa Khola HPP , 5000 kW",083/84
183,18,0.00,"1,778,758.77","1,200,000.00","2,164,182.35","814,576.42","Super Kabeli Khola HPP , 12000 kW",081/82
183,19,0.00,"6,321,438.04",0.00,"8,825,885.07","-2,504,447.03","Super Kabeli Khola HPP , 12000 kW",082/83
183,20,,,,,,"Super Kabeli Khola HPP , 12000 kW",083/84
184,18,0.00,"77,345.06","496,000.00","35,417.09","537,927.97","Bhim Khola Small HPP , 4960 kW",081/82
184,19,0.00,"403,434.64",0.00,"1,016,663.16","-613,228.52","Bhim Khola Small HPP , 4960 kW",082/83
184,20,,,,,,"Bhim Khola Small HPP , 4960 kW",083/84
185,18,0.00,"596,914.16","600,000.00","596,914.16","600,000.00","Super Hewa HPP , 6000 kW",081/82
185,19,0.00,"2,993,392.05",0.00,"3,997,294.94","-1,003,902.89","Super Hewa HPP , 6000 kW",082/83
185,20,,,,,,"Super Hewa HPP , 6000 kW",083/84
186,18,0.00,"75,592.76","400,000.00","400,000.00","75,592.76","Upper Lohore SHP , 4000 kW",081/82
186,19,0.00,"1,198,363.89",0.00,"1,343,243.63","-144,879.74","Upper Lohore SHP , 4000 kW",082/83
186,20,,,,,,"Upper Lohore SHP , 4000 kW",083/84
187,18,0.00,"1,553,099.48","3,200,000.00","321,622.04","4,431,477.44","Karuwa Seti HPP , 32000 kW",081/82
187,19,0.00,"10,326,638.97",0.00,"14,758,116.41","-4,431,477.44","Karuwa Seti HPP , 32000 kW",082/83
187,20,,,,,,"Karuwa Seti HPP , 32000 kW",083/84
188,18,0.00,0.00,"520,000.00",0.00,"520,000.00","Jogmai Cascade HPP , 5200 kW",081/82
188,19,0.00,"971,076.88",0.00,"2,011,076.88","-1,040,000.00","Jogmai Cascade HPP , 5200 kW",082/83
188,20,,,,,,"Jogmai Cascade HPP , 5200 kW",083/84
189,18,0.00,0.00,"600,000.00",0.00,"600,000.00","Rele Khola HPP , 6000 kW",081/82
189,19,0.00,"3,261,406.14",0.00,"3,861,406.13","-599,999.99","Rele Khola HPP , 6000 kW",082/83
189,20,,,,,,"Rele Khola HPP , 6000 kW",083/84
19,1,"95,716,411.60","82,067,968.80","14,400,000.00","53,432,108.36","138,752,272.04","Kaligandaki 'A' HP , 144000 kW",066/67
19,10,"-536,698.00","466,880,430.00","144,000,000.00","609,841,484.00","502,248.00","Kaligandaki 'A' HP , 144000 kW",074/75
19,11,"502,248.00","469,871,938.00","144,000,000.00","614,268,420.00","105,766.00","Kaligandaki 'A' HP , 144000 kW",075/76
19,12,"105,766.00","470,627,810.00","144,000,000.00","615,626,601.00","-893,025.00","Kaligandaki 'A' HP , 144000 kW",076/77
19,14,"-893,025.00","443,619,186.73","144,000,000.00","591,429,363.56","-4,703,201.83","Kaligandaki 'A' HP , 144000 kW",077/78
19,15,"-4,703,201.83","526,208,832.78","144,000,000.00","608,828,938.77","56,676,692.18","Kaligandaki 'A' HP , 144000 kW",078/79
19,16,"56,676,692.18","449,376,850.25","144,000,000.00","659,674,159.48","-9,620,617.05","Kaligandaki 'A' HP , 144000 kW",079/80
19,17,"-9,620,617.05","454,513,181.07","144,000,000.00","467,253,856.29","121,638,707.73","Kaligandaki 'A' HP , 144000 kW",080/81
19,18,"121,638,707.70","412,300,487.51","144,000,000.00","581,653,308.57","96,285,886.64","Kaligandaki 'A' HP , 144000 kW",081/82
19,19,0.00,"468,661,694.39",0.00,"612,661,694.39","-144,000,000.00","Kaligandaki 'A' HP , 144000 kW",082/83
19,2,"138,752,272.04","83,679,499.56","14,400,000.00","26,767,219.31","210,064,552.29","Kaligandaki 'A' HP , 144000 kW",067/68
19,20,,,,,,"Kaligandaki 'A' HP , 144000 kW",083/84
19,3,"312,796,363.00","92,953,213.44","14,400,000.00","394,284,594.00","25,864,982.44","Kaligandaki 'A' HP , 144000 kW",068/69
19,5,"25,864,982.40","91,466,466.36","14,400,000.00","126,573,841.00","5,157,607.76","Kaligandaki 'A' HP , 144000 kW",069/70
19,6,"5,157,607.81","93,268,315.56","14,400,000.00","106,940,893.00","5,885,030.37","Kaligandaki 'A' HP , 144000 kW",070/71
19,7,"5,885,030.41","100,397,442.60","14,400,000.00","117,969,678.00","2,712,795.01","Kaligandaki 'A' HP , 144000 kW",071/72
19,8,"2,712,795.06","81,022,057.80","14,400,000.00","125,545,922.00","-27,411,069.14","Kaligandaki 'A' HP , 144000 kW",072/73
19,9,"-3,026,533.00","90,877,480.00","14,400,000.00","102,787,645.00","-536,698.00","Kaligandaki 'A' HP , 144000 kW",073/74
190,19,0.00,"32,289,176.22",0.00,"42,489,176.22","-10,200,000.00","Madhya Bhotekoshi HPP , 102000 kW",082/83
190,20,,,,,,"Madhya Bhotekoshi HPP , 102000 kW",083/84
191,19,0.00,"2,580,661.91",0.00,"2,580,661.90",0.01,"Sagu khola 1 HPP , 5500 kW",082/83
191,20,,,,,,"Sagu khola 1 HPP , 5500 kW",083/84
192,19,0.00,"6,628,809.89",0.00,"6,628,809.89",0.00,"Sagu Khola HEP , 20000 kW",082/83
192,20,,,,,,"Sagu Khola HEP , 20000 kW",083/84
193,19,0.00,"4,247,283.19",0.00,"4,247,283.20",-0.01,"Upper Tadi , 11000 kW",082/83
193,20,,,,,,"Upper Tadi , 11000 kW",083/84
194,19,0.00,"12,926,482.96",0.00,"16,626,482.96","-3,700,000.00","Rahughat Mangale , 37000 kW",082/83
194,20,,,,,,"Rahughat Mangale , 37000 kW",083/84
195,19,,,,,,"Lower Solu Hydropower Project , 82000 kW",082/83
195,20,,,,,,"Lower Solu Hydropower Project , 82000 kW",083/84
196,19,0.00,"8,013,156.17",0.00,"12,309,968.51","-4,296,812.34","Kabeli-3 Cascade HEP , 21930 kW",082/83
196,20,,,,,,"Kabeli-3 Cascade HEP , 21930 kW",083/84
197,19,0.00,"1,247,088.04",0.00,"1,742,088.04","-495,000.00","Upper Piluwa 3 HPP , 4950 kW",082/83
197,20,,,,,,"Upper Piluwa 3 HPP , 4950 kW",083/84
198,19,0.00,"558,557.73",0.00,"1,027,810.31","-469,252.58","Buku-Kapati HPP , 5000 kW",082/83
198,20,,,,,,"Buku-Kapati HPP , 5000 kW",083/84
199,19,0.00,"13,354,538.02",0.00,"18,204,538.02","-4,850,000.00","Upper Rahughat , 48500 kW",082/83
199,20,,,,,,"Upper Rahughat , 48500 kW",083/84
20,1,"21,816,400.52","42,067,445.88","7,200,000.00","23,116,054.18","47,967,792.22","Middle Marsyangdi HP , 70200 kW",066/67
20,10,"-289,003.00","47,187,833.00","7,020,000.00","53,868,320.00","50,510.00","Middle Marsyangdi HP , 70200 kW",074/75
20,11,"50,510.00","51,349,745.00","7,020,000.00","58,408,697.00","11,558.00","Middle Marsyangdi HP , 70200 kW",075/76
20,12,"11,558.00","48,357,542.00","7,020,000.00","55,480,169.00","-91,069.00","Middle Marsyangdi HP , 70200 kW",076/77
20,14,"-91,069.00","43,260,447.71","7,020,000.00","50,647,978.90","-458,600.19","Middle Marsyangdi HP , 70200 kW",077/78
20,15,"-458,600.19","50,605,798.94","7,020,000.00","51,358,257.00","5,808,941.75","Middle Marsyangdi HP , 70200 kW",078/79
20,16,"5,808,941.75","46,306,745.68","7,020,000.00","59,396,615.28","-260,927.85","Middle Marsyangdi HP , 70200 kW",079/80
20,17,"-260,927.85","128,927,186.93","70,200,000.00","207,876,070.32","-9,009,811.24","Middle Marsyangdi HP , 70200 kW",080/81
20,18,"-9,009,811.24","203,805,801.32","70,200,000.00","281,197,381.32","-16,201,391.24","Middle Marsyangdi HP , 70200 kW",081/82
20,19,0.00,"242,531,890.54",0.00,"344,321,890.54","-101,790,000.00","Middle Marsyangdi HP , 70200 kW",082/83
20,2,"47,967,792.22","40,671,644.28","7,200,000.00","12,485,634.10","83,353,802.40","Middle Marsyangdi HP , 70200 kW",067/68
20,20,,,,,,"Middle Marsyangdi HP , 70200 kW",083/84
20,3,"133,686,246.00","45,906,286.68","7,200,000.00","175,344,196.00","11,448,336.68","Middle Marsyangdi HP , 70200 kW",068/69
20,5,"11,448,336.66","46,188,663.84","7,200,000.00","62,303,417.00","2,533,583.50","Middle Marsyangdi HP , 70200 kW",069/70
20,6,"2,533,583.44","46,828,556.40","7,200,000.00","53,610,704.00","2,951,435.84","Middle Marsyangdi HP , 70200 kW",070/71
20,7,"2,951,435.85","49,338,857.04","7,200,000.00","58,155,615.00","1,334,677.89","Middle Marsyangdi HP , 70200 kW",071/72
20,8,"1,334,677.85","46,993,505.16","7,200,000.00","61,883,078.00","-6,354,894.99","Middle Marsyangdi HP , 70200 kW",072/73
20,9,"-1,746,786.00","49,053,109.00","7,020,000.00","54,615,326.00","-289,003.00","Middle Marsyangdi HP , 70200 kW",073/74
200,19,0.00,"226,340.57",0.00,"314,630.11","-88,289.54","Upper Gaddi Gad , 1550 kW",082/83
200,20,,,,,,"Upper Gaddi Gad , 1550 kW",083/84
201,19,0.00,"1,849,649.90",0.00,"1,849,649.90",0.00,"Daram Khola HEP , 9600 kW",082/83
201,20,,,,,,"Daram Khola HEP , 9600 kW",083/84
202,19,0.00,"6,265,651.14",0.00,"9,388,668.07","-3,123,016.93","Thulo Khola HPP , 21300 kW",082/83
202,20,,,,,,"Thulo Khola HPP , 21300 kW",083/84
203,19,0.00,"4,190,473.10",0.00,"4,190,473.10",0.00,"Madme Khola HPP , 24000 kW",082/83
203,20,,,,,,"Madme Khola HPP , 24000 kW",083/84
204,19,,,,,,"Khorunga Khola HPP , 4800 kW",082/83
204,20,,,,,,"Khorunga Khola HPP , 4800 kW",083/84
205,19,,,,,,"Hidi Khola HEP , 6820 kW",082/83
205,20,,,,,,"Hidi Khola HEP , 6820 kW",083/84
206,19,0.00,"1,992,739.48",0.00,"1,992,739.48",0.00,"Mathillo Thulo Khola A HEP , 22500 kW",082/83
206,20,,,,,,"Mathillo Thulo Khola A HEP , 22500 kW",083/84
207,19,0.00,"255,997.87",0.00,"255,998.47",-0.60,"Buku Khola HPP , 6000 kW",082/83
207,20,,,,,,"Buku Khola HPP , 6000 kW",083/84
208,19,0.00,"50,195.44",0.00,"629,099.32","-578,903.88","Lower Irkhuwa Khola HPP , 14150 kW",082/83
208,20,,,,,,"Lower Irkhuwa Khola HPP , 14150 kW",083/84
209,19,,,,,,"Siddhi Khola HPP , 10000 kW",082/83
209,20,,,,,,"Siddhi Khola HPP , 10000 kW",083/84
21,1,"1,466,801.80","1,914,252.72","2,000,000.04","2,992,112.62","2,388,941.94","Tatopani HP , 2000 kW",066/67
21,10,"-3,152.00","939,070.00","2,000,000.00","2,934,910.00","1,008.00","Tatopani HP , 2000 kW",074/75
21,11,"1,008.00","983,002.00","2,000,000.00","2,983,789.00",221.00,"Tatopani HP , 2000 kW",075/76
21,12,221.00,"1,233,639.00","2,000,000.00","3,236,257.00","-2,397.00","Tatopani HP , 2000 kW",076/77
21,14,"-2,397.00","968,080.22","2,000,000.00","2,975,941.94","-10,258.72","Tatopani HP , 2000 kW",077/78
21,15,"-10,258.72","374,928.36","2,000,000.00","2,350,333.30","14,336.34","Tatopani HP , 2000 kW",078/79
21,16,"14,336.34","381,955.74","2,000,000.00","2,019,614.17","376,677.91","Tatopani HP , 2000 kW",079/80
21,17,"376,677.91","140,955.49","2,000,000.00","2,100,248.81","417,384.59","Tatopani HP , 2000 kW",080/81
21,18,"417,384.59",0.00,"2,000,000.00","2,007,862.52","409,522.07","Tatopani HP , 2000 kW",081/82
21,19,0.00,"105,994.88",0.00,"2,105,994.88","-2,000,000.00","Tatopani HP , 2000 kW",082/83
21,2,"2,388,941.92","1,898,709.84","2,000,000.04","2,187,889.57","4,099,762.23","Tatopani HP , 2000 kW",067/68
21,20,,,,,,"Tatopani HP , 2000 kW",083/84
21,3,"4,752,173.00","2,285,908.92","2,000,000.04","8,589,431.00","448,650.96","Tatopani HP , 2000 kW",068/69
21,5,"448,650.96",0.00,"2,000,000.04","2,428,930.00","19,721.00","Tatopani HP , 2000 kW",069/70
21,6,"19,720.96",0.00,"2,000,000.04","2,018,543.00","1,178.00","Tatopani HP , 2000 kW",070/71
21,7,"1,177.96",0.00,"2,000,000.04","2,001,149.00",29.00,"Tatopani HP , 2000 kW",071/72
21,8,28.96,"1,267,579.20","2,000,000.04","2,001,233.00","1,266,375.20","Tatopani HP , 2000 kW",072/73
21,9,"-204,552.00","720,534.00","2,000,000.00","2,519,134.00","-3,152.00","Tatopani HP , 2000 kW",073/74
210,19,,,,,,"Mewa Khola HPP , 50000 kW",082/83
210,20,,,,,,"Mewa Khola HPP , 50000 kW",083/84
22,1,"287,276,431.45","218,405,362.11","69,000,000.00","149,802,885.26","424,878,908.30","Marsyangdi HP , 69000 kW",066/67
22,10,"-1,474,479.00","240,178,243.00","69,000,000.00","307,446,682.00","257,082.00","Marsyangdi HP , 69000 kW",074/75
22,11,"257,082.00","257,441,342.00","69,000,000.00","326,640,479.00","57,945.00","Marsyangdi HP , 69000 kW",075/76
22,12,"57,945.00","238,467,163.00","69,000,000.00","307,973,251.00","-448,143.00","Marsyangdi HP , 69000 kW",076/77
22,14,"-448,143.00","216,436,437.18","69,000,000.00","287,282,797.26","-2,294,503.08","Marsyangdi HP , 69000 kW",077/78
22,15,"-2,294,503.08","250,180,489.03","69,000,000.00","291,873,163.48","25,012,822.47","Marsyangdi HP , 69000 kW",078/79
22,16,"25,012,822.47","232,634,144.06","69,000,000.00","325,844,655.69","802,310.84","Marsyangdi HP , 69000 kW",079/80
22,17,"802,310.84","239,006,442.40","69,000,000.00","238,983,528.32","69,825,224.92","Marsyangdi HP , 69000 kW",080/81
22,18,"69,825,224.92","206,737,631.80","69,000,000.00","289,069,451.03","56,493,405.69","Marsyangdi HP , 69000 kW",081/82
22,19,0.00,"258,772,120.85",0.00,"327,772,120.85","-69,000,000.00","Marsyangdi HP , 69000 kW",082/83
22,2,"424,878,908.29","228,189,774.96","69,000,000.00","88,899,807.15","633,168,876.10","Marsyangdi HP , 69000 kW",067/68
22,20,,,,,,"Marsyangdi HP , 69000 kW",083/84
22,3,"503,313,408.00","240,457,528.80","69,000,000.00","765,358,387.00","47,412,549.80","Marsyangdi HP , 69000 kW",068/69
22,5,"47,412,549.83","242,770,412.04","69,000,000.00","346,427,221.00","12,755,740.87","Marsyangdi HP , 69000 kW",069/70
22,6,"12,755,740.88","249,081,582.84","69,000,000.00","315,181,687.00","15,655,636.72","Marsyangdi HP , 69000 kW",070/71
22,7,"15,655,636.66","255,230,648.28","69,000,000.00","332,972,080.00","6,914,204.94","Marsyangdi HP , 69000 kW",071/72
22,8,"6,914,204.93","237,032,089.92","69,000,000.00","352,281,948.00","-39,335,653.15","Marsyangdi HP , 69000 kW",072/73
22,9,"-8,817,255.00","250,171,449.00","69,000,000.00","311,828,673.00","-1,474,479.00","Marsyangdi HP , 69000 kW",073/74
23,1,"3,324,682.61","1,557,706.68","2,400,000.00","5,210,535.14","2,071,854.15","Panauti HP , 2400 kW",066/67
23,10,"-8,229.00","593,802.00","2,400,000.00","2,984,942.00",631.00,"Panauti HP , 2400 kW",074/75
23,11,631.00,"1,737,565.00","2,400,000.00","4,137,805.00",391.00,"Panauti HP , 2400 kW",075/76
23,12,391.00,"1,601,579.00","2,400,000.00","4,004,978.00","-3,008.00","Panauti HP , 2400 kW",076/77
23,14,"-3,008.00","1,592,471.09","2,400,000.00","4,006,348.39","-16,885.30","Panauti HP , 2400 kW",077/78
23,15,"-16,885.30","1,747,431.62","2,400,000.00","3,973,658.08","156,888.24","Panauti HP , 2400 kW",078/79
23,16,"156,888.24","1,348,291.56","2,400,000.00","3,975,310.95","-70,131.15","Panauti HP , 2400 kW",079/80
23,17,"-70,131.15","1,510,472.00","2,400,000.00","3,474,261.25","366,079.60","Panauti HP , 2400 kW",080/81
23,18,"366,079.60","501,003.87","2,400,000.00","2,985,258.25","281,825.22","Panauti HP , 2400 kW",081/82
23,19,0.00,0.00,0.00,"2,400,000.00","-2,400,000.00","Panauti HP , 2400 kW",082/83
23,2,"2,071,854.18","1,406,670.36","2,400,000.00","2,590,200.15","3,288,324.39","Panauti HP , 2400 kW",067/68
23,20,,,,,,"Panauti HP , 2400 kW",083/84
23,3,"4,810,614.00","623,307.72","2,400,000.00","7,487,530.00","346,391.72","Panauti HP , 2400 kW",068/69
23,5,"346,391.76","776,481.00","2,400,000.00","3,473,514.00","49,358.76","Panauti HP , 2400 kW",069/70
23,6,"49,358.81","1,134,038.76","2,400,000.00","3,512,641.00","70,756.57","Panauti HP , 2400 kW",070/71
23,7,"70,756.60","883,117.56","2,400,000.00","3,329,528.00","24,346.16","Panauti HP , 2400 kW",071/72
23,8,"24,346.20","1,110,451.20","2,400,000.00","3,397,524.00","137,273.40","Panauti HP , 2400 kW",072/73
23,9,"-41,016.00","1,387,973.00","2,400,000.00","3,755,186.00","-8,229.00","Panauti HP , 2400 kW",073/74
24,1,"82,842,397.07","72,911,408.52","21,000,000.00","45,592,182.47","131,161,623.12","Trisuli  HP , 24000 kW",066/67
24,10,"-399,564.00","65,437,769.00","24,000,000.00","88,968,159.00","70,046.00","Trisuli  HP , 24000 kW",074/75
24,11,"70,046.00","67,206,801.00","24,000,000.00","91,261,720.00","15,127.00","Trisuli  HP , 24000 kW",075/76
24,12,"15,127.00","70,680,243.00","24,000,000.00","94,830,244.00","-134,874.00","Trisuli  HP , 24000 kW",076/77
24,14,"-134,874.00","65,793,059.87","24,000,000.00","90,355,690.84","-697,504.97","Trisuli  HP , 24000 kW",077/78
24,15,"-697,504.97","74,031,348.88","24,000,000.00","91,406,492.34","5,927,351.57","Trisuli  HP , 24000 kW",078/79
24,16,"5,927,351.57","7,730,862.95","24,000,000.00","96,018,889.17","-58,360,674.65","Trisuli  HP , 24000 kW",079/80
24,17,"-58,360,674.65","63,158,682.53","24,000,000.00","68,919,022.23","-40,121,014.35","Trisuli  HP , 24000 kW",080/81
24,18,"-40,121,014.35","108,189,319.58","24,000,000.00","76,955,919.28","15,112,385.95","Trisuli  HP , 24000 kW",081/82
24,19,0.00,"43,474,099.98",0.00,"67,474,099.98","-24,000,000.00","Trisuli  HP , 24000 kW",082/83
24,2,"131,161,623.15","69,131,960.88","21,000,000.00","26,869,843.87","194,423,740.16","Trisuli  HP , 24000 kW",067/68
24,20,,,,,,"Trisuli  HP , 24000 kW",083/84
24,3,"148,462,300.00","72,692,936.52","21,000,000.00","228,057,436.00","14,097,800.52","Trisuli  HP , 24000 kW",068/69
24,5,"14,097,800.52","67,345,908.96","21,000,000.00","98,863,640.00","3,580,069.48","Trisuli  HP , 24000 kW",069/70
24,6,"3,580,069.46","60,339,336.84","21,000,000.00","81,097,571.00","3,821,835.30","Trisuli  HP , 24000 kW",070/71
24,7,"3,821,835.25","67,291,365.36","21,000,000.00","90,298,080.00","1,815,120.61","Trisuli  HP , 24000 kW",071/72
24,8,"1,815,120.55","67,366,353.36","21,000,000.00","95,367,316.00","-5,185,842.09","Trisuli  HP , 24000 kW",072/73
24,9,"-2,500,512.00","67,904,232.00","24,000,000.00","89,803,284.00","-399,564.00","Trisuli  HP , 24000 kW",073/74
25,1,"25,753,121.58","7,663,362.36","15,000,000.00","32,565,844.62","15,850,639.32","Gandak  HP , 15000 kW",066/67
25,10,"-67,511.00","9,048,333.00","15,000,000.00","23,971,150.00","9,672.00","Gandak  HP , 15000 kW",074/75
25,11,"9,672.00","7,477,258.00","15,000,000.00","22,485,247.00","1,683.00","Gandak  HP , 15000 kW",075/76
25,12,"1,683.00","5,834,993.00","15,000,000.00","20,847,376.00","-10,700.00","Gandak  HP , 15000 kW",076/77
25,14,"-10,700.00","5,953,375.72","15,000,000.00","21,005,806.40","-63,130.68","Gandak  HP , 15000 kW",077/78
25,15,"-63,130.68","7,891,063.87","15,000,000.00","22,065,601.05","762,332.14","Gandak  HP , 15000 kW",078/79
25,16,"762,332.14","7,730,862.95","15,000,000.00","23,097,356.71","395,838.38","Gandak  HP , 15000 kW",079/80
25,17,"395,838.38","10,644,575.34","15,000,000.00","22,570,517.58","3,469,896.14","Gandak  HP , 15000 kW",080/81
25,18,"3,469,896.14","6,707,691.29","15,000,000.00","22,301,447.48","2,876,139.95","Gandak  HP , 15000 kW",081/82
25,19,0.00,"8,110,163.46",0.00,"23,110,163.46","-15,000,000.00","Gandak  HP , 15000 kW",082/83
25,2,"15,850,639.36","5,882,947.68","15,000,000.00","16,267,295.20","20,466,291.84","Gandak  HP , 15000 kW",067/68
25,20,,,,,,"Gandak  HP , 15000 kW",083/84
25,3,"32,052,907.00","6,811,411.80","15,000,000.00","51,386,867.00","2,477,451.80","Gandak  HP , 15000 kW",068/69
25,5,"2,477,451.79","9,989,586.60","15,000,000.00","26,919,018.00","548,020.39","Gandak  HP , 15000 kW",069/70
25,6,"548,020.41","4,539,098.16","15,000,000.00","19,782,953.00","304,165.57","Gandak  HP , 15000 kW",070/71
25,7,"304,165.59","853,465.44","15,000,000.00","16,128,083.00","29,548.03","Gandak  HP , 15000 kW",071/72
25,8,"29,547.98","8,426,994.72","15,000,000.00","16,210,604.00","7,245,938.70","Gandak  HP , 15000 kW",072/73
25,9,"-305,655.00","11,356,391.00","15,000,000.00","26,118,247.00","-67,511.00","Gandak  HP , 15000 kW",073/74
26,1,"42,577,040.72","30,783,835.92","10,050,000.00","21,819,115.90","61,591,760.74","Sunkoshi  HP , 10050 kW",066/67
26,10,"-147,774.00","29,637,067.00","10,050,000.00","39,507,533.00","31,760.00","Sunkoshi  HP , 10050 kW",074/75
26,11,"31,760.00","33,228,123.00","10,050,000.00","43,302,404.00","7,479.00","Sunkoshi  HP , 10050 kW",075/76
26,12,"7,479.00","33,982,329.00","10,050,000.00","44,104,448.00","-64,640.00","Sunkoshi  HP , 10050 kW",076/77
26,14,"-64,640.00","30,277,778.54","10,050,000.00","40,584,101.02","-320,962.48","Sunkoshi  HP , 10050 kW",077/78
26,15,"-320,962.48","34,225,059.57","10,050,000.00","40,850,868.02","3,103,229.07","Sunkoshi  HP , 10050 kW",078/79
26,16,"3,103,229.07","29,762,871.55","10,050,000.00","42,688,871.61","227,229.01","Sunkoshi  HP , 10050 kW",079/80
26,17,"227,229.01","31,309,942.20","10,050,000.00","32,317,912.08","9,269,259.13","Sunkoshi  HP , 10050 kW",080/81
26,18,"9,269,259.13","29,608,670.32","10,050,000.00","41,405,144.12","7,522,785.33","Sunkoshi  HP , 10050 kW",081/82
26,19,0.00,"34,537,591.48",0.00,"44,587,591.48","-10,050,000.00","Sunkoshi  HP , 10050 kW",082/83
26,2,"61,591,760.73","32,398,515.36","10,050,000.00","12,944,524.39","91,095,751.70","Sunkoshi  HP , 10050 kW",067/68
26,20,,,,,,"Sunkoshi  HP , 10050 kW",083/84
26,3,"73,209,400.00","35,637,931.44","10,050,000.00","111,958,730.00","6,938,601.44","Sunkoshi  HP , 10050 kW",068/69
26,5,"6,938,601.38","34,121,551.68","10,050,000.00","49,305,248.00","1,804,905.06","Sunkoshi  HP , 10050 kW",069/70
26,6,"1,804,905.02","34,718,128.56","10,050,000.00","44,389,268.00","2,183,765.58","Sunkoshi  HP , 10050 kW",070/71
26,7,"2,183,765.61","12,257,199.00","10,050,000.00","24,122,368.00","368,596.61","Sunkoshi  HP , 10050 kW",071/72
26,8,"368,596.59","19,313,494.44","10,050,000.00","25,151,779.00","4,580,312.03","Sunkoshi  HP , 10050 kW",072/73
26,9,"-711,394.00","24,900,169.00","10,050,000.00","34,386,549.00","-147,774.00","Sunkoshi  HP , 10050 kW",073/74
27,1,"100,249,956.38","46,695,619.65","60,000,000.00","130,263,378.48","76,682,197.55","Kulekhani-I  HP , 60000 kW",066/67
27,10,"-231,730.00","33,249,633.00","60,000,000.00","92,982,343.00","35,560.00","Kulekhani-I  HP , 60000 kW",074/75
27,11,"35,560.00","45,273,817.00","60,000,000.00","105,299,189.00","10,188.00","Kulekhani-I  HP , 60000 kW",075/76
27,12,"10,188.00","81,168,795.00","60,000,000.00","141,341,056.00","-162,073.00","Kulekhani-I  HP , 60000 kW",076/77
27,14,"-162,073.00","105,671,709.18","60,000,000.00","166,630,494.08","-1,120,857.90","Kulekhani-I  HP , 60000 kW",077/78
27,15,"-1,120,857.90","92,791,275.87","60,000,000.00","142,414,068.30","9,256,349.67","Kulekhani-I  HP , 60000 kW",078/79
27,16,"9,256,349.67","68,510,103.05","60,000,000.00","142,656,443.17","-4,889,990.45","Kulekhani-I  HP , 60000 kW",079/80
27,17,"-4,889,990.45","55,695,138.50","60,000,000.00","99,610,882.69","11,194,265.36","Kulekhani-I  HP , 60000 kW",080/81
27,18,"11,194,265.36","85,540,593.70","60,000,000.00","148,647,277.82","8,087,581.24","Kulekhani-I  HP , 60000 kW",081/82
27,19,0.00,"31,303,066.09",0.00,"91,303,066.09","-60,000,000.00","Kulekhani-I  HP , 60000 kW",082/83
27,2,"76,682,197.51","53,141,737.56","60,000,000.00","66,090,291.08","123,733,643.99","Kulekhani-I  HP , 60000 kW",067/68
27,20,,,,,,"Kulekhani-I  HP , 60000 kW",083/84
27,3,"154,037,933.00","77,136,753.84","60,000,000.00","276,438,186.00","14,736,500.84","Kulekhani-I  HP , 60000 kW",068/69
27,5,"14,736,500.82","49,896,581.52","60,000,000.00","121,791,969.00","2,841,113.34","Kulekhani-I  HP , 60000 kW",069/70
27,6,"2,841,113.32","50,491,194.60","60,000,000.00","110,143,492.00","3,188,815.92","Kulekhani-I  HP , 60000 kW",070/71
27,7,"3,188,815.88","48,355,862.16","60,000,000.00","110,229,033.00","1,315,645.04","Kulekhani-I  HP , 60000 kW",071/72
27,8,"1,315,645.03","38,236,219.08","60,000,000.00","113,903,346.00","-14,351,481.89","Kulekhani-I  HP , 60000 kW",072/73
27,9,"-1,429,572.00","39,360,964.00","60,000,000.00","98,163,122.00","-231,730.00","Kulekhani-I  HP , 60000 kW",073/74
28,1,"57,837,424.76","51,706,399.56","14,000,000.04","30,394,788.31","93,149,036.05","Devighat  HP , 14100 kW",066/67
28,10,"-310,415.00","46,569,675.00","14,100,000.00","60,309,439.00","49,821.00","Devighat  HP , 14100 kW",074/75
28,11,"49,821.00","46,762,449.00","14,100,000.00","60,901,744.00","10,526.00","Devighat  HP , 14100 kW",075/76
28,12,"10,526.00","50,143,532.00","14,100,000.00","64,349,949.00","-95,891.00","Devighat  HP , 14100 kW",076/77
28,14,"-95,891.00","46,351,569.00","14,100,000.00","60,847,064.79","-491,386.79","Devighat  HP , 14100 kW",077/78
28,15,"-491,386.79","53,115,704.60","14,100,000.00","62,564,097.18","4,160,220.63","Devighat  HP , 14100 kW",078/79
28,16,"4,160,220.63","48,002,708.19","14,100,000.00","65,874,980.69","387,948.13","Devighat  HP , 14100 kW",079/80
28,17,"387,948.13","46,874,447.28","14,100,000.00","47,437,527.88","13,924,867.53","Devighat  HP , 14100 kW",080/81
28,18,"13,924,867.53","38,637,284.07","14,100,000.00","55,351,948.56","11,310,203.04","Devighat  HP , 14100 kW",081/82
28,19,0.00,"32,508,776.56",0.00,"46,608,776.56","-14,100,000.00","Devighat  HP , 14100 kW",082/83
28,2,"93,149,036.03","39,778,821.12","14,000,000.04","17,772,504.33","129,155,352.86","Devighat  HP , 14100 kW",067/68
28,20,,,,,,"Devighat  HP , 14100 kW",083/84
28,3,"95,415,598.00","56,654,120.52","14,000,000.04","156,375,858.00","9,693,860.56","Devighat  HP , 14100 kW",068/69
28,5,"9,693,860.53","54,185,056.08","14,000,000.04","75,070,955.00","2,807,961.65","Devighat  HP , 14100 kW",069/70
28,6,"2,807,961.55","51,412,057.80","14,000,000.04","64,978,126.00","3,241,893.39","Devighat  HP , 14100 kW",070/71
28,7,"3,241,893.30","52,755,831.36","14,000,000.04","68,568,419.00","1,429,305.70","Devighat  HP , 14100 kW",071/72
28,8,"1,429,305.68","50,849,666.64","14,000,000.04","72,560,163.00","-6,281,190.64","Devighat  HP , 14100 kW",072/73
28,9,"-1,889,584.00","52,700,714.00","14,100,000.00","65,221,545.00","-310,415.00","Devighat  HP , 14100 kW",073/74
29,1,"2,256,029.82","760,169.88","1,088,000.04","2,362,109.26","1,742,090.48","Fewa (Pokhara)  HP , 1088 kW",066/67
29,10,"-4,573.00","1,024,108.00","1,088,000.00","2,106,437.00","1,098.00","Fewa (Pokhara)  HP , 1088 kW",074/75
29,11,"1,098.00","904,817.00","1,088,000.00","1,993,711.00",204.00,"Fewa (Pokhara)  HP , 1088 kW",075/76
29,12,204.00,"1,213,205.00","1,088,000.00","2,303,780.00","-2,371.00","Fewa (Pokhara)  HP , 1088 kW",076/77
29,14,"-2,371.00","1,004,439.73","1,088,000.00","2,100,713.98","-10,645.25","Fewa (Pokhara)  HP , 1088 kW",077/78
29,15,"-10,645.25","1,004,025.67","1,088,000.00","1,979,145.23","102,235.19","Fewa (Pokhara)  HP , 1088 kW",078/79
29,16,"102,235.19","762,896.56","1,088,000.00","1,967,493.47","-14,361.72","Fewa (Pokhara)  HP , 1088 kW",079/80
29,17,"-14,361.72","593,314.70","1,088,000.00","1,509,970.74","156,982.24","Fewa (Pokhara)  HP , 1088 kW",080/81
29,18,"156,982.24","465,330.33","1,088,000.00","1,586,425.52","123,887.05","Fewa (Pokhara)  HP , 1088 kW",081/82
29,19,0.00,"770,795.16",0.00,"1,858,795.16","-1,088,000.00","Fewa (Pokhara)  HP , 1088 kW",082/83
29,2,"1,742,090.46","1,021,424.16","1,088,000.04","1,217,300.22","2,634,214.44","Fewa (Pokhara)  HP , 1088 kW",067/68
29,20,,,,,,"Fewa (Pokhara)  HP , 1088 kW",083/84
29,3,"3,270,309.00","999,438.00","1,088,000.04","5,085,568.00","272,179.04","Fewa (Pokhara)  HP , 1088 kW",068/69
29,5,"272,179.01","1,119,491.28","1,088,000.04","2,418,497.00","61,173.33","Fewa (Pokhara)  HP , 1088 kW",069/70
29,6,"61,173.33","1,100,339.88","1,088,000.04","2,180,065.00","69,448.25","Fewa (Pokhara)  HP , 1088 kW",070/71
29,7,"69,448.25","1,238,873.76","1,088,000.04","2,362,929.00","33,393.05","Fewa (Pokhara)  HP , 1088 kW",071/72
29,8,"33,393.00","888,457.20","1,088,000.04","2,456,191.00","-446,340.76","Fewa (Pokhara)  HP , 1088 kW",072/73
29,9,"-33,320.00","781,902.00","1,088,000.00","1,841,155.00","-4,573.00","Fewa (Pokhara)  HP , 1088 kW",073/74
30,1,"3,598,078.00","2,352,500.64","1,023,999.96","2,223,161.66","4,751,416.94","Tinau  HP , 1024 kW",066/67
30,10,"-1,940.00","1,077,738.00","1,024,000.00","2,098,639.00","1,159.00","Tinau  HP , 1024 kW",074/75
30,11,"1,159.00","1,101,013.00","1,024,000.00","2,125,924.00",248.00,"Tinau  HP , 1024 kW",075/76
30,12,248.00,"1,674,927.00","1,024,000.00","2,702,482.00","-3,307.00","Tinau  HP , 1024 kW",076/77
30,14,"-3,307.00","902,347.99","1,024,000.00","1,932,591.75","-9,550.76","Tinau  HP , 1024 kW",077/78
30,15,"-9,550.76","940,622.09","1,024,000.00","1,951,436.20","3,635.13","Tinau  HP , 1024 kW",078/79
30,16,"3,635.13","577,593.24","1,024,000.00","1,417,074.36","188,154.01","Tinau  HP , 1024 kW",079/80
30,17,"188,154.01",0.00,"1,024,000.00","1,024,000.00","188,154.01","Tinau  HP , 1024 kW",080/81
30,18,"188,154.01",0.00,"1,024,000.00","1,024,000.00","188,154.01","Tinau  HP , 1024 kW",081/82
30,19,0.00,0.00,0.00,"1,024,000.00","-1,024,000.00","Tinau  HP , 1024 kW",082/83
30,2,"4,751,416.99","1,553,984.64","1,023,999.96","1,224,325.48","6,105,076.11","Tinau  HP , 1024 kW",067/68
30,20,,,,,,"Tinau  HP , 1024 kW",083/84
30,3,"5,066,708.00","1,031,151.48","1,023,999.96","6,733,144.00","388,715.44","Tinau  HP , 1024 kW",068/69
30,5,"388,715.43",0.00,"1,023,999.96","1,395,628.00","17,087.39","Tinau  HP , 1024 kW",069/70
30,6,"17,087.43",0.00,"1,023,999.96","1,040,065.00","1,022.39","Tinau  HP , 1024 kW",070/71
30,7,"1,022.43",0.00,"1,023,999.96","1,024,996.00",26.39,"Tinau  HP , 1024 kW",071/72
30,8,26.43,"924,179.52","1,023,999.96","1,025,069.00","923,136.91","Tinau  HP , 1024 kW",072/73
30,9,"-271,398.00","588,957.00","1,024,000.00","1,343,499.00","-1,940.00","Tinau  HP , 1024 kW",073/74
31,1,"7,362,941.43","6,039,816.00","1,500,000.00","3,256,584.46","11,646,172.97","Seti  HP , 1500 kW",066/67
31,10,"-25,105.00","5,484,939.00","1,500,000.00","6,953,954.00","5,880.00","Seti  HP , 1500 kW",074/75
31,11,"5,880.00","5,494,953.00","1,500,000.00","6,999,596.00","1,237.00","Seti  HP , 1500 kW",075/76
31,12,"1,237.00","5,920,558.00","1,500,000.00","7,433,123.00","-11,328.00","Seti  HP , 1500 kW",076/77
31,14,"-11,328.00","6,323,393.71","1,500,000.00","7,879,120.52","-67,054.81","Seti  HP , 1500 kW",077/78
31,15,"-67,054.81","5,900,806.01","1,500,000.00","6,930,522.77","403,228.43","Seti  HP , 1500 kW",078/79
31,16,"403,228.43","6,356,606.64","1,500,000.00","7,253,003.64","1,006,831.43","Seti  HP , 1500 kW",079/80
31,17,"1,006,831.43","6,301,178.48","1,500,000.00","5,981,454.73","2,826,555.18","Seti  HP , 1500 kW",080/81
31,18,"2,826,555.18","5,603,272.25","1,500,000.00","7,454,753.04","2,475,074.39","Seti  HP , 1500 kW",081/82
31,19,0.00,"6,369,941.74",0.00,"7,869,941.74","-1,500,000.00","Seti  HP , 1500 kW",082/83
31,2,"11,646,172.94","6,257,038.32","1,500,000.00","2,024,425.52","17,378,785.74","Seti  HP , 1500 kW",067/68
31,20,,,,,,"Seti  HP , 1500 kW",083/84
31,3,"13,263,967.00","5,616,656.52","1,500,000.00","19,177,057.00","1,203,566.52","Seti  HP , 1500 kW",068/69
31,5,"1,203,566.57","5,679,569.52","1,500,000.00","8,080,571.00","302,565.09","Seti  HP , 1500 kW",069/70
31,6,"302,565.07","5,875,195.08","1,500,000.00","7,308,384.00","369,376.15","Seti  HP , 1500 kW",070/71
31,7,"369,376.15","5,531,211.12","1,500,000.00","7,249,979.00","150,608.27","Seti  HP , 1500 kW",071/72
31,8,"150,608.22","5,923,528.08","1,500,000.00","7,670,597.00","-96,460.70","Seti  HP , 1500 kW",072/73
31,9,"-219,545.00","4,328,974.00","1,500,000.00","5,634,534.00","-25,105.00","Seti  HP , 1500 kW",073/74
32,1,"51,862,038.32","23,416,882.08","32,000,000.04","69,473,801.66","37,805,118.78","Kulekhani-II  HP , 32000 kW",066/67
32,10,"-119,739.00","17,091,429.00","32,000,000.00","48,953,412.00","18,278.00","Kulekhani-II  HP , 32000 kW",074/75
32,11,"18,278.00","21,885,652.00","32,000,000.00","53,899,005.00","4,925.00","Kulekhani-II  HP , 32000 kW",075/76
32,12,"4,925.00","40,537,271.00","32,000,000.00","72,623,301.00","-81,105.00","Kulekhani-II  HP , 32000 kW",076/77
32,14,"-81,105.00","51,578,002.56","32,000,000.00","84,043,963.27","-547,065.71","Kulekhani-II  HP , 32000 kW",077/78
32,15,"-547,065.71","44,578,880.95","32,000,000.00","71,405,890.90","4,625,924.34","Kulekhani-II  HP , 32000 kW",078/79
32,16,"4,625,924.34","32,364,014.16","32,000,000.00","71,434,656.10","-2,444,717.60","Kulekhani-II  HP , 32000 kW",079/80
32,17,"-2,444,717.60","25,478,968.46","32,000,000.00","50,120,871.19","4,913,379.67","Kulekhani-II  HP , 32000 kW",080/81
32,18,"4,913,379.67","36,548,731.93","32,000,000.00","69,969,953.04","3,492,158.56","Kulekhani-II  HP , 32000 kW",081/82
32,19,0.00,"15,254,701.43",0.00,"47,254,701.43","-32,000,000.00","Kulekhani-II  HP , 32000 kW",082/83
32,2,"37,805,118.72","27,194,858.16","32,000,000.04","35,143,485.83","61,856,491.09","Kulekhani-II  HP , 32000 kW",067/68
32,20,,,,,,"Kulekhani-II  HP , 32000 kW",083/84
32,3,"79,506,226.00","38,531,556.48","32,000,000.04","142,513,325.00","7,524,457.52","Kulekhani-II  HP , 32000 kW",068/69
32,5,"7,524,457.46","21,344,592.36","32,000,000.04","59,600,035.00","1,269,014.86","Kulekhani-II  HP , 32000 kW",069/70
32,6,"1,269,014.82","25,085,201.64","32,000,000.04","56,778,459.00","1,575,757.50","Kulekhani-II  HP , 32000 kW",070/71
32,7,"1,575,757.43","24,107,744.52","32,000,000.04","57,027,945.00","655,556.99","Kulekhani-II  HP , 32000 kW",071/72
32,8,"655,556.90","19,392,172.08","32,000,000.04","58,858,769.00","-6,811,039.98","Kulekhani-II  HP , 32000 kW",072/73
32,9,"-724,610.00","20,324,364.00","32,000,000.00","51,719,493.00","-119,739.00","Kulekhani-II  HP , 32000 kW",073/74
33,1,0.00,"28,003,797.21","12,000,000.00","39,103,803.00","899,994.74","Jhimruk , 12000 kW",066/67
33,10,"7,060,499.00","34,574,076.20","12,000,000.00","42,155,081.00","11,479,494.20","Jhimruk , 12000 kW",074/75
33,11,"11,479,493.00","36,697,980.60","12,000,000.00","44,025,738.00","16,151,735.60","Jhimruk , 12000 kW",075/76
33,12,"16,172,511.00","36,824,923.00","12,000,000.00","61,849,701.00","3,147,733.00","Jhimruk , 12000 kW",076/77
33,14,"3,147,733.00","36,728,868.83","12,000,000.00","49,032,924.00","2,843,677.83","Jhimruk , 12000 kW",077/78
33,15,"2,843,677.83","42,892,388.23","12,000,000.00","55,088,815.02","2,647,251.04","Jhimruk , 12000 kW",078/79
33,16,"2,647,251.04","40,628,545.70","12,000,000.00","50,740,311.24","4,535,485.50","Jhimruk , 12000 kW",079/80
33,17,"4,535,485.50","38,092,666.15","12,000,000.00","51,040,909.27","3,587,242.38","Jhimruk , 12000 kW",080/81
33,18,"3,587,242.38","37,078,719.26","12,000,000.00","51,062,337.13","1,603,624.51","Jhimruk , 12000 kW",081/82
33,19,0.00,"40,711,694.81",0.00,"53,631,651.66","-12,919,956.85","Jhimruk , 12000 kW",082/83
33,2,"899,999.74","33,156,534.01","12,000,000.00","45,444,359.00","612,174.75","Jhimruk , 12000 kW",067/68
33,20,,,,,,"Jhimruk , 12000 kW",083/84
33,3,"-287,826.00","34,054,474.37","12,000,000.00","46,344,184.00","-577,535.63","Jhimruk , 12000 kW",068/69
33,5,"-577,535.65","38,633,683.12","12,000,000.00","50,056,152.00",-4.53,"Jhimruk , 12000 kW",069/70
33,6,-4.53,"30,540,208.20","12,000,000.00","13,889,627.00","28,650,576.67","Jhimruk , 12000 kW",070/71
33,7,"28,650,576.67","36,951,233.30","12,000,000.00","64,291,081.00","13,310,728.97","Jhimruk , 12000 kW",071/72
33,8,"13,310,728.97","35,799,391.62","12,000,000.00","77,990,246.00","-16,880,125.41","Jhimruk , 12000 kW",072/73
33,9,"177,862,426.00","37,215,588.30",0.00,"42,155,081.00","172,922,933.30","Jhimruk , 12000 kW",073/74
34,10,0.00,0.00,"3,200,000.00","3,200,000.00",0.00,"Chatara HP , 3200 kW",074/75
34,11,0.00,"1,630,483.00","3,200,000.00","4,830,116.00",367.00,"Chatara HP , 3200 kW",075/76
34,12,367.00,"1,076,521.00","3,200,000.00","4,278,806.00","-1,918.00","Chatara HP , 3200 kW",076/77
34,14,"-1,918.00","1,812,583.58","3,200,000.00","5,029,900.78","-19,235.20","Chatara HP , 3200 kW",077/78
34,15,"-19,235.20","1,551,698.36","3,200,000.00","4,731,700.64",762.52,"Chatara HP , 3200 kW",078/79
34,16,762.52,"1,785,414.15","3,200,000.00","4,896,176.01","90,000.66","Chatara HP , 3200 kW",079/80
34,17,"90,000.66","1,839,686.73","3,200,000.00","4,508,401.72","621,285.67","Chatara HP , 3200 kW",080/81
34,18,"621,285.67","1,113,854.08","3,200,000.00","4,416,472.11","518,667.64","Chatara HP , 3200 kW",081/82
34,19,0.00,"1,026,380.33",0.00,"4,226,380.33","-3,200,000.00","Chatara HP , 3200 kW",082/83
34,20,,,,,,"Chatara HP , 3200 kW",083/84
34,3,0.00,"1,582,484.52","3,200,000.04","4,681,608.00","100,876.56","Chatara HP , 3200 kW",068/69
34,5,"100,876.53","860,801.40","3,200,000.04","4,119,405.00","42,272.97","Chatara HP , 3200 kW",069/70
34,6,"42,272.88","1,224,705.00","3,200,000.04","4,391,224.00","75,753.92","Chatara HP , 3200 kW",070/71
34,7,"75,753.84",124.44,"3,200,000.04","3,273,941.00","1,937.32","Chatara HP , 3200 kW",071/72
34,8,"1,937.29",0.00,"3,200,000.04","3,279,350.00","-77,412.67","Chatara HP , 3200 kW",072/73
34,9,-70.00,0.00,"3,200,000.00","3,199,930.00",0.00,"Chatara HP , 3200 kW",073/74
36,10,"1,283,893.00","1,482,536.00","450,000.00",0.00,"3,216,429.00","Hewa Khola HP , 4500 kW",074/75
36,11,"3,216,429.00","1,605,232.15","450,000.00","2,000,000.00","3,271,661.15","Hewa Khola HP , 4500 kW",075/76
36,12,"3,271,661.00","1,955,018.54","450,000.00","3,501,791.90","2,174,887.64","Hewa Khola HP , 4500 kW",076/77
36,14,"2,174,888.00","1,162,097.67","450,000.00","2,174,888.00","1,612,097.67","Hewa Khola HP , 4500 kW",077/78
36,15,"1,612,097.67","1,669,326.59","450,000.00","3,563,625.72","167,798.54","Hewa Khola HP , 4500 kW",078/79
36,16,"167,798.54","1,813,428.33","450,000.00","1,809,648.15","621,578.72","Hewa Khola HP , 4500 kW",079/80
36,17,"621,578.72",0.00,"450,000.00","630,799.46","440,779.26","Hewa Khola HP , 4500 kW",080/81
36,18,"440,779.26","1,745,283.65","450,000.00","2,043,338.92","592,723.99","Hewa Khola HP , 4500 kW",081/82
36,19,0.00,"1,911,713.65",0.00,"2,504,437.64","-592,723.99","Hewa Khola HP , 4500 kW",082/83
36,20,,,,,,"Hewa Khola HP , 4500 kW",083/84
36,3,0.00,"1,197,691.18","450,000.00","450,000.00","1,197,691.18","Hewa Khola HP , 4500 kW",068/69
36,5,"1,197,691.18","1,648,454.56","450,000.00","1,384,036.00","1,912,109.74","Hewa Khola HP , 4500 kW",069/70
36,6,"1,912,109.74","1,570,596.32","450,000.00",0.00,"3,932,706.06","Hewa Khola HP , 4500 kW",070/71
36,7,"3,932,706.06","1,746,438.24","450,000.00","4,147,504.00","1,981,640.30","Hewa Khola HP , 4500 kW",071/72
36,8,"1,981,640.30","20,395.98","450,000.00",0.00,"2,452,036.28","Hewa Khola HP , 4500 kW",072/73
36,9,"422,151.00","1,283,892.53",0.00,"2,902,036.00","-1,195,992.47","Hewa Khola HP , 4500 kW",073/74
37,10,"9,670,759.00","1,541,844.16","450,000.00","3,000,000.00","8,662,603.16","Mai Khola Small HP , 4500 kW",074/75
37,11,"8,662,603.00","1,592,945.35","450,000.00","8,854,338.00","1,851,210.35","Mai Khola Small HP , 4500 kW",075/76
37,12,"1,851,210.00","1,583,008.13","450,000.00","800,000.00","3,084,218.13","Mai Khola Small HP , 4500 kW",076/77
37,14,"3,084,218.00","1,115,309.63","450,000.00","3,084,218.00","1,565,309.63","Mai Khola Small HP , 4500 kW",077/78
37,15,"1,565,309.63","1,301,278.88","450,000.00","2,773,933.59","542,654.92","Mai Khola Small HP , 4500 kW",078/79
37,16,"542,654.92","1,208,388.67","450,000.00","1,633,835.18","567,208.41","Mai Khola Small HP , 4500 kW",079/80
37,17,"567,208.41","1,314,919.38","450,000.00","1,797,104.48","535,023.31","Mai Khola Small HP , 4500 kW",080/81
37,18,"535,023.31","748,240.84","450,000.00","1,176,489.91","556,774.24","Mai Khola Small HP , 4500 kW",081/82
37,19,0.00,"637,486.28",0.00,"743,087.65","-105,601.37","Mai Khola Small HP , 4500 kW",082/83
37,2,0.00,"260,258.30","450,000.00",0.00,"710,258.30","Mai Khola Small HP , 4500 kW",067/68
37,20,,,,,,"Mai Khola Small HP , 4500 kW",083/84
37,3,"710,258.00","1,213,180.26","450,000.00",0.00,"2,373,438.26","Mai Khola Small HP , 4500 kW",068/69
37,5,"2,373,438.26","1,348,674.50","450,000.00","2,373,438.00","1,798,674.76","Mai Khola Small HP , 4500 kW",069/70
37,6,"1,798,674.76","1,417,268.78","450,000.00",0.00,"3,665,943.54","Mai Khola Small HP , 4500 kW",070/71
37,7,"3,665,943.54","1,581,593.60","450,000.00",0.00,"5,697,537.14","Mai Khola Small HP , 4500 kW",071/72
37,8,"5,697,537.14","1,339,040.92","450,000.00",0.00,"7,486,578.06","Mai Khola Small HP , 4500 kW",072/73
37,9,"2,452,036.00","1,581,593.60",0.00,0.00,"4,033,629.60","Mai Khola Small HP , 4500 kW",073/74
38,10,"-425,722.00","2,582,256.17","450,000.00","3,029,837.00","-423,302.83","Bijaypur-1 Small HP , 4500 kW",074/75
38,11,"-423,303.00","2,765,477.02","450,000.00","3,215,477.00","-423,302.98","Bijaypur-1 Small HP , 4500 kW",075/76
38,12,"-423,303.00","5,922,549.59","450,000.00","5,521,884.51","427,362.08","Bijaypur-1 Small HP , 4500 kW",076/77
38,14,"427,362.00","2,395,324.44","450,000.00","2,659,373.75","613,312.69","Bijaypur-1 Small HP , 4500 kW",077/78
38,15,"613,312.69","3,281,633.21","450,000.00","3,740,296.16","604,649.74","Bijaypur-1 Small HP , 4500 kW",078/79
38,16,"604,649.74","2,922,982.07","450,000.00","3,708,734.02","268,897.79","Bijaypur-1 Small HP , 4500 kW",079/80
38,17,"268,897.79","3,011,502.34","450,000.00","3,150,117.43","580,282.70","Bijaypur-1 Small HP , 4500 kW",080/81
38,18,"580,282.70","2,975,175.56","450,000.00","3,836,462.79","168,995.47","Bijaypur-1 Small HP , 4500 kW",081/82
38,19,0.00,"2,918,233.27",0.00,"3,087,228.74","-168,995.47","Bijaypur-1 Small HP , 4500 kW",082/83
38,20,,,,,,"Bijaypur-1 Small HP , 4500 kW",083/84
38,5,0.00,"2,622,957.78","450,000.00","2,031,632.00","1,041,325.78","Bijaypur-1 Small HP , 4500 kW",069/70
38,6,"1,041,325.78","3,028,189.44","450,000.00","1,491,326.00","3,028,189.22","Bijaypur-1 Small HP , 4500 kW",070/71
38,7,"3,028,189.22","3,327,830.20","450,000.00","6,689,912.00","116,107.42","Bijaypur-1 Small HP , 4500 kW",071/72
38,8,"116,107.42","2,823,706.10","450,000.00","2,967,662.00","422,151.52","Bijaypur-1 Small HP , 4500 kW",072/73
38,9,"9,556,377.00","2,291,692.80",0.00,"3,589,566.00","8,258,503.80","Bijaypur-1 Small HP , 4500 kW",073/74
39,10,"9,112,929.00","5,068,165.48","1,020,000.00","3,397,119.00","11,803,975.48","Lower Modi-1 HP , 10200 kW",074/75
39,11,"11,803,975.00","5,414,131.08","1,020,000.00","16,200,807.00","2,037,299.08","Lower Modi-1 HP , 10200 kW",075/76
39,12,"2,037,299.00","9,877,450.50","1,020,000.00","8,964,928.75","3,969,820.75","Lower Modi-1 HP , 10200 kW",076/77
39,14,"3,969,820.00","5,421,844.87","1,020,000.00","2,694,247.87","7,717,417.00","Lower Modi-1 HP , 10200 kW",077/78
39,15,"7,717,417.00","3,814,621.62","1,020,000.00","10,145,494.75","2,406,543.87","Lower Modi-1 HP , 10200 kW",078/79
39,16,"2,406,543.87","5,862,087.34","1,020,000.00","7,506,393.52","1,782,237.69","Lower Modi-1 HP , 10200 kW",079/80
39,17,"1,782,237.69","5,826,605.31","1,020,000.00","5,067,458.90","3,561,384.10","Lower Modi-1 HP , 10200 kW",080/81
39,18,"3,561,384.10","5,542,357.97","1,020,000.00","8,732,917.32","1,390,824.75","Lower Modi-1 HP , 10200 kW",081/82
39,19,0.00,"5,624,991.22",0.00,"6,383,791.15","-758,799.93","Lower Modi-1 HP , 10200 kW",082/83
39,20,,,,,,"Lower Modi-1 HP , 10200 kW",083/84
39,5,0.00,"2,321,830.22","1,020,000.00",0.00,"3,341,830.22","Lower Modi-1 HP , 10200 kW",069/70
39,6,"3,341,830.22","5,451,000.78","1,020,000.00","3,341,691.00","6,471,140.00","Lower Modi-1 HP , 10200 kW",070/71
39,7,"6,471,140.00","5,120,525.16","1,020,000.00","6,471,001.00","6,140,664.16","Lower Modi-1 HP , 10200 kW",071/72
39,8,"6,140,664.16","2,395,713.56","1,020,000.00",0.00,"9,556,377.72","Lower Modi-1 HP , 10200 kW",072/73
39,9,"3,807,107.00","4,677,216.00","1,020,000.00","6,140,664.00","3,363,659.00","Lower Modi-1 HP , 10200 kW",073/74
40,10,"1,014,200.00","2,130,706.42","500,000.00",0.00,"3,644,906.42","Siuri HP , 5000 kW",074/75
40,11,"3,488,722.00","2,176,516.44","500,000.00","5,517,977.00","647,261.44","Siuri HP , 5000 kW",075/76
40,12,"2,128,593.00","4,286,525.02","500,000.00","5,222,499.95","1,692,618.07","Siuri HP , 5000 kW",076/77
40,14,"1,692,618.00","2,051,872.12","500,000.00","1,692,618.00","2,551,872.12","Siuri HP , 5000 kW",077/78
40,15,"2,551,872.12","2,259,819.33","500,000.00","5,099,749.14","211,942.31","Siuri HP , 5000 kW",078/79
40,16,"211,942.31","2,527,159.41","500,000.00","2,504,884.65","734,217.07","Siuri HP , 5000 kW",079/80
40,17,"734,217.07","2,404,750.65","500,000.00","3,042,763.54","596,204.18","Siuri HP , 5000 kW",080/81
40,18,"596,204.18","2,253,607.37","500,000.00","2,708,831.76","640,979.79","Siuri HP , 5000 kW",081/82
40,19,0.00,"2,543,686.85",0.00,"3,184,666.64","-640,979.79","Siuri HP , 5000 kW",082/83
40,20,,,,,,"Siuri HP , 5000 kW",083/84
40,5,0.00,"974,561.18","500,000.04",0.00,"1,474,561.22","Siuri HP , 5000 kW",069/70
40,6,"1,474,561.18","2,108,911.28","500,000.04",0.00,"4,083,472.50","Siuri HP , 5000 kW",070/71
40,7,"4,083,472.46","2,159,754.84","500,000.04","6,408,448.00","1,266,459.34","Siuri HP , 5000 kW",071/72
40,8,"1,266,459.30","2,040,648.78","500,000.04",0.00,"3,807,108.12","Siuri HP , 5000 kW",072/73
40,9,"7,967,017.00","1,974,522.46",0.00,"5,267,429.00","4,674,110.46","Siuri HP , 5000 kW",073/74
41,10,"3,452,095.00","3,417,916.64","1,000,000.00","3,451,578.00","4,418,433.64","Sipring Khola HP , 10000 kW",074/75
41,11,"4,418,434.00","3,270,499.90","1,000,000.00",0.00,"8,688,933.90","Sipring Khola HP , 10000 kW",075/76
41,12,"8,688,934.00","6,727,703.06","1,000,000.00","15,751,198.07","665,438.99","Sipring Khola HP , 10000 kW",076/77
41,14,"665,439.00","4,042,444.06","1,000,000.00","5,708,025.21",-142.15,"Sipring Khola HP , 10000 kW",077/78
41,15,-142.15,"4,003,962.17","1,000,000.00","4,625,040.06","378,779.96","Sipring Khola HP , 10000 kW",078/79
41,16,"378,779.96","4,182,750.07","1,000,000.00","4,092,229.29","1,469,300.74","Sipring Khola HP , 10000 kW",079/80
41,17,"1,469,300.74","3,305,682.48","1,000,000.00","4,771,673.91","1,003,309.31","Sipring Khola HP , 10000 kW",080/81
41,18,"1,003,309.31","3,508,023.24","1,000,000.00","3,929,868.52","1,581,464.03","Sipring Khola HP , 10000 kW",081/82
41,19,0.00,"4,124,309.03",0.00,"6,705,773.06","-2,581,464.03","Sipring Khola HP , 10000 kW",082/83
41,20,,,,,,"Sipring Khola HP , 10000 kW",083/84
41,5,0.00,"772,304.00","999,999.96",0.00,"1,772,303.96","Sipring Khola HP , 10000 kW",069/70
41,6,"1,772,304.00","2,508,913.20","999,999.96","2,772,304.00","2,508,913.16","Sipring Khola HP , 10000 kW",070/71
41,7,"2,508,913.20","3,304,172.22","999,999.96",0.00,"6,813,085.38","Sipring Khola HP , 10000 kW",071/72
41,8,"6,813,085.42","153,931.54","999,999.96",0.00,"7,967,016.92","Sipring Khola HP , 10000 kW",072/73
41,9,"2,735,468.00","3,451,576.06",0.00,"8,966,498.17","-2,779,454.11","Sipring Khola HP , 10000 kW",073/74
42,10,"3,201,315.00","2,537,046.20","500,000.00","3,201,303.00","3,037,058.20","Tadikhola HP , 5000 kW",074/75
42,11,"3,037,058.00","2,448,106.28","500,000.00","3,037,008.00","2,948,156.28","Tadikhola HP , 5000 kW",075/76
42,12,"2,948,156.00","4,327,687.53","500,000.00","4,725,343.16","3,050,500.37","Tadikhola HP , 5000 kW",076/77
42,14,"3,050,501.00","2,376,222.42","500,000.00",0.00,"5,926,723.42","Tadikhola HP , 5000 kW",077/78
42,15,"5,926,723.42","3,117,051.22","500,000.00","9,306,736.21","237,038.43","Tadikhola HP , 5000 kW",078/79
42,16,"237,038.43","2,398,329.13","500,000.00","2,391,667.35","743,700.21","Tadikhola HP , 5000 kW",079/80
42,17,"743,700.21","2,549,937.07","500,000.00","3,195,339.34","598,297.94","Tadikhola HP , 5000 kW",080/81
42,18,"598,297.94","2,514,146.31","500,000.00","3,430,594.28","181,849.97","Tadikhola HP , 5000 kW",081/82
42,19,0.00,"2,833,908.55",0.00,"3,515,758.52","-681,849.97","Tadikhola HP , 5000 kW",082/83
42,20,,,,,,"Tadikhola HP , 5000 kW",083/84
42,5,0.00,"73,389.38","500,000.04",0.00,"573,389.42","Tadikhola HP , 5000 kW",069/70
42,6,"573,389.38","1,597,099.42","500,000.04",0.00,"2,670,488.84","Tadikhola HP , 5000 kW",070/71
42,7,"2,670,488.80","3,096,303.52","500,000.04","2,937,827.00","3,328,965.36","Tadikhola HP , 5000 kW",071/72
42,8,"3,328,965.32","2,235,469.90","500,000.04","3,328,967.00","2,735,468.26","Tadikhola HP , 5000 kW",072/73
42,9,"1,510,447.00","2,701,317.00","500,000.00","2,735,470.00","1,976,294.00","Tadikhola HP , 5000 kW",073/74
43,10,"1,866,177.00","295,060.40","300,000.00",0.00,"2,461,237.40","Bhairav kunda khola Small HP , 3000 kW",074/75
43,11,"2,427,359.00","361,385.80","300,000.00",0.00,"3,088,744.80","Bhairav kunda khola Small HP , 3000 kW",075/76
43,12,"3,122,623.00","433,662.70","300,000.00","2,647,359.00","1,208,926.70","Bhairav kunda khola Small HP , 3000 kW",076/77
43,14,"1,208,927.00","88,209.36","300,000.00","608,927.00","988,209.36","Bhairav kunda khola Small HP , 3000 kW",077/78
43,15,"988,209.36",47.52,"300,000.00","600,000.00","688,256.88","Bhairav kunda khola Small HP , 3000 kW",078/79
43,16,"688,256.88",0.00,"300,000.00",0.00,"988,256.88","Bhairav kunda khola Small HP , 3000 kW",079/80
43,17,"988,256.88",0.00,"300,000.00",0.00,"1,288,256.88","Bhairav kunda khola Small HP , 3000 kW",080/81
43,18,"1,288,256.88",0.00,"300,000.00","1,588,256.88",0.00,"Bhairav kunda khola Small HP , 3000 kW",081/82
43,19,,,,,,"Bhairav kunda khola Small HP , 3000 kW",082/83
43,20,,,,,,"Bhairav kunda khola Small HP , 3000 kW",083/84
43,6,0.00,0.00,"300,000.00",0.00,"300,000.00","Bhairav kunda khola Small HP , 3000 kW",070/71
43,7,"300,000.00","610,447.30","300,000.00",0.00,"1,210,447.30","Bhairav kunda khola Small HP , 3000 kW",071/72
43,8,"1,210,447.30",0.00,"300,000.00",0.00,"1,510,447.30","Bhairav kunda khola Small HP , 3000 kW",072/73
43,9,"3,993,594.00","55,729.70",0.00,0.00,"4,049,323.70","Bhairav kunda khola Small HP , 3000 kW",073/74
44,10,"12,419,352.00","3,469,420.52","840,000.00","5,366,603.00","11,362,169.52","Ankhukhola Small HP , 8400 kW",074/75
44,11,"11,362,170.00","3,536,438.69","840,000.00","11,491,742.00","4,246,866.69","Ankhukhola Small HP , 8400 kW",075/76
44,12,"4,246,867.00","6,027,481.46","840,000.00","6,909,032.33","4,205,316.13","Ankhukhola Small HP , 8400 kW",076/77
44,14,"4,205,316.00","3,793,406.84","840,000.00","4,205,316.00","4,633,406.84","Ankhukhola Small HP , 8400 kW",077/78
44,15,"4,633,406.84","4,464,434.15","840,000.00","8,801,722.86","1,136,118.13","Ankhukhola Small HP , 8400 kW",078/79
44,16,"1,136,118.13","4,017,264.72","840,000.00","5,592,974.87","400,407.98","Ankhukhola Small HP , 8400 kW",079/80
44,17,"400,407.98","3,407,846.54","840,000.00","4,507,752.91","140,501.61","Ankhukhola Small HP , 8400 kW",080/81
44,18,"140,501.61","3,415,320.37","840,000.00","4,153,220.92","242,601.06","Ankhukhola Small HP , 8400 kW",081/82
44,19,0.00,"4,112,824.21",0.00,"5,195,425.27","-1,082,601.06","Ankhukhola Small HP , 8400 kW",082/83
44,20,,,,,,"Ankhukhola Small HP , 8400 kW",083/84
44,6,0.00,"2,295,508.46","840,000.00",0.00,"3,135,508.46","Ankhukhola Small HP , 8400 kW",070/71
44,7,"3,135,508.46","3,686,603.24","840,000.00",0.00,"7,662,111.70","Ankhukhola Small HP , 8400 kW",071/72
44,8,"7,662,111.70","3,391,107.78","840,000.00",0.00,"11,893,219.48","Ankhukhola Small HP , 8400 kW",072/73
44,9,"1,790,828.00","3,661,596.02",0.00,"3,975,508.00","1,476,916.02","Ankhukhola Small HP , 8400 kW",073/74
45,10,"1,923,482.00","97,658.79","180,000.00",0.00,"2,201,140.79","Middle Chaku HP , 1800 kW",074/75
45,11,"2,153,727.00","526,005.50","180,000.00","1,952,554.00","907,178.50","Middle Chaku HP , 1800 kW",075/76
45,12,"907,179.00","233,458.30","180,000.00","1,157,803.49","162,833.81","Middle Chaku HP , 1800 kW",076/77
45,14,"162,834.51","251,638.42","180,000.00","162,835.00","431,637.93","Middle Chaku HP , 1800 kW",077/78
45,15,"431,637.93","544,121.06","180,000.00","978,630.88","177,128.11","Middle Chaku HP , 1800 kW",078/79
45,16,"177,128.11","587,018.51","180,000.00","584,702.20","359,444.42","Middle Chaku HP , 1800 kW",079/80
45,17,"359,444.42","518,813.49","180,000.00","901,140.94","157,116.97","Middle Chaku HP , 1800 kW",080/81
45,18,"157,116.97","473,757.70","180,000.00","464,319.59","346,555.08","Middle Chaku HP , 1800 kW",081/82
45,19,0.00,"599,976.33",0.00,"946,531.41","-346,555.08","Middle Chaku HP , 1800 kW",082/83
45,20,,,,,,"Middle Chaku HP , 1800 kW",083/84
45,6,0.00,"383,379.84","180,000.00",0.00,"563,379.84","Middle Chaku HP , 1800 kW",070/71
45,7,"784,204.00","327,820.02","180,000.00",0.00,"1,292,024.02","Middle Chaku HP , 1800 kW",071/72
45,8,"1,292,024.02","318,803.94","180,000.00",0.00,"1,790,827.96","Middle Chaku HP , 1800 kW",072/73
45,9,"1,293,632.00","327,820.02",0.00,"500,000.00","1,121,452.02","Middle Chaku HP , 1800 kW",073/74
46,10,"1,747,605.00","50,244.82","180,000.00",0.00,"1,977,849.82","Lower Chaku HP , 1800 kW",074/75
46,11,"2,025,264.00","382,709.64","180,000.00","1,743,980.00","843,993.64","Lower Chaku HP , 1800 kW",075/76
46,12,"843,994.00","545,926.46","180,000.00","1,231,068.85","338,851.61","Lower Chaku HP , 1800 kW",076/77
46,14,"338,851.15","187,727.21","180,000.00","338,851.00","367,727.36","Lower Chaku HP , 1800 kW",077/78
46,15,"367,727.36","351,343.46","180,000.00","703,339.82","195,731.00","Lower Chaku HP , 1800 kW",078/79
46,16,"195,731.00","386,281.62","180,000.00","379,747.03","382,265.59","Lower Chaku HP , 1800 kW",079/80
46,17,"382,265.59","297,152.73","180,000.00","674,415.47","185,002.85","Lower Chaku HP , 1800 kW",080/81
46,18,"185,002.85","374,401.02","180,000.00","368,180.09","371,223.78","Lower Chaku HP , 1800 kW",081/82
46,19,0.00,"394,861.75",0.00,"766,085.53","-371,223.78","Lower Chaku HP , 1800 kW",082/83
46,20,,,,,,"Lower Chaku HP , 1800 kW",083/84
46,6,0.00,"270,920.54","180,000.00",0.00,"450,920.54","Lower Chaku HP , 1800 kW",070/71
46,7,"450,920.54","264,656.44","180,000.00",0.00,"895,576.98","Lower Chaku HP , 1800 kW",071/72
46,9,"467,280.00","273,973.40",0.00,0.00,"741,253.40","Lower Chaku HP , 1800 kW",073/74
47,10,"2,495,725.00","1,732,953.90","352,000.00",0.00,"4,580,678.90","Charnawati khola HP , 3520 kW",074/75
47,11,"4,580,679.00","1,688,846.90","352,000.00","2,157,629.00","4,463,896.90","Charnawati khola HP , 3520 kW",075/76
47,12,"4,463,897.00","3,210,371.36","352,000.00","7,460,593.42","565,674.94","Charnawati khola HP , 3520 kW",076/77
47,14,"565,675.00","1,323,583.93","352,000.00","565,675.00","1,675,583.93","Charnawati khola HP , 3520 kW",077/78
47,15,"1,675,583.93","1,789,980.16","352,000.00","3,334,031.00","483,533.09","Charnawati khola HP , 3520 kW",078/79
47,16,"483,533.09","1,968,165.06","352,000.00","2,323,531.48","480,166.67","Charnawati khola HP , 3520 kW",079/80
47,17,"480,166.67","1,974,715.01","352,000.00","2,403,477.26","403,404.42","Charnawati khola HP , 3520 kW",080/81
47,18,"403,404.42","2,110,736.93","352,000.00","2,441,153.34","424,988.01","Charnawati khola HP , 3520 kW",081/82
47,19,0.00,"2,177,321.28",0.00,"2,602,309.29","-424,988.01","Charnawati khola HP , 3520 kW",082/83
47,20,,,,,,"Charnawati khola HP , 3520 kW",083/84
47,6,0.00,"1,453,931.54","351,999.96",0.00,"1,805,931.50","Charnawati khola HP , 3520 kW",070/71
47,7,"2,183,988.00","2,012,639.82","351,999.96","457,840.00","4,090,787.78","Charnawati khola HP , 3520 kW",071/72
47,8,"4,090,787.82","1,734,793.22","351,999.96","2,183,987.00","3,993,594.00","Charnawati khola HP , 3520 kW",072/73
47,9,"11,893,219.00","1,805,796.48",0.00,"3,655,665.00","10,043,350.48","Charnawati khola HP , 3520 kW",073/74
48,10,"869,353.00","2,045,572.97","500,000.00","2,488,475.00","926,450.97","Upper Hugdi , 5000 kW",074/75
48,11,"926,451.00","3,106,027.59","500,000.00","3,600,703.00","931,775.59","Upper Hugdi , 5000 kW",075/76
48,12,"931,776.00","2,462,296.72","500,000.00","3,877,726.25","16,346.47","Upper Hugdi , 5000 kW",076/77
48,14,"16,347.00","2,552,021.77","500,000.00","3,052,021.76","16,347.01","Upper Hugdi , 5000 kW",077/78
48,15,"16,347.01","2,878,553.52","500,000.00","3,207,702.36","187,198.17","Upper Hugdi , 5000 kW",078/79
48,16,"187,198.17","2,813,929.31","500,000.00","3,358,445.55","142,681.93","Upper Hugdi , 5000 kW",079/80
48,17,"142,681.93","2,651,416.79","500,000.00","3,212,316.22","81,782.50","Upper Hugdi , 5000 kW",080/81
48,18,"81,782.50","2,800,681.27","500,000.00","3,286,185.26","96,278.51","Upper Hugdi , 5000 kW",081/82
48,19,0.00,"2,741,810.84",0.00,"3,338,089.35","-596,278.51","Upper Hugdi , 5000 kW",082/83
48,20,,,,,,"Upper Hugdi , 5000 kW",083/84
48,7,0.00,"175,490.88","500,000.04",0.00,"675,490.92","Upper Hugdi , 5000 kW",071/72
48,8,"675,490.88","1,514,511.82","500,000.04","1,845,754.53","844,248.21","Upper Hugdi , 5000 kW",072/73
48,9,"1,514,607.00","2,042,086.00","500,000.00","2,516,980.70","1,539,712.30","Upper Hugdi , 5000 kW",073/74
49,10,"398,324.00","1,023,815.66","200,000.00","888,954.00","733,185.66","Chhandi Khola , 2000 kW",074/75
49,11,"733,186.00","1,021,423.32","200,000.00","1,548,315.00","406,294.32","Chhandi Khola , 2000 kW",075/76
49,12,"406,294.00","1,130,716.18","200,000.00","1,315,073.00","421,937.18","Chhandi Khola , 2000 kW",076/77
49,14,"421,937.00","977,196.22","200,000.00","1,204,908.37","394,224.85","Chhandi Khola , 2000 kW",077/78
49,15,"394,224.85","919,096.33","200,000.00","1,371,751.22","141,569.96","Chhandi Khola , 2000 kW",078/79
49,16,"141,569.96","1,033,033.54","200,000.00","946,058.69","428,544.81","Chhandi Khola , 2000 kW",079/80
49,17,"428,544.81","1,132,037.67","200,000.00","1,418,098.30","342,484.18","Chhandi Khola , 2000 kW",080/81
49,18,"342,484.18","962,298.17","200,000.00","1,254,168.15","250,614.20","Chhandi Khola , 2000 kW",081/82
49,19,0.00,"1,242,545.77",0.00,"1,493,159.97","-250,614.20","Chhandi Khola , 2000 kW",082/83
49,20,,,,,,"Chhandi Khola , 2000 kW",083/84
49,8,0.00,"88,993.46","200,000.04","200,000.00","88,993.50","Chhandi Khola , 2000 kW",072/73
49,9,0.00,"989,132.06",0.00,"879,801.00","109,331.06","Chhandi Khola , 2000 kW",073/74
5,1,"1,872,293.00","1,308,402.90","320,000.04","2,479,630.00","870,608.94","Piluwa Khola HP , 3200 kW",066/67
5,10,"532,068.00","958,660.74","320,000.00","1,578,836.00","231,892.74","Piluwa Khola HP , 3200 kW",074/75
5,11,"381,652.00","4,641,736.56","3,200,000.00","1,500,000.00","6,723,388.56","Piluwa Khola HP , 3200 kW",075/76
5,12,"6,723,389.00","6,845,828.28","3,200,000.00","2,700,000.00","14,069,217.28","Piluwa Khola HP , 3200 kW",076/77
5,14,"14,069,217.00","5,399,110.56","3,200,000.00","20,569,217.00","2,099,110.56","Piluwa Khola HP , 3200 kW",077/78
5,15,"2,099,110.56","7,421,092.81","3,200,000.00","12,712,996.34","7,207.03","Piluwa Khola HP , 3200 kW",078/79
5,16,"7,207.03","7,272,674.20","3,200,000.00","6,479,114.43","4,000,766.80","Piluwa Khola HP , 3200 kW",079/80
5,17,"4,000,766.80","5,257,759.16","3,200,000.00","11,613,436.56","845,089.40","Piluwa Khola HP , 3200 kW",080/81
5,18,"845,089.40","7,054,033.92","3,200,000.00","10,185,248.98","913,874.34","Piluwa Khola HP , 3200 kW",081/82
5,19,0.00,"5,341,823.48",0.00,"10,014,112.29","-4,672,288.81","Piluwa Khola HP , 3200 kW",082/83
5,2,"870,608.90","1,405,229.42","320,000.04","1,097,178.00","1,498,660.36","Piluwa Khola HP , 3200 kW",067/68
5,20,,,,,,"Piluwa Khola HP , 3200 kW",083/84
5,3,"1,498,659.85","1,441,417.22","320,000.04","1,411,237.00","1,848,840.11","Piluwa Khola HP , 3200 kW",068/69
5,5,"1,848,840.07","1,400,302.22","320,000.04","2,000,000.00","1,569,142.33","Piluwa Khola HP , 3200 kW",069/70
5,6,"1,569,142.29","1,360,063.76","320,000.04","1,290,495.00","1,958,711.09","Piluwa Khola HP , 3200 kW",070/71
5,7,"1,958,714.00","1,358,545.10","320,000.04","1,680,064.00","1,957,195.14","Piluwa Khola HP , 3200 kW",071/72
5,8,"1,957,195.10","1,247,072.20","320,000.04","1,678,545.00","1,845,722.34","Piluwa Khola HP , 3200 kW",072/73
5,9,"4,395,582.00","1,108,420.42",0.00,"2,742,074.00","2,761,928.42","Piluwa Khola HP , 3200 kW",073/74
50,10,"1,916,487.00","10,505,206.36","2,200,000.00","12,000,000.00","2,621,693.36","Sanima Mai , 22000 kW",074/75
50,11,"2,621,693.00","10,217,932.76","2,200,000.00","12,851,561.00","2,188,064.76","Sanima Mai , 22000 kW",075/76
50,12,"2,188,065.00","14,444,895.68","2,200,000.00","16,960,807.65","1,872,153.03","Sanima Mai , 22000 kW",076/77
50,14,"1,872,153.00","11,759,774.74","2,200,000.00","13,972,330.96","1,859,596.78","Sanima Mai , 22000 kW",077/78
50,15,"1,859,596.78","12,970,895.51","2,200,000.00","16,168,481.95","862,010.34","Sanima Mai , 22000 kW",078/79
50,16,"862,010.34","11,358,819.86","2,200,000.00","13,936,162.52","484,667.68","Sanima Mai , 22000 kW",079/80
50,17,"484,667.68","11,774,281.44","2,200,000.00","13,703,224.64","755,724.48","Sanima Mai , 22000 kW",080/81
50,18,"755,724.48","10,789,373.81","2,200,000.00","12,609,388.11","1,135,710.18","Sanima Mai , 22000 kW",081/82
50,19,0.00,"5,398,128.14",0.00,"9,962,912.45","-4,564,784.31","Sanima Mai , 22000 kW",082/83
50,20,,,,,,"Sanima Mai , 22000 kW",083/84
50,7,0.00,"1,283,159.80","2,199,999.96",0.00,"3,483,159.76","Sanima Mai , 22000 kW",071/72
50,8,"3,483,159.80","4,979,774.66","2,199,999.96","9,304,309.71","1,358,624.71","Sanima Mai , 22000 kW",072/73
50,9,"2,717,647.00","10,747,007.42",0.00,"12,389,145.34","1,075,509.08","Sanima Mai , 22000 kW",073/74
51,10,"670,799.00","3,550,001.40","700,000.00","4,354,202.08","566,598.32","Mai Cascade , 7000 kW",074/75
51,11,"566,598.00","3,661,785.14","700,000.00","6,547,259.00","-1,618,875.86","Mai Cascade , 7000 kW",075/76
51,12,"-1,618,876.00","3,807,167.85","700,000.00","2,629,220.58","259,071.27","Mai Cascade , 7000 kW",076/77
51,14,"259,071.00","4,522,420.00","700,000.00","4,752,914.47","728,576.53","Mai Cascade , 7000 kW",077/78
51,15,"728,576.53","4,466,758.02","700,000.00","5,540,783.15","354,551.40","Mai Cascade , 7000 kW",078/79
51,16,"354,551.40","3,964,749.75","700,000.00","4,758,968.85","260,332.30","Mai Cascade , 7000 kW",079/80
51,17,"260,332.30","3,888,880.35","700,000.00","4,634,928.69","214,283.96","Mai Cascade , 7000 kW",080/81
51,18,"214,283.96","3,504,643.27","700,000.00","4,521,199.76","-102,272.53","Mai Cascade , 7000 kW",081/82
51,19,0.00,"2,041,979.13",0.00,"2,557,059.70","-515,080.57","Mai Cascade , 7000 kW",082/83
51,20,,,,,,"Mai Cascade , 7000 kW",083/84
51,8,0.00,"433,158.72","699,999.96","700,000.00","433,158.68","Mai Cascade , 7000 kW",072/73
51,9,"88,993.00","3,644,181.88",0.00,"4,106,541.87","-373,366.99","Mai Cascade , 7000 kW",073/74
52,10,"1,330,001.00","2,273,998.28","440,000.00","2,785,258.00","1,258,741.28","Radhi Small , 4400 kW",074/75
52,11,"1,258,741.00","2,466,007.74","440,000.00","3,455,829.00","708,919.74","Radhi Small , 4400 kW",075/76
52,12,"708,920.00","3,949,982.36","440,000.00","4,470,842.60","628,059.76","Radhi Small , 4400 kW",076/77
52,14,"628,059.00","2,785,453.49","440,000.00","3,172,627.55","680,884.94","Radhi Small , 4400 kW",077/78
52,15,"680,884.94","2,468,460.24","440,000.00","3,799,609.80","-210,264.62","Radhi Small , 4400 kW",078/79
52,16,"-210,264.62","2,670,619.49","440,000.00","2,558,551.16","341,803.71","Radhi Small , 4400 kW",079/80
52,17,"341,803.71","678,965.13","440,000.00","1,259,710.39","201,058.45","Radhi Small , 4400 kW",080/81
52,18,"201,058.45","2,524,700.80","440,000.00","2,588,420.84","577,338.41","Radhi Small , 4400 kW",081/82
52,19,0.00,"2,313,661.54",0.00,"3,183,555.67","-869,894.13","Radhi Small , 4400 kW",082/83
52,20,,,,,,"Radhi Small , 4400 kW",083/84
52,7,0.00,"1,887,126.36","320,000.04","968,375.00","1,238,751.40","Radhi Small , 4400 kW",071/72
52,8,"1,238,751.36","2,207,435.00","440,000.04","3,538,905.79","347,280.61","Radhi Small , 4400 kW",072/73
52,9,"1,002,076.00","2,197,333.06",0.00,"1,774,612.95","1,424,796.11","Radhi Small , 4400 kW",073/74
53,10,"2,899,804.00","875,806.26","300,000.00","2,309,422.00","1,766,188.26","Upper Puwa-1 , 3000 kW",074/75
53,11,"1,766,188.00","335,060.02","300,000.00","920,413.00","1,480,835.02","Upper Puwa-1 , 3000 kW",075/76
53,12,"1,480,835.00","526,152.86","300,000.00","1,804,504.32","502,483.54","Upper Puwa-1 , 3000 kW",076/77
53,14,"502,443.00","487,858.38","300,000.00","502,443.00","787,858.38","Upper Puwa-1 , 3000 kW",077/78
53,15,"787,858.38","1,233,574.79","300,000.00","1,963,003.64","358,429.53","Upper Puwa-1 , 3000 kW",078/79
53,16,"358,429.53","276,355.73","300,000.00","313,129.12","621,656.14","Upper Puwa-1 , 3000 kW",079/80
53,17,"621,656.14","361,365.26","300,000.00","955,073.05","327,948.35","Upper Puwa-1 , 3000 kW",080/81
53,18,"327,948.35","514,360.74","300,000.00","472,768.26","669,540.83","Upper Puwa-1 , 3000 kW",081/82
53,19,0.00,"166,566.13",0.00,"535,936.32","-369,370.19","Upper Puwa-1 , 3000 kW",082/83
53,20,,,,,,"Upper Puwa-1 , 3000 kW",083/84
53,7,0.00,"43,647.34","300,000.00",0.00,"343,647.34","Upper Puwa-1 , 3000 kW",071/72
53,8,"343,647.34","870,600.84","300,000.00",0.00,"1,514,248.18","Upper Puwa-1 , 3000 kW",072/73
53,9,"1,358,625.00","1,085,197.00","300,000.00",0.00,"2,743,822.00","Upper Puwa-1 , 3000 kW",073/74
54,10,"2,358,322.00","751,113.64","240,000.00",0.00,"3,349,435.64","Jiri Khola SHP , 2400 kW",074/75
54,11,"3,349,436.00","214,156.42","240,000.00",0.00,"3,803,592.42","Jiri Khola SHP , 2400 kW",075/76
54,12,"3,803,593.00","862,956.21","240,000.00","3,464,495.20","1,442,054.01","Jiri Khola SHP , 2400 kW",076/77
54,14,"1,442,054.00","928,249.45","240,000.00","1,442,054.00","1,168,249.45","Jiri Khola SHP , 2400 kW",077/78
54,15,"1,168,249.45","781,053.51","240,000.00","1,651,045.63","538,257.33","Jiri Khola SHP , 2400 kW",078/79
54,16,"538,257.33","939,493.50","240,000.00","1,212,118.58","505,632.25","Jiri Khola SHP , 2400 kW",079/80
54,17,"505,632.25","999,761.55","240,000.00","1,501,069.29","244,324.51","Jiri Khola SHP , 2400 kW",080/81
54,18,"244,324.51","1,059,547.21","240,000.00","1,281,007.72","262,864.00","Jiri Khola SHP , 2400 kW",081/82
54,19,0.00,"863,559.36",0.00,"1,041,921.32","-178,361.96","Jiri Khola SHP , 2400 kW",082/83
54,20,,,,,,"Jiri Khola SHP , 2400 kW",083/84
54,7,0.00,"131,322.30","240,000.00",0.00,"371,322.30","Jiri Khola SHP , 2400 kW",071/72
54,8,"371,322.30","616,464.72","240,000.00",0.00,"1,227,787.02","Jiri Khola SHP , 2400 kW",072/73
54,9,"844,248.00","890,535.38",0.00,0.00,"1,734,783.38","Jiri Khola SHP , 2400 kW",073/74
55,10,"1,478,041.00","961,526.61","500,000.00","1,035,490.00","1,904,077.61","Mailung Khola , 5000 kW",074/75
55,11,"1,902,657.00","2,084,217.92","500,000.00","1,334,470.00","3,152,404.92","Mailung Khola , 5000 kW",075/76
55,12,"3,152,405.00","2,513,605.16","500,000.00","5,379,309.02","786,701.14","Mailung Khola , 5000 kW",076/77
55,14,"786,701.00","1,776,935.24","500,000.00","1,541,995.00","1,521,641.24","Mailung Khola , 5000 kW",077/78
55,15,"1,521,641.24","2,191,901.62","500,000.00","3,773,421.57","440,121.29","Mailung Khola , 5000 kW",078/79
55,16,"440,121.29","2,176,249.56","500,000.00","2,420,481.14","695,889.71","Mailung Khola , 5000 kW",079/80
55,17,"695,889.71","2,010,934.29","500,000.00","2,664,161.54","542,662.46","Mailung Khola , 5000 kW",080/81
55,18,"542,662.46","1,816,372.53","500,000.00","3,418,244.29","-559,209.30","Mailung Khola , 5000 kW",081/82
55,19,0.00,"1,657,800.41",0.00,"2,341,683.36","-683,882.95","Mailung Khola , 5000 kW",082/83
55,20,,,,,,"Mailung Khola , 5000 kW",083/84
55,7,0.00,"1,497,587.08","500,000.04","1,495,510.54","502,076.58","Mailung Khola , 5000 kW",071/72
55,8,"502,076.54",0.00,"500,000.04",0.00,"1,002,076.58","Mailung Khola , 5000 kW",072/73
55,9,"1,227,787.00","1,601,694.00","500,000.00","1,625,729.00","1,703,752.00","Mailung Khola , 5000 kW",073/74
6,1,0.00,"581,941.70","240,000.00","240,000.00","581,941.70","Ridi Khola HP , 2400 kW",066/67
6,10,"6,333,103.00","887,544.79","240,000.00","5,718,206.00","1,742,441.79","Ridi Khola HP , 2400 kW",074/75
6,11,"1,742,442.00","848,475.45","240,000.00","1,660,826.00","1,170,091.45","Ridi Khola HP , 2400 kW",075/76
6,12,"1,170,091.00","992,207.95","240,000.00","938,560.13","1,463,738.82","Ridi Khola HP , 2400 kW",076/77
6,14,"1,463,739.00","1,069,198.24","240,000.00","1,463,739.00","1,309,198.24","Ridi Khola HP , 2400 kW",077/78
6,15,"1,309,198.24","1,150,294.94","240,000.00","2,625,487.08","74,006.10","Ridi Khola HP , 2400 kW",078/79
6,16,"74,006.10","985,241.02","240,000.00","956,901.59","342,345.53","Ridi Khola HP , 2400 kW",079/80
6,17,"342,345.53","981,894.08","240,000.00","1,278,153.38","286,086.23","Ridi Khola HP , 2400 kW",080/81
6,18,"286,086.23","2,584,457.63","2,400,000.00","3,587,044.70","1,683,499.16","Ridi Khola HP , 2400 kW",081/82
6,19,0.00,"4,288,576.93",0.00,"8,851,611.90","-4,563,034.97","Ridi Khola HP , 2400 kW",082/83
6,2,"581,941.70","1,241,703.72","240,000.00","821,942.00","1,241,703.42","Ridi Khola HP , 2400 kW",067/68
6,20,,,,,,"Ridi Khola HP , 2400 kW",083/84
6,3,"1,241,704.00","1,082,686.46","240,000.00","240,000.00","2,324,390.46","Ridi Khola HP , 2400 kW",068/69
6,5,"2,324,390.46","1,165,245.42","240,000.00",0.00,"3,729,635.88","Ridi Khola HP , 2400 kW",069/70
6,6,"3,729,635.88","1,088,460.64","240,000.00","2,324,390.00","2,733,706.52","Ridi Khola HP , 2400 kW",070/71
6,7,"2,733,706.52","1,136,748.14","240,000.00",0.00,"4,110,454.66","Ridi Khola HP , 2400 kW",071/72
6,8,"4,110,454.66","867,751.82","240,000.00",0.00,"5,218,206.48","Ridi Khola HP , 2400 kW",072/73
6,9,"2,500,022.00","874,897.00","240,000.00",0.00,"3,614,919.00","Ridi Khola HP , 2400 kW",073/74
61,10,"2,613,698.00","2,531,649.30","850,000.00",0.00,"5,995,347.30","Nau gad khola , 8500 kW",074/75
61,11,"5,995,347.00","3,521,449.90","850,000.00","850,000.00","9,516,796.90","Nau gad khola , 8500 kW",075/76
61,12,"9,516,797.00","3,956,820.61","850,000.00","5,145,347.00","9,178,270.61","Nau gad khola , 8500 kW",076/77
61,14,"9,178,271.00","3,991,123.94","850,000.00","14,019,347.42",47.52,"Nau gad khola , 8500 kW",077/78
61,15,47.52,"4,761,326.10","850,000.00","5,470,004.78","141,368.84","Nau gad khola , 8500 kW",078/79
61,16,"141,368.84","3,781,592.67","850,000.00","4,345,660.24","427,301.27","Nau gad khola , 8500 kW",079/80
61,17,"427,301.27","4,242,220.18","850,000.00","4,415,289.73","1,104,231.72","Nau gad khola , 8500 kW",080/81
61,18,"1,104,231.72","4,442,445.38","850,000.00","6,223,872.16","172,804.94","Nau gad khola , 8500 kW",081/82
61,19,0.00,"4,229,603.76",0.00,"5,000,662.22","-771,058.46","Nau gad khola , 8500 kW",082/83
61,20,,,,,,"Nau gad khola , 8500 kW",083/84
61,8,0.00,"9,338,235.00","8,499,999.96",0.00,"17,838,234.96","Nau gad khola , 8500 kW",072/73
61,9,"433,159.00","2,883,307.96",0.00,"3,837,257.00","-520,790.04","Nau gad khola , 8500 kW",073/74
62,10,"1,948,779.00","2,864,537.69","1,200,000.00","1,948,226.00","4,065,090.69","Upper Mai , 12000 kW",074/75
62,11,"4,065,091.00","4,227,346.34","1,200,000.00","11,653,025.00","-2,160,587.66","Upper Mai , 12000 kW",075/76
62,12,"-405,642.00","4,135,615.64","1,200,000.00","1,632,546.73","3,297,426.91","Upper Mai , 12000 kW",076/77
62,14,"3,297,427.00","2,458,069.98","1,200,000.00","4,160,770.04","2,794,726.94","Upper Mai , 12000 kW",077/78
62,15,"2,794,726.94","4,385,624.99","1,200,000.00","8,090,372.75","289,979.18","Upper Mai , 12000 kW",078/79
62,16,"289,979.18","4,444,829.94","1,200,000.00","5,621,806.28","313,002.84","Upper Mai , 12000 kW",079/80
62,17,"313,002.84","4,446,432.59","1,200,000.00","5,830,648.37","128,787.06","Upper Mai , 12000 kW",080/81
62,18,"128,787.06","2,623,342.11","1,200,000.00","2,567,112.15","1,385,017.02","Upper Mai , 12000 kW",081/82
62,19,0.00,"4,029,885.54",0.00,"6,614,902.56","-2,585,017.02","Upper Mai , 12000 kW",082/83
62,20,,,,,,"Upper Mai , 12000 kW",083/84
62,9,0.00,"4,225,569.53",0.00,"3,476,791.00","748,778.53","Upper Mai , 12000 kW",073/74
63,10,"82,104.00","277,210.18","200,000.00","300,000.00","259,314.18","Khani Khola , 2000 kW",074/75
63,11,"259,314.00","438,815.08","200,000.00","313,502.00","584,627.08","Khani Khola , 2000 kW",075/76
63,12,"584,627.00",0.00,"200,000.00",0.00,"784,627.00","Khani Khola , 2000 kW",076/77
63,14,"784,627.00","81,779.91","200,000.00","250,000.00","816,406.91","Khani Khola , 2000 kW",077/78
63,15,"816,406.91","883,412.60","200,000.00","1,699,586.32","200,233.19","Khani Khola , 2000 kW",078/79
63,16,"200,233.19","834,629.52","200,000.00","1,015,914.90","218,947.81","Khani Khola , 2000 kW",079/80
63,17,"218,947.81","734,340.22","200,000.00","939,405.94","213,882.09","Khani Khola , 2000 kW",080/81
63,18,"213,882.09","372,541.50","200,000.00","385,263.76","401,159.83","Khani Khola , 2000 kW",081/82
63,19,0.00,"544,504.65",0.00,"945,664.48","-401,159.83","Khani Khola , 2000 kW",082/83
63,20,,,,,,"Khani Khola , 2000 kW",083/84
63,9,0.00,"150,786.86",0.00,"350,787.00","-200,000.14","Khani Khola , 2000 kW",073/74
64,10,"390,597.00","1,050,814.58","436,000.00","608,917.00","1,268,494.58","Tungun - Thosne Khola , 4360 kW",074/75
64,11,"1,250,374.00","846,577.70","436,000.00","2,793,661.00","-260,709.30","Tungun - Thosne Khola , 4360 kW",075/76
64,12,"-260,709.00","892,026.20","436,000.00",0.00,"1,067,317.20","Tungun - Thosne Khola , 4360 kW",076/77
64,14,"1,067,317.00","1,845,007.79","436,000.00","1,601,944.00","1,746,380.79","Tungun - Thosne Khola , 4360 kW",077/78
64,15,"1,746,380.79","2,234,500.91","436,000.00","3,980,544.87","436,336.83","Tungun - Thosne Khola , 4360 kW",078/79
64,16,"436,336.83","2,069,661.77","436,000.00","2,438,107.85","503,890.75","Tungun - Thosne Khola , 4360 kW",079/80
64,17,"503,890.75","1,950,970.79","436,000.00","2,416,528.95","474,332.59","Tungun - Thosne Khola , 4360 kW",080/81
64,18,"474,332.59","929,002.97","436,000.00","966,409.13","872,926.43","Tungun - Thosne Khola , 4360 kW",081/82
64,19,0.00,"1,262,953.60",0.00,"2,135,880.03","-872,926.43","Tungun - Thosne Khola , 4360 kW",082/83
64,20,,,,,,"Tungun - Thosne Khola , 4360 kW",083/84
64,9,0.00,"488,819.92",0.00,"842,863.00","-354,043.08","Tungun - Thosne Khola , 4360 kW",073/74
65,10,"3,980,177.00","10,092,411.24","2,500,000.00","13,760,329.00","2,812,259.24","Upper Madi , 25000 kW",074/75
65,11,"2,811,882.00","12,196,692.52","2,500,000.00","14,089,141.00","3,419,433.52","Upper Madi , 25000 kW",075/76
65,12,"3,419,434.00","13,319,790.32","2,500,000.00","18,071,037.00","1,168,187.32","Upper Madi , 25000 kW",076/77
65,14,"1,168,187.00","14,146,261.89","2,500,000.00","16,817,092.16","997,356.73","Upper Madi , 25000 kW",077/78
65,15,"997,356.73","12,664,355.21","2,500,000.00","14,055,513.05","2,106,198.89","Upper Madi , 25000 kW",078/79
65,16,"2,106,198.89","15,050,620.85","2,500,000.00","18,591,481.95","1,065,337.79","Upper Madi , 25000 kW",079/80
65,17,"1,065,337.79","15,306,438.41","2,500,000.00","16,147,255.31","2,724,520.89","Upper Madi , 25000 kW",080/81
65,18,"2,724,520.89","15,776,123.30","2,500,000.00","19,179,832.53","1,820,811.66","Upper Madi , 25000 kW",081/82
65,19,0.00,"12,058,999.07",0.00,"18,111,387.68","-6,052,388.61","Upper Madi , 25000 kW",082/83
65,20,,,,,,"Upper Madi , 25000 kW",083/84
65,9,0.00,"3,980,177.02",0.00,"2,500,000.00","1,480,177.02","Upper Madi , 25000 kW",073/74
66,10,"461,364.00","861,443.96","250,000.00",0.00,"1,572,807.96","Daram Khola-A , 2500 kW",074/75
66,11,"1,572,808.00","902,777.42","250,000.00",0.00,"2,725,585.42","Daram Khola-A , 2500 kW",075/76
66,12,"2,725,585.00","968,467.65","250,000.00","1,572,808.00","2,371,244.65","Daram Khola-A , 2500 kW",076/77
66,14,"2,371,245.00","1,157,416.83","250,000.00","2,371,245.00","1,407,416.83","Daram Khola-A , 2500 kW",077/78
66,15,"1,407,416.83","1,323,045.74","250,000.00","2,959,521.91","20,940.66","Daram Khola-A , 2500 kW",078/79
66,16,"20,940.66","1,072,188.11","250,000.00","1,056,743.58","286,385.19","Daram Khola-A , 2500 kW",079/80
66,17,"286,385.19","1,202,863.96","250,000.00","1,471,374.88","267,874.27","Daram Khola-A , 2500 kW",080/81
66,18,"267,874.27","1,113,330.25","250,000.00","1,361,746.24","269,458.28","Daram Khola-A , 2500 kW",081/82
66,19,0.00,"1,085,788.88",0.00,"1,355,247.16","-269,458.28","Daram Khola-A , 2500 kW",082/83
66,20,,,,,,"Daram Khola-A , 2500 kW",083/84
66,9,0.00,"820,474.68",0.00,"609,109.80","211,364.88","Daram Khola-A , 2500 kW",073/74
67,10,"24,809,724.00","54,157,226.98","5,000,000.00","64,802,095.10","19,164,855.88","Upper Marsyangdi A , 50000 kW",074/75
67,11,"19,164,856.00","60,827,107.88","5,000,000.00","67,365,006.00","17,626,957.88","Upper Marsyangdi A , 50000 kW",075/76
67,12,"17,627,889.00","64,312,365.52","5,000,000.00","86,505,487.01","434,767.51","Upper Marsyangdi A , 50000 kW",076/77
67,14,"434,768.00","67,100,718.74","5,000,000.00","53,309,594.69","19,225,892.05","Upper Marsyangdi A , 50000 kW",077/78
67,15,"19,225,892.05","33,397,482.12","5,000,000.00","57,005,168.30","618,205.87","Upper Marsyangdi A , 50000 kW",078/79
67,16,"618,205.87","80,772,550.04","5,000,000.00","84,824,766.16","1,565,989.75","Upper Marsyangdi A , 50000 kW",079/80
67,17,"1,565,989.75","85,534,601.22","5,000,000.00","90,109,851.68","1,990,739.29","Upper Marsyangdi A , 50000 kW",080/81
67,18,"1,990,739.29","92,231,339.43","5,000,000.00","89,886,935.04","9,335,143.68","Upper Marsyangdi A , 50000 kW",081/82
67,19,0.00,"87,415,970.33",0.00,"101,400,966.40","-13,984,996.07","Upper Marsyangdi A , 50000 kW",082/83
67,20,,,,,,"Upper Marsyangdi A , 50000 kW",083/84
67,9,0.00,"24,809,724.00","5,000,000.00","5,000,000.00","24,809,724.00","Upper Marsyangdi A , 50000 kW",073/74
68,10,"1,359,923.00","5,119,161.46","1,490,000.00","5,008,672.00","2,960,412.46","Hewa Khola A , 14900 kW",074/75
68,11,"2,870,612.00","4,731,591.40","1,490,000.00","2,977,555.00","6,114,648.40","Hewa Khola A , 14900 kW",075/76
68,12,"6,114,648.00","7,821,565.04","1,490,000.00","15,440,100.12","-13,887.08","Hewa Khola A , 14900 kW",076/77
68,14,"-13,887.00","6,125,921.79","1,490,000.00","3,793,242.00","3,808,792.79","Hewa Khola A , 14900 kW",077/78
68,15,"3,808,792.79","7,407,110.98","1,490,000.00","10,693,245.52","2,012,658.25","Hewa Khola A , 14900 kW",078/79
68,16,"2,012,658.25","6,906,532.76","1,490,000.00","8,442,714.80","1,966,476.21","Hewa Khola A , 14900 kW",079/80
68,17,"1,966,476.21",0.00,"1,490,000.00","1,959,393.78","1,497,082.43","Hewa Khola A , 14900 kW",080/81
68,18,"1,497,082.43","1,052,052.39","1,490,000.00","1,995,698.51","2,043,436.31","Hewa Khola A , 14900 kW",081/82
68,19,0.00,"6,809,925.84",0.00,"8,853,362.15","-2,043,436.31","Hewa Khola A , 14900 kW",082/83
68,20,,,,,,"Hewa Khola A , 14900 kW",083/84
68,9,0.00,"1,369,922.88",0.00,"1,500,000.00","-130,077.12","Hewa Khola A , 14900 kW",073/74
69,10,"400,546.00","366,004.92","375,000.00","400,546.00","741,004.92","Dwari Khola SHP , 3750 kW",074/75
69,11,"741,005.00","865,128.88","375,000.00","806,041.00","1,175,092.88","Dwari Khola SHP , 3750 kW",075/76
69,12,"1,175,093.00","1,225,762.56","375,000.00","656,610.41","2,119,245.15","Dwari Khola SHP , 3750 kW",076/77
69,14,"2,119,246.00","763,410.49","375,000.00","2,119,246.00","1,138,410.49","Dwari Khola SHP , 3750 kW",077/78
69,15,"1,138,410.49","871,566.02","375,000.00","2,384,573.05",403.46,"Dwari Khola SHP , 3750 kW",078/79
69,16,403.46,"650,275.91","375,000.00","587,575.63","438,103.74","Dwari Khola SHP , 3750 kW",079/80
69,17,"438,103.74","917,429.30","375,000.00","1,345,395.26","385,137.78","Dwari Khola SHP , 3750 kW",080/81
69,18,"385,137.78","1,033,751.69","375,000.00","1,160,648.87","633,240.60","Dwari Khola SHP , 3750 kW",081/82
69,19,0.00,"1,216,116.79",0.00,"1,940,656.64","-724,539.85","Dwari Khola SHP , 3750 kW",082/83
69,20,,,,,,"Dwari Khola SHP , 3750 kW",083/84
69,9,0.00,"25,545.94","375,000.00",0.00,"400,545.94","Dwari Khola SHP , 3750 kW",073/74
7,1,"-683,882.00","28,105,054.98","4,500,000.00","31,901,210.00","19,966.99","Upper Bhotekoshi , 45000 kW",066/67
7,10,"56,259,750.00",0.00,"45,000,000.00","4,500,000.00","96,759,750.00","Upper Bhotekoshi , 45000 kW",074/75
7,11,"96,759,750.00",0.00,"45,000,000.00","122,711,251.00","19,048,499.00","Upper Bhotekoshi , 45000 kW",075/76
7,12,"19,048,499.00","128,825,224.62","45,000,000.00","194,006,832.00","-1,133,108.38","Upper Bhotekoshi , 45000 kW",076/77
7,14,"-1,133,108.00","308,675,859.32","45,000,000.00","352,828,544.47","-285,793.15","Upper Bhotekoshi , 45000 kW",077/78
7,15,"-285,793.15","339,227,111.32","45,000,000.00","383,949,542.95","-8,224.78","Upper Bhotekoshi , 45000 kW",078/79
7,16,"-8,224.78","348,792,011.05","45,000,000.00","379,045,766.34","14,738,019.93","Upper Bhotekoshi , 45000 kW",079/80
7,17,"14,738,019.93","357,074,180.14","45,000,000.00","416,812,697.43",-497.36,"Upper Bhotekoshi , 45000 kW",080/81
7,18,-497.36,"381,382,634.33","45,000,000.00","426,382,634.17",-497.20,"Upper Bhotekoshi , 45000 kW",081/82
7,19,0.00,"405,944,006.50",0.00,"450,944,006.98","-45,000,000.48","Upper Bhotekoshi , 45000 kW",082/83
7,2,"19,967.00","30,180,658.33","4,500,000.00","34,714,988.01","-14,362.68","Upper Bhotekoshi , 45000 kW",067/68
7,20,,,,,,"Upper Bhotekoshi , 45000 kW",083/84
7,3,"-14,352.64","35,601,376.45","4,500,000.00","40,380,326.69","-293,302.88","Upper Bhotekoshi , 45000 kW",068/69
7,5,"-293,302.89","41,349,433.28","4,500,000.00","45,377,106.26","179,024.13","Upper Bhotekoshi , 45000 kW",069/70
7,6,"179,024.13","49,485,434.01","4,500,000.00","54,154,014.73","10,443.41","Upper Bhotekoshi , 45000 kW",070/71
7,7,"10,446.00","18,496,869.35","4,500,000.00","22,997,565.00","9,750.35","Upper Bhotekoshi , 45000 kW",071/72
7,9,"6,510,159.00",0.00,"45,000,000.00","4,500,000.00","47,010,159.00","Upper Bhotekoshi , 45000 kW",073/74
70,10,0.00,"2,294,530.06","610,000.00",0.00,"2,904,530.06","Upper Mai -C , 6100 kW",074/75
70,11,"2,904,530.00","2,551,097.50","610,000.00","2,889,398.00","3,176,229.50","Upper Mai -C , 6100 kW",075/76
70,12,"3,176,229.50","2,684,603.58","610,000.00","1,180,607.09","5,290,225.99","Upper Mai -C , 6100 kW",076/77
70,14,"5,290,226.50","2,819,166.17","610,000.00","6,600,837.76","2,118,554.91","Upper Mai -C , 6100 kW",077/78
70,15,"2,118,554.91","2,722,254.29","610,000.00","5,274,597.58","176,211.62","Upper Mai -C , 6100 kW",078/79
70,16,"176,211.62","2,895,455.19","610,000.00","3,509,868.37","171,798.44","Upper Mai -C , 6100 kW",079/80
70,17,"171,798.44","2,815,424.79","610,000.00","3,507,046.71","90,176.52","Upper Mai -C , 6100 kW",080/81
70,18,"90,176.52","2,351,907.80","610,000.00","2,325,881.52","726,202.80","Upper Mai -C , 6100 kW",081/82
70,19,0.00,"2,720,546.44",0.00,"4,071,819.14","-1,351,272.70","Upper Mai -C , 6100 kW",082/83
70,20,,,,,,"Upper Mai -C , 6100 kW",083/84
71,10,0.00,"909,476.97","400,000.00",0.00,"1,309,476.97","Sabha Khola HPP , 4000 kW",074/75
71,11,"1,309,477.00","1,583,385.30","400,000.00",0.00,"3,292,862.30","Sabha Khola HPP , 4000 kW",075/76
71,12,"3,292,862.29","1,548,382.79","400,000.00","1,309,477.00","3,931,768.08","Sabha Khola HPP , 4000 kW",076/77
71,14,"3,931,768.29","1,345,392.48","400,000.00","3,931,768.00","1,745,392.77","Sabha Khola HPP , 4000 kW",077/78
71,15,"1,745,392.77","1,723,545.12","400,000.00","3,283,341.28","585,596.61","Sabha Khola HPP , 4000 kW",078/79
71,16,"585,596.61","1,720,179.82","400,000.00","2,486,478.88","219,297.55","Sabha Khola HPP , 4000 kW",079/80
71,17,"219,297.55","1,582,301.12","400,000.00","1,797,566.26","404,032.41","Sabha Khola HPP , 4000 kW",080/81
71,18,"404,032.41","1,841,949.98","400,000.00","1,973,724.54","672,257.85","Sabha Khola HPP , 4000 kW",081/82
71,19,0.00,"1,646,917.27",0.00,"2,475,109.85","-828,192.58","Sabha Khola HPP , 4000 kW",082/83
71,20,,,,,,"Sabha Khola HPP , 4000 kW",083/84
72,10,0.00,"179,887.44","1,360,000.00",0.00,"1,539,887.44","Thapa Khola HPP , 13600 kW",074/75
72,11,"1,539,887.46","1,032,686.69","1,360,000.00",0.00,"3,932,574.15","Thapa Khola HPP , 13600 kW",075/76
72,12,"3,932,574.16","1,647,107.52","1,360,000.00","1,539,888.00","5,399,793.68","Thapa Khola HPP , 13600 kW",076/77
72,14,"5,399,794.16","1,219,854.92","1,360,000.00",0.00,"7,979,649.08","Thapa Khola HPP , 13600 kW",077/78
72,15,"7,979,649.08","3,247,384.67","1,360,000.00","11,389,373.36","1,197,660.39","Thapa Khola HPP , 13600 kW",078/79
72,16,"1,197,660.39","2,652,448.62","1,360,000.00","2,056,476.25","3,153,632.76","Thapa Khola HPP , 13600 kW",079/80
72,17,"3,153,632.76","2,539,486.24","1,360,000.00","3,330,457.65","3,722,661.35","Thapa Khola HPP , 13600 kW",080/81
72,18,"3,722,661.35","2,260,584.97","1,360,000.00","1,913,338.23","5,429,908.09","Thapa Khola HPP , 13600 kW",081/82
72,19,0.00,"924,986.99",0.00,"3,843,926.45","-2,918,939.46","Thapa Khola HPP , 13600 kW",082/83
72,20,,,,,,"Thapa Khola HPP , 13600 kW",083/84
73,10,0.00,"202,106.54","283,000.00",0.00,"485,106.54","Chake Khola SHPP , 2830 kW",074/75
73,11,"485,106.54","1,027,518.77","283,000.00","597,069.00","1,198,556.31","Chake Khola SHPP , 2830 kW",075/76
73,12,"599,417.96","891,599.18","283,000.00","375,157.76","1,398,859.38","Chake Khola SHPP , 2830 kW",076/77
73,14,"1,398,858.96","898,997.84","283,000.00","1,398,859.00","1,181,997.80","Chake Khola SHPP , 2830 kW",077/78
73,15,"1,181,997.80","765,866.29","283,000.00","1,706,267.67","524,596.42","Chake Khola SHPP , 2830 kW",078/79
73,16,"524,596.42","949,436.61","283,000.00","1,459,745.16","297,287.87","Chake Khola SHPP , 2830 kW",079/80
73,17,"297,287.87","1,199,888.17","283,000.00","1,494,583.32","285,592.72","Chake Khola SHPP , 2830 kW",080/81
73,18,"285,592.72","1,502,225.05","283,000.00","1,683,961.32","386,856.45","Chake Khola SHPP , 2830 kW",081/82
73,19,0.00,"1,427,671.59",0.00,"1,906,732.24","-479,060.65","Chake Khola SHPP , 2830 kW",082/83
73,20,,,,,,"Chake Khola SHPP , 2830 kW",083/84
74,10,0.00,"619,144.56","400,000.00","666,241.00","352,903.56","Sardi Khola HPP , 4000 kW",074/75
74,11,"352,904.00","1,774,359.46","400,000.00","2,052,113.00","475,150.46","Sardi Khola HPP , 4000 kW",075/76
74,12,"475,150.47","2,153,384.10","400,000.00","2,491,764.81","536,769.76","Sardi Khola HPP , 4000 kW",076/77
74,14,"536,769.47","1,879,312.86","400,000.00","2,364,310.59","451,771.74","Sardi Khola HPP , 4000 kW",077/78
74,15,"451,771.74","2,302,866.92","400,000.00","3,006,440.73","148,197.93","Sardi Khola HPP , 4000 kW",078/79
74,16,"148,197.93","1,896,711.63","400,000.00","2,218,619.37","226,290.19","Sardi Khola HPP , 4000 kW",079/80
74,17,"226,290.19","2,161,818.90","400,000.00","2,712,527.45","75,581.64","Sardi Khola HPP , 4000 kW",080/81
74,18,"75,581.64","2,136,215.48","400,000.00","2,520,933.98","90,863.14","Sardi Khola HPP , 4000 kW",081/82
74,19,0.00,"2,259,967.10",0.00,"2,750,830.24","-490,863.14","Sardi Khola HPP , 4000 kW",082/83
74,20,,,,,,"Sardi Khola HPP , 4000 kW",083/84
75,10,0.00,"379,597.06","300,000.00",0.00,"679,597.06","Midim Khola(Karapu) HPP , 3000 kW",074/75
75,11,"679,597.06","1,445,465.62","300,000.00","678,876.00","1,746,186.68","Midim Khola(Karapu) HPP , 3000 kW",075/76
75,12,"1,746,186.67","1,556,946.94","300,000.00","3,602,414.64",718.97,"Midim Khola(Karapu) HPP , 3000 kW",076/77
75,14,718.67,"1,344,197.97","300,000.00","1,644,197.97",718.67,"Midim Khola(Karapu) HPP , 3000 kW",077/78
75,15,718.67,"1,625,727.98","300,000.00","1,802,327.79","124,118.86","Midim Khola(Karapu) HPP , 3000 kW",078/79
75,16,"124,118.86","1,461,411.94","300,000.00","1,478,558.05","406,972.75","Midim Khola(Karapu) HPP , 3000 kW",079/80
75,17,"406,972.75","1,385,083.85","300,000.00","1,752,537.52","339,519.08","Midim Khola(Karapu) HPP , 3000 kW",080/81
75,18,"339,519.08","1,447,418.33","300,000.00","1,702,013.04","384,924.37","Midim Khola(Karapu) HPP , 3000 kW",081/82
75,19,0.00,"1,363,423.06",0.00,"1,929,862.68","-566,439.62","Midim Khola(Karapu) HPP , 3000 kW",082/83
75,20,,,,,,"Midim Khola(Karapu) HPP , 3000 kW",083/84
76,10,"862,156.00","3,689,375.80","760,000.00","862,156.37","4,449,375.43","Jogmai Khola , 7600 kW",074/75
76,11,"4,449,376.00","3,676,461.73","760,000.00","3,512,938.00","5,372,899.73","Jogmai Khola , 7600 kW",075/76
76,12,"5,372,900.00","3,843,440.95","760,000.00","9,976,296.35",44.60,"Jogmai Khola , 7600 kW",076/77
76,14,45.00,"3,688,501.04","760,000.00","4,462,838.00","-14,291.96","Jogmai Khola , 7600 kW",077/78
76,15,"-14,291.96","4,856,566.23","760,000.00","5,202,766.19","399,508.08","Jogmai Khola , 7600 kW",078/79
76,16,"399,508.08","4,146,325.28","760,000.00","4,955,163.44","350,669.92","Jogmai Khola , 7600 kW",079/80
76,17,"350,669.92","4,040,862.66","760,000.00","4,865,435.03","286,097.55","Jogmai Khola , 7600 kW",080/81
76,18,"286,097.55","3,773,067.47","760,000.00","4,458,259.23","360,905.79","Jogmai Khola , 7600 kW",081/82
76,19,0.00,"1,429,227.36",0.00,"3,078,517.02","-1,649,289.66","Jogmai Khola , 7600 kW",082/83
76,20,,,,,,"Jogmai Khola , 7600 kW",083/84
76,9,0.00,"102,156.00","760,000.00",0.00,"862,156.00","Jogmai Khola , 7600 kW",073/74
77,10,"2,018,457.00","3,139,722.54","600,000.00","2,018,426.82","3,739,752.72","Daraundi A , 6000 kW",074/75
77,11,"3,739,753.00","3,512,326.65","600,000.00","6,950,091.00","901,988.65","Daraundi A , 6000 kW",075/76
77,12,"901,989.00","3,613,025.66","600,000.00","4,153,414.95","961,599.71","Daraundi A , 6000 kW",076/77
77,14,"961,600.00","3,754,886.04","600,000.00","5,119,691.08","196,794.96","Daraundi A , 6000 kW",077/78
77,15,"196,794.96","3,974,426.06","600,000.00","4,479,953.65","291,267.37","Daraundi A , 6000 kW",078/79
77,16,"291,267.37","3,857,284.61","600,000.00","4,389,854.23","358,697.75","Daraundi A , 6000 kW",079/80
77,17,"358,697.75","3,862,428.16","600,000.00","4,618,287.12","202,838.79","Daraundi A , 6000 kW",080/81
77,18,"202,838.79","3,847,315.63","600,000.00","4,405,247.27","244,907.15","Daraundi A , 6000 kW",081/82
77,19,0.00,"3,353,128.73",0.00,"4,612,574.74","-1,259,446.01","Daraundi A , 6000 kW",082/83
77,20,,,,,,"Daraundi A , 6000 kW",083/84
77,9,0.00,"1,418,457.00","600,000.00",0.00,"2,018,457.00","Daraundi A , 6000 kW",073/74
78,10,0.00,"171,825.75","700,000.00","700,000.00","171,825.75","Molun Khola SHP , 7000 kW",074/75
78,11,"171,825.75","2,231,668.97","700,000.00","3,317,725.00","-214,230.28","Molun Khola SHP , 7000 kW",075/76
78,12,"-214,230.29","3,290,056.48","700,000.00","3,259,746.78","516,079.41","Molun Khola SHP , 7000 kW",076/77
78,14,"516,078.71","2,203,161.53","700,000.00","1,065,564.00","2,353,676.24","Molun Khola SHP , 7000 kW",077/78
78,15,"2,353,676.24","2,892,851.41","700,000.00","5,105,838.38","840,689.27","Molun Khola SHP , 7000 kW",078/79
78,16,"840,689.27","3,496,580.20","700,000.00","4,063,127.71","974,141.76","Molun Khola SHP , 7000 kW",079/80
78,17,"974,141.76","3,286,756.21","700,000.00","4,085,010.73","875,887.24","Molun Khola SHP , 7000 kW",080/81
78,18,"875,887.24","3,069,812.28","700,000.00","3,908,332.08","737,367.44","Molun Khola SHP , 7000 kW",081/82
78,19,0.00,"3,577,716.91",0.00,"4,386,961.23","-809,244.32","Molun Khola SHP , 7000 kW",082/83
78,20,,,,,,"Molun Khola SHP , 7000 kW",083/84
79,10,0.00,"585,143.84","400,000.00","760,000.00","225,143.84","Puwa Khola-1 , 4000 kW",074/75
79,11,"225,144.00","1,656,769.97","400,000.00","1,517,525.00","764,388.97","Puwa Khola-1 , 4000 kW",075/76
79,12,"764,388.98","1,259,903.99","400,000.00","1,410,579.50","1,013,713.47","Puwa Khola-1 , 4000 kW",076/77
79,14,"1,013,712.98","226,366.63","400,000.00","1,410,579.50","229,500.11","Puwa Khola-1 , 4000 kW",077/78
79,15,"229,500.11","1,485,463.16","400,000.00","1,840,390.15","274,573.12","Puwa Khola-1 , 4000 kW",078/79
79,16,"274,573.12","1,632,353.67","400,000.00","2,466,112.70","-159,185.91","Puwa Khola-1 , 4000 kW",079/80
79,17,"-159,185.91","1,230,796.34","400,000.00","1,281,818.54","189,791.89","Puwa Khola-1 , 4000 kW",080/81
79,18,"189,791.89","1,525,350.32","400,000.00","2,025,232.68","89,909.53","Puwa Khola-1 , 4000 kW",081/82
79,19,0.00,"441,932.57",0.00,"531,829.14","-89,896.57","Puwa Khola-1 , 4000 kW",082/83
79,20,,,,,,"Puwa Khola-1 , 4000 kW",083/84
8,1,0.00,"13,521,853.27","5,100,000.00","18,621,851.00",1.01,"Aandikhola HP , 9400 kW",066/67
8,10,"19,401,284.00","27,529,998.10","9,400,000.00","34,487,361.00","21,843,921.10","Aandikhola HP , 9400 kW",074/75
8,11,"21,843,921.00","28,773,284.10","9,400,000.00","36,186,646.00","23,830,559.10","Aandikhola HP , 9400 kW",075/76
8,12,"23,830,559.00","32,436,212.49","9,400,000.00","39,174,265.07","26,492,506.42","Aandikhola HP , 9400 kW",076/77
8,14,"26,492,506.00","25,890,775.74","9,400,000.00","43,874,603.00","17,908,678.74","Aandikhola HP , 9400 kW",077/78
8,15,"17,908,678.74","31,456,553.76","9,400,000.00","40,128,577.70","18,636,654.80","Aandikhola HP , 9400 kW",078/79
8,16,"18,636,654.80","30,744,372.60","9,400,000.00","35,331,974.31","23,449,053.09","Aandikhola HP , 9400 kW",079/80
8,17,"23,449,053.09","29,569,481.06","9,400,000.00","34,329,955.08","28,088,579.07","Aandikhola HP , 9400 kW",080/81
8,18,"28,088,579.07","31,176,138.59","9,400,000.00","36,221,092.12","32,443,625.54","Aandikhola HP , 9400 kW",081/82
8,19,0.00,"39,333,029.45",0.00,"44,672,702.71","-5,339,673.26","Aandikhola HP , 9400 kW",082/83
8,2,1.00,"13,487,135.87","5,100,000.00","18,587,136.00",0.87,"Aandikhola HP , 9400 kW",067/68
8,20,,,,,,"Aandikhola HP , 9400 kW",083/84
8,3,0.00,"14,227,684.41","5,100,000.00","19,562,128.00","-234,443.59","Aandikhola HP , 9400 kW",068/69
8,5,"-234,443.58","6,145,512.70","5,100,000.00","7,681,902.00","3,329,167.12","Aandikhola HP , 9400 kW",069/70
8,6,"3,329,167.12",0.00,"5,100,000.00",0.00,"8,429,167.12","Aandikhola HP , 9400 kW",070/71
8,7,"8,429,167.12","3,750,153.25","5,892,777.96",0.00,"18,072,122.33","Aandikhola HP , 9400 kW",071/72
8,8,"18,072,122.37","20,171,228.00","5,100,000.00","10,992,778.00","32,350,572.37","Aandikhola HP , 9400 kW",072/73
8,9,0.00,"28,421,768.00","9,400,000.00","38,190,934.00","-369,166.00","Aandikhola HP , 9400 kW",073/74
80,11,0.00,"17,699,139.60","6,000,000.00","23,695,160.00","3,979.60","Chameliya Khola , 30000 kW",075/76
80,12,"3,980.00","15,156,591.00","3,000,000.00","18,188,757.00","-28,186.00","Chameliya Khola , 30000 kW",076/77
80,14,"-28,186.00","16,403,552.80","3,000,000.00","19,549,326.83","-173,960.03","Chameliya Khola , 30000 kW",077/78
80,15,"-173,960.03","25,296,003.06","3,000,000.00","26,130,903.52","1,991,139.51","Chameliya Khola , 30000 kW",078/79
80,16,"1,991,139.51","14,568,661.49","3,000,000.00","19,622,703.12","-62,902.12","Chameliya Khola , 30000 kW",079/80
80,17,"-62,902.12","14,468,539.71","3,000,000.00","54,450,776.89","-37,045,139.30","Chameliya Khola , 30000 kW",080/81
80,18,"-37,045,139.30","13,978,111.30","3,000,000.00","17,785,168.87","-37,852,196.87","Chameliya Khola , 30000 kW",081/82
80,19,0.00,"14,191,942.63",0.00,"17,191,942.63","-3,000,000.00","Chameliya Khola , 30000 kW",082/83
80,20,,,,,,"Chameliya Khola , 30000 kW",083/84
81,10,"320,803.00","120,802.96","200,000.00",0.00,"641,605.96","Jhyari Khola , 2000 kW",074/75
81,11,"641,606.00","302,975.95","200,000.00","519,686.00","624,895.95","Jhyari Khola , 2000 kW",075/76
81,12,"624,896.00",0.00,"200,000.00","250,000.00","574,896.00","Jhyari Khola , 2000 kW",076/77
81,14,"574,896.00",0.00,"200,000.00",0.00,"774,896.00","Jhyari Khola , 2000 kW",077/78
81,15,"774,896.00",0.00,"200,000.00",0.00,"974,896.00","Jhyari Khola , 2000 kW",078/79
81,16,"974,896.00",0.00,"200,000.00",0.00,"1,174,896.00","Jhyari Khola , 2000 kW",079/80
81,17,"1,174,896.00",0.00,"200,000.00",0.00,"1,374,896.00","Jhyari Khola , 2000 kW",080/81
81,18,"1,374,896.00",0.00,"200,000.00",0.00,"1,574,896.00","Jhyari Khola , 2000 kW",081/82
81,19,,,,,,"Jhyari Khola , 2000 kW",082/83
81,20,,,,,,"Jhyari Khola , 2000 kW",083/84
81,9,0.00,"120,802.96","200,000.00",0.00,"320,802.96","Jhyari Khola , 2000 kW",073/74
82,10,0.00,"1,032,428.36","500,000.00",0.00,"1,532,428.36","Phawa khola , 5000 kW",074/75
82,11,"1,532,428.00","858,558.26","500,000.00","1,600,000.00","1,290,986.26","Phawa khola , 5000 kW",075/76
82,12,"1,290,986.25","2,714,912.26","500,000.00","2,736,489.00","1,769,409.51","Phawa khola , 5000 kW",076/77
82,14,"1,769,409.25","2,463,102.53","500,000.00","2,736,489.00","1,996,022.78","Phawa khola , 5000 kW",077/78
82,15,"1,996,022.78","2,851,806.42","500,000.00","4,661,933.25","685,895.95","Phawa khola , 5000 kW",078/79
82,16,"685,895.95","2,330,890.56","500,000.00","2,707,129.78","809,656.73","Phawa khola , 5000 kW",079/80
82,17,"809,656.73","2,186,072.10","500,000.00","2,911,176.52","584,552.31","Phawa khola , 5000 kW",080/81
82,18,"584,552.31","2,043,179.25","500,000.00","2,504,581.91","623,149.65","Phawa khola , 5000 kW",081/82
82,19,0.00,"1,473,301.83",0.00,"2,096,451.48","-623,149.65","Phawa khola , 5000 kW",082/83
82,20,,,,,,"Phawa khola , 5000 kW",083/84
83,10,0.00,"844,574.61","1,300,000.00",0.00,"2,144,574.61","Madkyu Khola , 13000 kW",074/75
83,11,"2,144,574.61","5,041,127.56","1,300,000.00","2,100,000.00","6,385,702.17","Madkyu Khola , 13000 kW",075/76
83,12,"5,096,546.97","7,798,612.40","1,300,000.00","1,300,000.00","12,895,159.37","Madkyu Khola , 13000 kW",076/77
83,14,"12,895,158.97","5,763,454.76","1,300,000.00","12,895,159.00","7,063,454.73","Madkyu Khola , 13000 kW",077/78
83,15,"7,063,454.73","3,478,741.17","1,300,000.00","10,402,007.14","1,440,188.76","Madkyu Khola , 13000 kW",078/79
83,16,"1,440,188.76","5,824,763.57","1,300,000.00","6,664,317.66","1,900,634.67","Madkyu Khola , 13000 kW",079/80
83,17,"1,900,634.67","6,033,600.18","1,300,000.00","7,712,639.03","1,521,595.82","Madkyu Khola , 13000 kW",080/81
83,18,"1,521,595.82","5,049,692.92","1,300,000.00","7,195,614.79","675,673.95","Madkyu Khola , 13000 kW",081/82
83,19,0.00,"6,271,158.84",0.00,"6,981,005.80","-709,846.96","Madkyu Khola , 13000 kW",082/83
83,20,,,,,,"Madkyu Khola , 13000 kW",083/84
84,10,0.00,"51,982.25","800,000.00",0.00,"851,982.25","Mai Sana Cascade HPP , 8000 kW",074/75
84,11,"851,982.25","1,654,417.09","800,000.00",0.00,"3,306,399.34","Mai Sana Cascade HPP , 8000 kW",075/76
84,12,"3,306,399.36","2,381,415.95","800,000.00","1,632,052.81","4,855,762.50","Mai Sana Cascade HPP , 8000 kW",076/77
84,14,"4,855,762.36","1,037,630.85","800,000.00","4,855,762.00","1,837,631.21","Mai Sana Cascade HPP , 8000 kW",077/78
84,15,"1,837,631.21","511,094.06","800,000.00","1,148,714.26","2,000,011.01","Mai Sana Cascade HPP , 8000 kW",078/79
84,16,"2,000,011.01","734,362.36","800,000.00","1,463,805.77","2,070,567.60","Mai Sana Cascade HPP , 8000 kW",079/80
84,17,"2,070,567.60","1,047,076.55","800,000.00","1,806,628.88","2,111,015.27","Mai Sana Cascade HPP , 8000 kW",080/81
84,18,"2,111,015.27","1,165,378.61","800,000.00","2,082,965.66","1,993,428.22","Mai Sana Cascade HPP , 8000 kW",081/82
84,19,0.00,"1,284,043.71",0.00,"2,477,471.93","-1,193,428.22","Mai Sana Cascade HPP , 8000 kW",082/83
84,20,,,,,,"Mai Sana Cascade HPP , 8000 kW",083/84
85,11,0.00,"312,009.54","150,000.00","150,000.00","312,009.54","Theule Khola HPP , 1500 kW",075/76
85,12,"312,009.55","516,773.47","150,000.00","150,000.00","828,783.02","Theule Khola HPP , 1500 kW",076/77
85,14,"828,782.55","357,569.46","150,000.00","828,783.00","507,569.01","Theule Khola HPP , 1500 kW",077/78
85,15,"507,569.01","570,629.19","150,000.00","1,031,361.62","196,836.58","Theule Khola HPP , 1500 kW",078/79
85,16,"196,836.58","524,191.16","150,000.00","704,281.92","166,745.82","Theule Khola HPP , 1500 kW",079/80
85,17,"166,745.82","515,701.99","150,000.00","681,335.40","151,112.41","Theule Khola HPP , 1500 kW",080/81
85,18,"151,112.41","513,383.42","150,000.00","486,611.82","327,884.01","Theule Khola HPP , 1500 kW",081/82
85,19,0.00,"551,161.49",0.00,"879,045.50","-327,884.01","Theule Khola HPP , 1500 kW",082/83
85,20,,,,,,"Theule Khola HPP , 1500 kW",083/84
86,11,0.00,"683,402.92","420,000.00","2,420,000.00","-1,316,597.08","Baramchi Khola HPP , 4200 kW",075/76
86,12,"-1,316,597.07","723,010.64","420,000.00",0.00,"-173,586.43","Baramchi Khola HPP , 4200 kW",076/77
86,14,"-173,586.07","2,681,124.25","420,000.00",0.00,"2,927,538.18","Baramchi Khola HPP , 4200 kW",077/78
86,15,"2,927,538.18","1,236,112.41","420,000.00","2,126,225.03","2,457,425.56","Baramchi Khola HPP , 4200 kW",078/79
86,16,"2,457,425.56","1,224,065.93","420,000.00","3,616,975.33","484,516.16","Baramchi Khola HPP , 4200 kW",079/80
86,17,"484,516.16","976,432.09","420,000.00","1,436,506.54","444,441.71","Baramchi Khola HPP , 4200 kW",080/81
86,18,"444,441.71","956,593.63","420,000.00","1,406,534.81","414,500.53","Baramchi Khola HPP , 4200 kW",081/82
86,19,0.00,"1,094,963.58",0.00,"1,509,434.30","-414,470.72","Baramchi Khola HPP , 4200 kW",082/83
86,20,,,,,,"Baramchi Khola HPP , 4200 kW",083/84
87,11,0.00,"1,675,741.58","780,000.00","1,598,661.00","857,080.58","Super Mai HPP , 7800 kW",075/76
87,12,"857,080.54","4,102,331.02","780,000.00","5,739,686.44",-274.88,"Super Mai HPP , 7800 kW",076/77
87,14,-315.46,"4,219,493.12","780,000.00","3,465,819.42","1,533,358.24","Super Mai HPP , 7800 kW",077/78
87,15,"1,533,358.24","4,864,180.62","780,000.00","6,802,394.50","375,144.36","Super Mai HPP , 7800 kW",078/79
87,16,"375,144.36","4,330,253.40","780,000.00","5,173,227.77","312,169.99","Super Mai HPP , 7800 kW",079/80
87,17,"312,169.99","4,391,196.77","780,000.00","5,252,483.66","230,883.10","Super Mai HPP , 7800 kW",080/81
87,18,"230,883.10","4,063,276.33","780,000.00","4,810,721.61","263,437.82","Super Mai HPP , 7800 kW",081/82
87,19,0.00,"3,219,537.89",0.00,"4,622,812.79","-1,403,274.90","Super Mai HPP , 7800 kW",082/83
87,20,,,,,,"Super Mai HPP , 7800 kW",083/84
88,11,0.00,"546,308.48","880,000.00",0.00,"1,426,308.48","Rudi A , 8800 kW",075/76
88,12,"1,426,308.48","4,629,948.85","880,000.00","6,306,132.16","630,125.17","Rudi A , 8800 kW",076/77
88,14,"630,125.48","2,367,771.56","880,000.00","3,444,857.22","433,039.82","Rudi A , 8800 kW",077/78
88,15,"433,039.82","4,816,375.39","880,000.00","5,856,161.55","273,253.66","Rudi A , 8800 kW",078/79
88,16,"273,253.66","4,722,814.84","880,000.00","5,530,878.63","345,189.87","Rudi A , 8800 kW",079/80
88,17,"345,189.87","4,415,344.11","880,000.00","5,558,774.99","81,758.99","Rudi A , 8800 kW",080/81
88,18,"81,758.99","4,610,353.14","880,000.00","5,360,203.53","211,908.60","Rudi A , 8800 kW",081/82
88,19,0.00,"5,041,027.25",0.00,"6,170,811.04","-1,129,783.79","Rudi A , 8800 kW",082/83
88,20,,,,,,"Rudi A , 8800 kW",083/84
89,11,0.00,"1,384,135.01","2,200,000.00","2,200,000.00","1,384,135.01","Bagmati Nadi , 32000 kW",075/76
89,12,"1,384,135.02","8,768,906.66","2,200,000.00","12,171,151.00","181,890.68","Bagmati Nadi , 32000 kW",076/77
89,14,"181,891.02","14,098,615.43","2,200,000.00","14,691,498.00","1,789,008.45","Bagmati Nadi , 32000 kW",077/78
89,15,"1,789,008.45","14,902,581.59","2,200,000.00","18,947,687.09","-56,097.05","Bagmati Nadi , 32000 kW",078/79
89,16,"-56,097.05","15,460,913.44","2,200,000.00","15,797,302.60","1,807,513.79","Bagmati Nadi , 32000 kW",079/80
89,17,"1,807,513.79","14,891,503.30","2,200,000.00","17,976,382.42","922,634.67","Bagmati Nadi , 32000 kW",080/81
89,18,"922,634.67","5,513,313.85","2,200,000.00","6,436,127.58","2,199,820.94","Bagmati Nadi , 32000 kW",081/82
89,19,0.00,"13,989,458.96",0.00,"15,800,253.30","-1,810,794.34","Bagmati Nadi , 32000 kW",082/83
89,20,,,,,,"Bagmati Nadi , 32000 kW",083/84
9,1,"71,489,163.00","48,048,447.50","6,000,000.00","66,668,352.00","58,869,258.50","Khimti I HP , 60000 kW",066/67
9,10,"371,481,524.00","403,359,957.81","60,000,000.00","174,209,875.00","660,631,606.81","Khimti I HP , 60000 kW",074/75
9,11,"660,456,016.00","441,303,719.07","60,000,000.00","947,366,375.00","214,393,360.07","Khimti I HP , 60000 kW",075/76
9,12,"211,950,169.00","499,363,220.20","60,000,000.00","537,235,733.00","234,077,656.20","Khimti I HP , 60000 kW",076/77
9,14,"234,077,656.00","67,717,164.00","60,000,000.00","339,804,618.33","21,990,201.67","Khimti I HP , 60000 kW",077/78
9,15,"21,990,201.67","80,657,250.00","60,000,000.00","140,657,250.00","21,990,201.67","Khimti I HP , 60000 kW",078/79
9,16,"21,990,201.67","79,045,462.00","60,000,000.00","96,456,604.00","64,579,059.67","Khimti I HP , 60000 kW",079/80
9,17,"64,579,059.67","73,784,964.00","60,000,000.00","141,204,750.00","57,159,273.67","Khimti I HP , 60000 kW",080/81
9,18,"57,159,273.67","77,642,846.00","60,000,000.00","147,651,058.00","47,151,061.67","Khimti I HP , 60000 kW",081/82
9,19,0.00,"61,167,410.00",0.00,"56,523,638.00","4,643,772.00","Khimti I HP , 60000 kW",082/83
9,2,"58,869,258.50","49,896,472.00","6,000,000.00","73,789,835.23","40,975,895.27","Khimti I HP , 60000 kW",067/68
9,20,,,,,,"Khimti I HP , 60000 kW",083/84
9,3,"40,975,997.07","56,293,742.26","6,000,000.00",0.00,"103,269,739.33","Khimti I HP , 60000 kW",068/69
9,5,"103,269,739.32","61,375,195.40","6,000,000.00","118,956,617.18","51,688,317.54","Khimti I HP , 60000 kW",069/70
9,6,"51,688,317.56","71,696,018.02","6,000,000.00","67,336,083.00","62,048,252.58","Khimti I HP , 60000 kW",070/71
9,7,"62,048,258.00","148,880,119.75","60,000,000.00","77,552,730.00","193,375,647.75","Khimti I HP , 60000 kW",071/72
9,8,"193,375,647.75","378,706,580.80","60,000,000.00","454,219,802.86","177,862,425.69","Khimti I HP , 60000 kW",072/73
9,9,"15,759,750.00","425,753,687.73",0.00,"292,134,507.00","149,378,930.73","Khimti I HP , 60000 kW",073/74
90,11,0.00,0.00,"333,000.00",0.00,"333,000.00","Kapadigad HPP , 3330 kW",075/76
90,12,"333,000.00","1,155,378.28","333,000.00",0.00,"1,821,378.28","Kapadigad HPP , 3330 kW",076/77
90,14,"1,821,378.00","1,709,162.37","333,000.00","1,821,378.00","2,042,162.37","Kapadigad HPP , 3330 kW",077/78
90,15,"2,042,162.37","2,001,826.00","333,000.00","3,918,114.05","458,874.32","Kapadigad HPP , 3330 kW",078/79
90,16,"458,874.32","1,910,313.08","333,000.00","2,232,081.80","470,105.60","Kapadigad HPP , 3330 kW",079/80
90,17,"470,105.60","1,411,995.10","333,000.00","1,892,784.76","322,315.94","Kapadigad HPP , 3330 kW",080/81
90,18,"322,315.94","1,408,579.41","333,000.00","1,646,621.13","417,274.22","Kapadigad HPP , 3330 kW",081/82
90,19,0.00,"1,342,633.11",0.00,"1,759,907.33","-417,274.22","Kapadigad HPP , 3330 kW",082/83
90,20,,,,,,"Kapadigad HPP , 3330 kW",083/84
91,11,0.00,"3,462.48","500,000.00",0.00,"503,462.48","Pikhuwa Khola , 5000 kW",075/76
91,12,"503,462.48","1,604,678.90","500,000.00",0.00,"2,608,141.38","Pikhuwa Khola , 5000 kW",076/77
91,14,"2,608,141.48","2,076,819.15","500,000.00","2,608,141.00","2,576,819.63","Pikhuwa Khola , 5000 kW",077/78
91,15,"2,576,819.63","2,328,197.35","500,000.00","5,413,449.82","-8,432.84","Pikhuwa Khola , 5000 kW",078/79
91,16,"-8,432.84","2,440,459.57","500,000.00","2,433,216.52","498,810.21","Pikhuwa Khola , 5000 kW",079/80
91,17,"498,810.21","2,234,393.94","500,000.00","2,789,499.83","443,704.32","Pikhuwa Khola , 5000 kW",080/81
91,18,"443,704.32","2,520,211.61","500,000.00","3,347,402.24","116,513.69","Pikhuwa Khola , 5000 kW",081/82
91,19,0.00,"2,670,307.61",0.00,"2,902,646.31","-232,338.70","Pikhuwa Khola , 5000 kW",082/83
91,20,,,,,,"Pikhuwa Khola , 5000 kW",083/84
92,12,0.00,0.00,"960,000.00",0.00,"960,000.00","Super Mai A  , 9600 kW",076/77
92,14,"960,000.00","4,495,161.97","960,000.00","4,638,233.30","1,776,928.67","Super Mai A  , 9600 kW",077/78
92,15,"1,776,928.67","5,341,305.71","960,000.00","7,713,064.49","365,169.89","Super Mai A  , 9600 kW",078/79
92,16,"365,169.89","5,085,316.70","960,000.00","5,049,876.02","1,360,610.57","Super Mai A  , 9600 kW",079/80
92,17,"1,360,610.57","5,054,384.37","960,000.00","6,211,583.11","1,163,411.83","Super Mai A  , 9600 kW",080/81
92,18,"1,163,411.83","4,711,057.26","960,000.00","5,603,723.88","1,230,745.21","Super Mai A  , 9600 kW",081/82
92,19,0.00,"4,199,004.35",0.00,"5,429,749.56","-1,230,745.21","Super Mai A  , 9600 kW",082/83
92,20,,,,,,"Super Mai A  , 9600 kW",083/84
93,12,0.00,"612,615.68","660,000.00","660,000.00","612,615.68","Rudi Khola-B , 6600 kW",076/77
93,14,"612,616.00","1,871,597.57","660,000.00","2,673,079.04","471,134.53","Rudi Khola-B , 6600 kW",077/78
93,15,"471,134.53","3,053,621.72","660,000.00","4,011,971.72","172,784.53","Rudi Khola-B , 6600 kW",078/79
93,16,"172,784.53","1,073,678.63","660,000.00","1,655,882.40","250,580.76","Rudi Khola-B , 6600 kW",079/80
93,17,"250,580.76","2,937,150.73","660,000.00","3,769,747.94","77,983.55","Rudi Khola-B , 6600 kW",080/81
93,18,"77,983.55","2,940,882.85","660,000.00","3,564,304.52","114,561.88","Rudi Khola-B , 6600 kW",081/82
93,19,0.00,"3,344,578.91",0.00,"4,239,764.82","-895,185.91","Rudi Khola-B , 6600 kW",082/83
93,20,,,,,,"Rudi Khola-B , 6600 kW",083/84
94,12,0.00,"407,924.79","750,000.00","750,000.00","407,924.79","Upper Khorunga HPP , 7500 kW",076/77
94,14,"407,925.00","1,382,222.05","750,000.00","1,157,924.79","1,382,222.26","Upper Khorunga HPP , 7500 kW",077/78
94,15,"1,382,222.26","2,588,293.09","750,000.00","3,745,781.79","974,733.56","Upper Khorunga HPP , 7500 kW",078/79
94,16,"974,733.56","2,477,276.60","750,000.00","2,456,190.96","1,745,819.20","Upper Khorunga HPP , 7500 kW",079/80
94,17,"1,745,819.20","2,536,099.37","750,000.00","4,210,681.33","821,237.24","Upper Khorunga HPP , 7500 kW",080/81
94,18,"821,237.24","3,087,267.53","750,000.00","3,752,760.38","905,744.39","Upper Khorunga HPP , 7500 kW",081/82
94,19,0.00,"3,118,053.50",0.00,"4,884,729.79","-1,766,676.29","Upper Khorunga HPP , 7500 kW",082/83
94,20,,,,,,"Upper Khorunga HPP , 7500 kW",083/84
95,12,0.00,0.00,"300,000.00",0.00,"300,000.00","Super Mai Khola Cascade HPP , 3000 kW",076/77
95,14,"300,000.00","2,742,398.36","300,000.00","1,267,763.03","2,074,635.33","Super Mai Khola Cascade HPP , 3000 kW",077/78
95,15,"2,074,635.33","1,389,296.92","300,000.00","3,641,700.26","122,231.99","Super Mai Khola Cascade HPP , 3000 kW",078/79
95,16,"122,231.99","1,474,768.04","300,000.00","1,496,016.18","400,983.85","Super Mai Khola Cascade HPP , 3000 kW",079/80
95,17,"400,983.85","1,395,038.57","300,000.00","1,419,416.24","676,606.18","Super Mai Khola Cascade HPP , 3000 kW",080/81
95,18,"676,606.18","1,289,101.36","300,000.00","1,882,329.16","383,378.38","Super Mai Khola Cascade HPP , 3000 kW",081/82
95,19,0.00,"659,136.14",0.00,"1,042,514.52","-383,378.38","Super Mai Khola Cascade HPP , 3000 kW",082/83
95,20,,,,,,"Super Mai Khola Cascade HPP , 3000 kW",083/84
96,12,0.00,"8,026,587.17","2,160,000.00",0.00,"10,186,587.17","Lower Hewa , 22100 kW",076/77
96,14,"10,186,587.00","10,310,544.38","2,210,000.00","10,186,587.00","12,520,544.38","Lower Hewa , 22100 kW",077/78
96,15,"12,520,544.38","12,116,220.62","2,210,000.00","20,814,950.52","6,031,814.48","Lower Hewa , 22100 kW",078/79
96,16,"6,031,814.48","11,133,656.54","2,210,000.00","16,472,531.98","2,902,939.04","Lower Hewa , 22100 kW",079/80
96,17,"2,902,939.04","7,697,409.40","2,210,000.00","7,811,175.28","4,999,173.16","Lower Hewa , 22100 kW",080/81
96,18,"4,999,173.16","9,054,426.94","2,210,000.00","13,629,316.77","2,634,283.33","Lower Hewa , 22100 kW",081/82
96,19,0.00,"7,312,160.14",0.00,"9,946,443.48","-2,634,283.34","Lower Hewa , 22100 kW",082/83
96,20,,,,,,"Lower Hewa , 22100 kW",083/84
97,12,0.00,"1,882,462.44","700,000.00",0.00,"2,582,462.44","Upper Mardi , 7000 kW",076/77
97,14,"2,582,462.00","2,528,597.43","700,000.00","3,352,138.00","2,458,921.43","Upper Mardi , 7000 kW",077/78
97,15,"2,458,921.43","3,716,854.70","700,000.00","5,965,598.60","910,177.53","Upper Mardi , 7000 kW",078/79
97,16,"910,177.53","3,397,258.07","700,000.00","3,985,083.26","1,022,352.34","Upper Mardi , 7000 kW",079/80
97,17,"1,022,352.34","3,089,279.27","700,000.00","3,951,927.67","859,703.94","Upper Mardi , 7000 kW",080/81
97,18,"859,703.94","3,223,935.11","700,000.00","3,972,580.43","811,058.62","Upper Mardi , 7000 kW",081/82
97,19,0.00,"2,930,140.40",0.00,"4,179,231.39","-1,249,090.99","Upper Mardi , 7000 kW",082/83
97,20,,,,,,"Upper Mardi , 7000 kW",083/84
98,12,0.00,"2,815,684.95","990,000.00",0.00,"3,805,684.95","Iwa Khola	 , 9900 kW",076/77
98,14,"3,805,685.00","4,665,805.57","990,000.00","3,805,685.00","5,655,805.57","Iwa Khola	 , 9900 kW",077/78
98,15,"5,655,805.57","5,555,298.77","990,000.00","10,655,296.37","1,545,807.97","Iwa Khola	 , 9900 kW",078/79
98,16,"1,545,807.97","3,644,348.29","990,000.00","5,462,396.83","717,759.43","Iwa Khola	 , 9900 kW",079/80
98,17,"717,759.43","249,067.10","990,000.00","677,602.00","1,279,224.53","Iwa Khola	 , 9900 kW",080/81
98,18,"1,279,224.53","4,257,590.06","990,000.00","6,128,599.48","398,215.11","Iwa Khola	 , 9900 kW",081/82
98,19,0.00,"4,215,645.90",0.00,"6,111,498.88","-1,895,852.98","Iwa Khola	 , 9900 kW",082/83
98,20,,,,,,"Iwa Khola	 , 9900 kW",083/84
99,12,0.00,"28,269,245.00","6,000,000.00","34,329,239.00","-59,994.00","Upper Trishuli 3A , 60000 kW",076/77
99,14,"-59,994.00","34,083,504.58","6,000,000.00","40,384,951.69","-361,441.11","Upper Trishuli 3A , 60000 kW",077/78
99,15,"-361,441.11","46,738,315.45","6,000,000.00","47,411,951.34","4,964,923.00","Upper Trishuli 3A , 60000 kW",078/79
99,16,"4,964,923.00","47,222,450.94","6,000,000.00","58,555,706.92","-368,332.98","Upper Trishuli 3A , 60000 kW",079/80
99,17,"-368,332.98","46,177,368.78","6,000,000.00","170,208,796.94","-118,399,761.14","Upper Trishuli 3A , 60000 kW",080/81
99,18,"-118,399,761.10","35,266,438.58","6,000,000.00","43,842,219.91","-120,975,542.43","Upper Trishuli 3A , 60000 kW",081/82
99,19,0.00,"41,202,210.51",0.00,"47,202,210.51","-6,000,000.00","Upper Trishuli 3A , 60000 kW",082/83
99,20,,,,,,"Upper Trishuli 3A , 60000 kW",083/84
